source_ticker,category,collected_at,title,summary,published,provider
SPY,investment,2026-05-05T07:50:39.941401,The Stock Market Is Doing Something for Only the 4th Time in 156 Years -- and History Is Very Clear About What Happens Next,Stock market indicators rarely get this extreme.,2026-05-04T20:20:00Z,Motley Fool
SPY,investment,2026-05-05T07:50:39.942416,3 Leveraged ETF Areas of April That Are Up At least 150%,"Leveraged ETFs tied to Intel, Bloom Energy and AAOI skyrocketed in April, riding AI demand, earnings strength and surging energy trends.",2026-05-04T16:00:00Z,Zacks
SPY,investment,2026-05-05T07:50:39.942416,"“If a 2% Market Move Makes You Question Your Retirement Plan, You Don’t Have One”","The host of Retire SMART Podcast Episode 405 offered a line that should sit on every pre-retiree’s refrigerator: “If the market moving 2% up or down in a single day makes you think you don’t have a good retirement plan, you don’t. I mean, that’s that simple.” The episode, titled Market Reactions Amidst Iran Conflict, ... “If a 2% Market Move Makes You Question Your Retirement Plan, You Don’t Have One”",2026-05-04T15:38:04Z,24/7 Wall St.
QQQ,investment,2026-05-05T07:50:40.079942,Can Nancy Pelosi’s Favorite AI Stock Hope to Regain Its Momentum?,"Investors are watching Tempus AI (NASDAQ:TEM) ahead of first-quarter results due after the close tomorrow. The stock burst into investor consciousness in January 2025 after Nancy Pelosi disclosed a position, ran past $100, and has since shed nearly half its value. From Pelosi Halo to Show-Me Story Pelosi’s market-beating track record has turned her trades ... Can Nancy Pelosi’s Favorite AI Stock Hope to Regain Its Momentum?",2026-05-04T18:56:13Z,24/7 Wall St.
QQQ,investment,2026-05-05T07:50:40.079942,AI Trade Sends Asian Tech Shares Up 4.7% To Record,Asian equities rallied near all-time highs as chipmakers surged and investors weighed AI momentum against oil and geopolitical risks.,2026-05-04T18:14:53Z,GuruFocus.com
QQQ,investment,2026-05-05T07:50:40.079942,Exchange-Traded Funds Lower as US Equities Drop After Midday,Broad Market Indicators Broad-market exchange-traded fund IWM and IVV fell. Actively traded In,2026-05-04T17:09:23Z,MT Newswires
VTI,investment,2026-05-05T07:50:40.220600,The Cheap Way to Own the Entire U.S. Stock Market Right Now,You don't have to overthink investing. Keep it simple.,2026-05-04T10:01:00Z,Motley Fool
VTI,investment,2026-05-05T07:50:40.221606,Tech ETFs Dominate as $11.4B Floods Into U.S. Equity Funds,"<p>Here are the daily ETF fund flows for April 30, 2026.</p>",2026-04-30T21:00:04Z,etf.com
VTI,investment,2026-05-05T07:50:40.221606,1 No-Brainer ETF to Buy Right Now for Less Than $500,"U.S. corporate earnings, valuation, and the market rotation away from tech stocks make this Vanguard ETF look like a winner.",2026-04-30T17:22:00Z,Motley Fool
ARKK,investment,2026-05-05T07:50:40.392060,"Cathie Wood Dumps $72 Million of AMD, Doubles Down on Alphabet and Meta",Cathie Wood's Latest Move Sparks Questions for Advanced Micro Devices Bulls,2026-05-04T17:21:08Z,GuruFocus.com
ARKK,investment,2026-05-05T07:50:40.392060,Cathie Wood buys $28.7 million of tumbling megacap stock,"Cathie Wood is doubling down on her buy-the-dip strategy. The Ark Invest chief just picked up shares of a megacap tech name that fell 9% after reporting results. In 2025, the flagship Ark Innovation ETF gained 35.49%, far outpacing the S&P 500’s return of 17.88% in the same period. But so ...",2026-05-04T00:03:00Z,TheStreet
ARKK,investment,2026-05-05T07:50:40.392060,Cathie Wood buys $40 million of beaten-down fintech stock,Most investors see a stock drop 13% after a bad earnings report and walk away. One of the most closely watched portfolio managers in the market saw the same setup and moved in the opposite direction. What Cathie Wood's ARK Invest did the very next morning is the kind of move that forces the market ...,2026-05-02T17:33:00Z,TheStreet
GLD,investment,2026-05-05T07:50:40.622988,Update: Gold Falls as the Dollar and Yields Climb,"(Updates prices.) Gold traded lower midafternoon Monday as the dollar and yields rose, forcing th",2026-05-04T18:00:08Z,MT Newswires
GLD,investment,2026-05-05T07:50:40.622988,"Gold Slides, 30-Year Yield Hits 5.1% as Rate Fears Take Over","The PHLX Gold/Silver Sector (^XAU) is under pressure Monday as precious metals pull back across the board. SPDR Gold Shares (NYSEARCA: GLD) ETF is down 1.3% to roughly $418, while iShares Silver Trust (NYSEARCA: SLV) ETF is off 2.3% near $67 as the market reassesses what the Strait of Hormuz disruption actually means for inflation, rates ... Gold Slides, 30-Year Yield Hits 5.1% as Rate Fears Take Over",2026-05-04T15:45:19Z,24/7 Wall St.
GLD,investment,2026-05-05T07:50:40.622988,"Gold Falls as the Dollar and Yields Climb, But Remains Rangebound","Gold traded lower early Monday as the dollar and yields rose, but the precious metal remains within",2026-05-04T13:06:01Z,MT Newswires
SPY,investment,2026-05-05T07:50:55.763079,The Stock Market Is Doing Something for Only the 4th Time in 156 Years -- and History Is Very Clear About What Happens Next,Stock market indicators rarely get this extreme.,2026-05-04T20:20:00Z,Motley Fool
SPY,investment,2026-05-05T07:50:55.763079,3 Leveraged ETF Areas of April That Are Up At least 150%,"Leveraged ETFs tied to Intel, Bloom Energy and AAOI skyrocketed in April, riding AI demand, earnings strength and surging energy trends.",2026-05-04T16:00:00Z,Zacks
SPY,investment,2026-05-05T07:50:55.763079,"“If a 2% Market Move Makes You Question Your Retirement Plan, You Don’t Have One”","The host of Retire SMART Podcast Episode 405 offered a line that should sit on every pre-retiree’s refrigerator: “If the market moving 2% up or down in a single day makes you think you don’t have a good retirement plan, you don’t. I mean, that’s that simple.” The episode, titled Market Reactions Amidst Iran Conflict, ... “If a 2% Market Move Makes You Question Your Retirement Plan, You Don’t Have One”",2026-05-04T15:38:04Z,24/7 Wall St.
QQQ,investment,2026-05-05T07:50:55.900340,Can Nancy Pelosi’s Favorite AI Stock Hope to Regain Its Momentum?,"Investors are watching Tempus AI (NASDAQ:TEM) ahead of first-quarter results due after the close tomorrow. The stock burst into investor consciousness in January 2025 after Nancy Pelosi disclosed a position, ran past $100, and has since shed nearly half its value. From Pelosi Halo to Show-Me Story Pelosi’s market-beating track record has turned her trades ... Can Nancy Pelosi’s Favorite AI Stock Hope to Regain Its Momentum?",2026-05-04T18:56:13Z,24/7 Wall St.
QQQ,investment,2026-05-05T07:50:55.900340,AI Trade Sends Asian Tech Shares Up 4.7% To Record,Asian equities rallied near all-time highs as chipmakers surged and investors weighed AI momentum against oil and geopolitical risks.,2026-05-04T18:14:53Z,GuruFocus.com
QQQ,investment,2026-05-05T07:50:55.900340,Exchange-Traded Funds Lower as US Equities Drop After Midday,Broad Market Indicators Broad-market exchange-traded fund IWM and IVV fell. Actively traded In,2026-05-04T17:09:23Z,MT Newswires
VTI,investment,2026-05-05T07:50:56.038826,The Cheap Way to Own the Entire U.S. Stock Market Right Now,You don't have to overthink investing. Keep it simple.,2026-05-04T10:01:00Z,Motley Fool
VTI,investment,2026-05-05T07:50:56.038826,Tech ETFs Dominate as $11.4B Floods Into U.S. Equity Funds,"<p>Here are the daily ETF fund flows for April 30, 2026.</p>",2026-04-30T21:00:04Z,etf.com
VTI,investment,2026-05-05T07:50:56.038826,1 No-Brainer ETF to Buy Right Now for Less Than $500,"U.S. corporate earnings, valuation, and the market rotation away from tech stocks make this Vanguard ETF look like a winner.",2026-04-30T17:22:00Z,Motley Fool
ARKK,investment,2026-05-05T07:50:56.196571,"Cathie Wood Dumps $72 Million of AMD, Doubles Down on Alphabet and Meta",Cathie Wood's Latest Move Sparks Questions for Advanced Micro Devices Bulls,2026-05-04T17:21:08Z,GuruFocus.com
ARKK,investment,2026-05-05T07:50:56.196571,Cathie Wood buys $28.7 million of tumbling megacap stock,"Cathie Wood is doubling down on her buy-the-dip strategy. The Ark Invest chief just picked up shares of a megacap tech name that fell 9% after reporting results. In 2025, the flagship Ark Innovation ETF gained 35.49%, far outpacing the S&P 500’s return of 17.88% in the same period. But so ...",2026-05-04T00:03:00Z,TheStreet
ARKK,investment,2026-05-05T07:50:56.196571,Cathie Wood buys $40 million of beaten-down fintech stock,Most investors see a stock drop 13% after a bad earnings report and walk away. One of the most closely watched portfolio managers in the market saw the same setup and moved in the opposite direction. What Cathie Wood's ARK Invest did the very next morning is the kind of move that forces the market ...,2026-05-02T17:33:00Z,TheStreet
GLD,investment,2026-05-05T07:50:56.356755,Update: Gold Falls as the Dollar and Yields Climb,"(Updates prices.) Gold traded lower midafternoon Monday as the dollar and yields rose, forcing th",2026-05-04T18:00:08Z,MT Newswires
GLD,investment,2026-05-05T07:50:56.356755,"Gold Slides, 30-Year Yield Hits 5.1% as Rate Fears Take Over","The PHLX Gold/Silver Sector (^XAU) is under pressure Monday as precious metals pull back across the board. SPDR Gold Shares (NYSEARCA: GLD) ETF is down 1.3% to roughly $418, while iShares Silver Trust (NYSEARCA: SLV) ETF is off 2.3% near $67 as the market reassesses what the Strait of Hormuz disruption actually means for inflation, rates ... Gold Slides, 30-Year Yield Hits 5.1% as Rate Fears Take Over",2026-05-04T15:45:19Z,24/7 Wall St.
GLD,investment,2026-05-05T07:50:56.356755,"Gold Falls as the Dollar and Yields Climb, But Remains Rangebound","Gold traded lower early Monday as the dollar and yields rose, but the precious metal remains within",2026-05-04T13:06:01Z,MT Newswires
SPY,investment,2026-05-05T07:51:13.241651,The Stock Market Is Doing Something for Only the 4th Time in 156 Years -- and History Is Very Clear About What Happens Next,Stock market indicators rarely get this extreme.,2026-05-04T20:20:00Z,Motley Fool
SPY,investment,2026-05-05T07:51:13.241651,3 Leveraged ETF Areas of April That Are Up At least 150%,"Leveraged ETFs tied to Intel, Bloom Energy and AAOI skyrocketed in April, riding AI demand, earnings strength and surging energy trends.",2026-05-04T16:00:00Z,Zacks
SPY,investment,2026-05-05T07:51:13.241651,"“If a 2% Market Move Makes You Question Your Retirement Plan, You Don’t Have One”","The host of Retire SMART Podcast Episode 405 offered a line that should sit on every pre-retiree’s refrigerator: “If the market moving 2% up or down in a single day makes you think you don’t have a good retirement plan, you don’t. I mean, that’s that simple.” The episode, titled Market Reactions Amidst Iran Conflict, ... “If a 2% Market Move Makes You Question Your Retirement Plan, You Don’t Have One”",2026-05-04T15:38:04Z,24/7 Wall St.
QQQ,investment,2026-05-05T07:51:13.518744,Can Nancy Pelosi’s Favorite AI Stock Hope to Regain Its Momentum?,"Investors are watching Tempus AI (NASDAQ:TEM) ahead of first-quarter results due after the close tomorrow. The stock burst into investor consciousness in January 2025 after Nancy Pelosi disclosed a position, ran past $100, and has since shed nearly half its value. From Pelosi Halo to Show-Me Story Pelosi’s market-beating track record has turned her trades ... Can Nancy Pelosi’s Favorite AI Stock Hope to Regain Its Momentum?",2026-05-04T18:56:13Z,24/7 Wall St.
QQQ,investment,2026-05-05T07:51:13.518744,AI Trade Sends Asian Tech Shares Up 4.7% To Record,Asian equities rallied near all-time highs as chipmakers surged and investors weighed AI momentum against oil and geopolitical risks.,2026-05-04T18:14:53Z,GuruFocus.com
QQQ,investment,2026-05-05T07:51:13.518744,Exchange-Traded Funds Lower as US Equities Drop After Midday,Broad Market Indicators Broad-market exchange-traded fund IWM and IVV fell. Actively traded In,2026-05-04T17:09:23Z,MT Newswires
VTI,investment,2026-05-05T07:51:13.768536,The Cheap Way to Own the Entire U.S. Stock Market Right Now,You don't have to overthink investing. Keep it simple.,2026-05-04T10:01:00Z,Motley Fool
VTI,investment,2026-05-05T07:51:13.768536,Tech ETFs Dominate as $11.4B Floods Into U.S. Equity Funds,"<p>Here are the daily ETF fund flows for April 30, 2026.</p>",2026-04-30T21:00:04Z,etf.com
VTI,investment,2026-05-05T07:51:13.768536,1 No-Brainer ETF to Buy Right Now for Less Than $500,"U.S. corporate earnings, valuation, and the market rotation away from tech stocks make this Vanguard ETF look like a winner.",2026-04-30T17:22:00Z,Motley Fool
ARKK,investment,2026-05-05T07:51:14.004009,"Cathie Wood Dumps $72 Million of AMD, Doubles Down on Alphabet and Meta",Cathie Wood's Latest Move Sparks Questions for Advanced Micro Devices Bulls,2026-05-04T17:21:08Z,GuruFocus.com
ARKK,investment,2026-05-05T07:51:14.004009,Cathie Wood buys $28.7 million of tumbling megacap stock,"Cathie Wood is doubling down on her buy-the-dip strategy. The Ark Invest chief just picked up shares of a megacap tech name that fell 9% after reporting results. In 2025, the flagship Ark Innovation ETF gained 35.49%, far outpacing the S&P 500’s return of 17.88% in the same period. But so ...",2026-05-04T00:03:00Z,TheStreet
ARKK,investment,2026-05-05T07:51:14.004009,Cathie Wood buys $40 million of beaten-down fintech stock,Most investors see a stock drop 13% after a bad earnings report and walk away. One of the most closely watched portfolio managers in the market saw the same setup and moved in the opposite direction. What Cathie Wood's ARK Invest did the very next morning is the kind of move that forces the market ...,2026-05-02T17:33:00Z,TheStreet
GLD,investment,2026-05-05T07:51:14.262994,Update: Gold Falls as the Dollar and Yields Climb,"(Updates prices.) Gold traded lower midafternoon Monday as the dollar and yields rose, forcing th",2026-05-04T18:00:08Z,MT Newswires
GLD,investment,2026-05-05T07:51:14.262994,"Gold Slides, 30-Year Yield Hits 5.1% as Rate Fears Take Over","The PHLX Gold/Silver Sector (^XAU) is under pressure Monday as precious metals pull back across the board. SPDR Gold Shares (NYSEARCA: GLD) ETF is down 1.3% to roughly $418, while iShares Silver Trust (NYSEARCA: SLV) ETF is off 2.3% near $67 as the market reassesses what the Strait of Hormuz disruption actually means for inflation, rates ... Gold Slides, 30-Year Yield Hits 5.1% as Rate Fears Take Over",2026-05-04T15:45:19Z,24/7 Wall St.
GLD,investment,2026-05-05T07:51:14.262994,"Gold Falls as the Dollar and Yields Climb, But Remains Rangebound","Gold traded lower early Monday as the dollar and yields rose, but the precious metal remains within",2026-05-04T13:06:01Z,MT Newswires
SPY,investment,2026-05-05T07:51:27.182941,The Stock Market Is Doing Something for Only the 4th Time in 156 Years -- and History Is Very Clear About What Happens Next,Stock market indicators rarely get this extreme.,2026-05-04T20:20:00Z,Motley Fool
SPY,investment,2026-05-05T07:51:27.182941,3 Leveraged ETF Areas of April That Are Up At least 150%,"Leveraged ETFs tied to Intel, Bloom Energy and AAOI skyrocketed in April, riding AI demand, earnings strength and surging energy trends.",2026-05-04T16:00:00Z,Zacks
SPY,investment,2026-05-05T07:51:27.182941,"“If a 2% Market Move Makes You Question Your Retirement Plan, You Don’t Have One”","The host of Retire SMART Podcast Episode 405 offered a line that should sit on every pre-retiree’s refrigerator: “If the market moving 2% up or down in a single day makes you think you don’t have a good retirement plan, you don’t. I mean, that’s that simple.” The episode, titled Market Reactions Amidst Iran Conflict, ... “If a 2% Market Move Makes You Question Your Retirement Plan, You Don’t Have One”",2026-05-04T15:38:04Z,24/7 Wall St.
QQQ,investment,2026-05-05T07:51:27.312546,Can Nancy Pelosi’s Favorite AI Stock Hope to Regain Its Momentum?,"Investors are watching Tempus AI (NASDAQ:TEM) ahead of first-quarter results due after the close tomorrow. The stock burst into investor consciousness in January 2025 after Nancy Pelosi disclosed a position, ran past $100, and has since shed nearly half its value. From Pelosi Halo to Show-Me Story Pelosi’s market-beating track record has turned her trades ... Can Nancy Pelosi’s Favorite AI Stock Hope to Regain Its Momentum?",2026-05-04T18:56:13Z,24/7 Wall St.
QQQ,investment,2026-05-05T07:51:27.312546,AI Trade Sends Asian Tech Shares Up 4.7% To Record,Asian equities rallied near all-time highs as chipmakers surged and investors weighed AI momentum against oil and geopolitical risks.,2026-05-04T18:14:53Z,GuruFocus.com
QQQ,investment,2026-05-05T07:51:27.312546,Exchange-Traded Funds Lower as US Equities Drop After Midday,Broad Market Indicators Broad-market exchange-traded fund IWM and IVV fell. Actively traded In,2026-05-04T17:09:23Z,MT Newswires
VTI,investment,2026-05-05T07:51:27.530690,The Cheap Way to Own the Entire U.S. Stock Market Right Now,You don't have to overthink investing. Keep it simple.,2026-05-04T10:01:00Z,Motley Fool
VTI,investment,2026-05-05T07:51:27.530690,Tech ETFs Dominate as $11.4B Floods Into U.S. Equity Funds,"<p>Here are the daily ETF fund flows for April 30, 2026.</p>",2026-04-30T21:00:04Z,etf.com
VTI,investment,2026-05-05T07:51:27.530690,1 No-Brainer ETF to Buy Right Now for Less Than $500,"U.S. corporate earnings, valuation, and the market rotation away from tech stocks make this Vanguard ETF look like a winner.",2026-04-30T17:22:00Z,Motley Fool
ARKK,investment,2026-05-05T07:51:27.676500,"Cathie Wood Dumps $72 Million of AMD, Doubles Down on Alphabet and Meta",Cathie Wood's Latest Move Sparks Questions for Advanced Micro Devices Bulls,2026-05-04T17:21:08Z,GuruFocus.com
ARKK,investment,2026-05-05T07:51:27.676500,Cathie Wood buys $28.7 million of tumbling megacap stock,"Cathie Wood is doubling down on her buy-the-dip strategy. The Ark Invest chief just picked up shares of a megacap tech name that fell 9% after reporting results. In 2025, the flagship Ark Innovation ETF gained 35.49%, far outpacing the S&P 500’s return of 17.88% in the same period. But so ...",2026-05-04T00:03:00Z,TheStreet
ARKK,investment,2026-05-05T07:51:27.676500,Cathie Wood buys $40 million of beaten-down fintech stock,Most investors see a stock drop 13% after a bad earnings report and walk away. One of the most closely watched portfolio managers in the market saw the same setup and moved in the opposite direction. What Cathie Wood's ARK Invest did the very next morning is the kind of move that forces the market ...,2026-05-02T17:33:00Z,TheStreet
GLD,investment,2026-05-05T07:51:27.826343,Update: Gold Falls as the Dollar and Yields Climb,"(Updates prices.) Gold traded lower midafternoon Monday as the dollar and yields rose, forcing th",2026-05-04T18:00:08Z,MT Newswires
GLD,investment,2026-05-05T07:51:27.826343,"Gold Slides, 30-Year Yield Hits 5.1% as Rate Fears Take Over","The PHLX Gold/Silver Sector (^XAU) is under pressure Monday as precious metals pull back across the board. SPDR Gold Shares (NYSEARCA: GLD) ETF is down 1.3% to roughly $418, while iShares Silver Trust (NYSEARCA: SLV) ETF is off 2.3% near $67 as the market reassesses what the Strait of Hormuz disruption actually means for inflation, rates ... Gold Slides, 30-Year Yield Hits 5.1% as Rate Fears Take Over",2026-05-04T15:45:19Z,24/7 Wall St.
GLD,investment,2026-05-05T07:51:27.826343,"Gold Falls as the Dollar and Yields Climb, But Remains Rangebound","Gold traded lower early Monday as the dollar and yields rose, but the precious metal remains within",2026-05-04T13:06:01Z,MT Newswires
SPY,investment,2026-05-05T07:51:41.902074,The Stock Market Is Doing Something for Only the 4th Time in 156 Years -- and History Is Very Clear About What Happens Next,Stock market indicators rarely get this extreme.,2026-05-04T20:20:00Z,Motley Fool
SPY,investment,2026-05-05T07:51:41.902074,3 Leveraged ETF Areas of April That Are Up At least 150%,"Leveraged ETFs tied to Intel, Bloom Energy and AAOI skyrocketed in April, riding AI demand, earnings strength and surging energy trends.",2026-05-04T16:00:00Z,Zacks
SPY,investment,2026-05-05T07:51:41.902074,"“If a 2% Market Move Makes You Question Your Retirement Plan, You Don’t Have One”","The host of Retire SMART Podcast Episode 405 offered a line that should sit on every pre-retiree’s refrigerator: “If the market moving 2% up or down in a single day makes you think you don’t have a good retirement plan, you don’t. I mean, that’s that simple.” The episode, titled Market Reactions Amidst Iran Conflict, ... “If a 2% Market Move Makes You Question Your Retirement Plan, You Don’t Have One”",2026-05-04T15:38:04Z,24/7 Wall St.
QQQ,investment,2026-05-05T07:51:42.096248,Can Nancy Pelosi’s Favorite AI Stock Hope to Regain Its Momentum?,"Investors are watching Tempus AI (NASDAQ:TEM) ahead of first-quarter results due after the close tomorrow. The stock burst into investor consciousness in January 2025 after Nancy Pelosi disclosed a position, ran past $100, and has since shed nearly half its value. From Pelosi Halo to Show-Me Story Pelosi’s market-beating track record has turned her trades ... Can Nancy Pelosi’s Favorite AI Stock Hope to Regain Its Momentum?",2026-05-04T18:56:13Z,24/7 Wall St.
QQQ,investment,2026-05-05T07:51:42.096248,AI Trade Sends Asian Tech Shares Up 4.7% To Record,Asian equities rallied near all-time highs as chipmakers surged and investors weighed AI momentum against oil and geopolitical risks.,2026-05-04T18:14:53Z,GuruFocus.com
QQQ,investment,2026-05-05T07:51:42.096248,Exchange-Traded Funds Lower as US Equities Drop After Midday,Broad Market Indicators Broad-market exchange-traded fund IWM and IVV fell. Actively traded In,2026-05-04T17:09:23Z,MT Newswires
VTI,investment,2026-05-05T07:51:42.267018,The Cheap Way to Own the Entire U.S. Stock Market Right Now,You don't have to overthink investing. Keep it simple.,2026-05-04T10:01:00Z,Motley Fool
VTI,investment,2026-05-05T07:51:42.267018,Tech ETFs Dominate as $11.4B Floods Into U.S. Equity Funds,"<p>Here are the daily ETF fund flows for April 30, 2026.</p>",2026-04-30T21:00:04Z,etf.com
VTI,investment,2026-05-05T07:51:42.267018,1 No-Brainer ETF to Buy Right Now for Less Than $500,"U.S. corporate earnings, valuation, and the market rotation away from tech stocks make this Vanguard ETF look like a winner.",2026-04-30T17:22:00Z,Motley Fool
ARKK,investment,2026-05-05T07:51:42.498661,"Cathie Wood Dumps $72 Million of AMD, Doubles Down on Alphabet and Meta",Cathie Wood's Latest Move Sparks Questions for Advanced Micro Devices Bulls,2026-05-04T17:21:08Z,GuruFocus.com
ARKK,investment,2026-05-05T07:51:42.498661,Cathie Wood buys $28.7 million of tumbling megacap stock,"Cathie Wood is doubling down on her buy-the-dip strategy. The Ark Invest chief just picked up shares of a megacap tech name that fell 9% after reporting results. In 2025, the flagship Ark Innovation ETF gained 35.49%, far outpacing the S&P 500’s return of 17.88% in the same period. But so ...",2026-05-04T00:03:00Z,TheStreet
ARKK,investment,2026-05-05T07:51:42.498661,Cathie Wood buys $40 million of beaten-down fintech stock,Most investors see a stock drop 13% after a bad earnings report and walk away. One of the most closely watched portfolio managers in the market saw the same setup and moved in the opposite direction. What Cathie Wood's ARK Invest did the very next morning is the kind of move that forces the market ...,2026-05-02T17:33:00Z,TheStreet
GLD,investment,2026-05-05T07:51:42.709456,Update: Gold Falls as the Dollar and Yields Climb,"(Updates prices.) Gold traded lower midafternoon Monday as the dollar and yields rose, forcing th",2026-05-04T18:00:08Z,MT Newswires
GLD,investment,2026-05-05T07:51:42.709456,"Gold Slides, 30-Year Yield Hits 5.1% as Rate Fears Take Over","The PHLX Gold/Silver Sector (^XAU) is under pressure Monday as precious metals pull back across the board. SPDR Gold Shares (NYSEARCA: GLD) ETF is down 1.3% to roughly $418, while iShares Silver Trust (NYSEARCA: SLV) ETF is off 2.3% near $67 as the market reassesses what the Strait of Hormuz disruption actually means for inflation, rates ... Gold Slides, 30-Year Yield Hits 5.1% as Rate Fears Take Over",2026-05-04T15:45:19Z,24/7 Wall St.
GLD,investment,2026-05-05T07:51:42.709456,"Gold Falls as the Dollar and Yields Climb, But Remains Rangebound","Gold traded lower early Monday as the dollar and yields rose, but the precious metal remains within",2026-05-04T13:06:01Z,MT Newswires
SPY,investment,2026-05-05T07:51:54.989822,The Stock Market Is Doing Something for Only the 4th Time in 156 Years -- and History Is Very Clear About What Happens Next,Stock market indicators rarely get this extreme.,2026-05-04T20:20:00Z,Motley Fool
SPY,investment,2026-05-05T07:51:54.989822,3 Leveraged ETF Areas of April That Are Up At least 150%,"Leveraged ETFs tied to Intel, Bloom Energy and AAOI skyrocketed in April, riding AI demand, earnings strength and surging energy trends.",2026-05-04T16:00:00Z,Zacks
SPY,investment,2026-05-05T07:51:54.989822,"“If a 2% Market Move Makes You Question Your Retirement Plan, You Don’t Have One”","The host of Retire SMART Podcast Episode 405 offered a line that should sit on every pre-retiree’s refrigerator: “If the market moving 2% up or down in a single day makes you think you don’t have a good retirement plan, you don’t. I mean, that’s that simple.” The episode, titled Market Reactions Amidst Iran Conflict, ... “If a 2% Market Move Makes You Question Your Retirement Plan, You Don’t Have One”",2026-05-04T15:38:04Z,24/7 Wall St.
QQQ,investment,2026-05-05T07:51:55.135828,Can Nancy Pelosi’s Favorite AI Stock Hope to Regain Its Momentum?,"Investors are watching Tempus AI (NASDAQ:TEM) ahead of first-quarter results due after the close tomorrow. The stock burst into investor consciousness in January 2025 after Nancy Pelosi disclosed a position, ran past $100, and has since shed nearly half its value. From Pelosi Halo to Show-Me Story Pelosi’s market-beating track record has turned her trades ... Can Nancy Pelosi’s Favorite AI Stock Hope to Regain Its Momentum?",2026-05-04T18:56:13Z,24/7 Wall St.
QQQ,investment,2026-05-05T07:51:55.135828,AI Trade Sends Asian Tech Shares Up 4.7% To Record,Asian equities rallied near all-time highs as chipmakers surged and investors weighed AI momentum against oil and geopolitical risks.,2026-05-04T18:14:53Z,GuruFocus.com
QQQ,investment,2026-05-05T07:51:55.135828,Exchange-Traded Funds Lower as US Equities Drop After Midday,Broad Market Indicators Broad-market exchange-traded fund IWM and IVV fell. Actively traded In,2026-05-04T17:09:23Z,MT Newswires
VTI,investment,2026-05-05T07:51:55.261537,The Cheap Way to Own the Entire U.S. Stock Market Right Now,You don't have to overthink investing. Keep it simple.,2026-05-04T10:01:00Z,Motley Fool
VTI,investment,2026-05-05T07:51:55.261537,Tech ETFs Dominate as $11.4B Floods Into U.S. Equity Funds,"<p>Here are the daily ETF fund flows for April 30, 2026.</p>",2026-04-30T21:00:04Z,etf.com
VTI,investment,2026-05-05T07:51:55.261537,1 No-Brainer ETF to Buy Right Now for Less Than $500,"U.S. corporate earnings, valuation, and the market rotation away from tech stocks make this Vanguard ETF look like a winner.",2026-04-30T17:22:00Z,Motley Fool
ARKK,investment,2026-05-05T07:51:55.405250,"Cathie Wood Dumps $72 Million of AMD, Doubles Down on Alphabet and Meta",Cathie Wood's Latest Move Sparks Questions for Advanced Micro Devices Bulls,2026-05-04T17:21:08Z,GuruFocus.com
ARKK,investment,2026-05-05T07:51:55.405758,Cathie Wood buys $28.7 million of tumbling megacap stock,"Cathie Wood is doubling down on her buy-the-dip strategy. The Ark Invest chief just picked up shares of a megacap tech name that fell 9% after reporting results. In 2025, the flagship Ark Innovation ETF gained 35.49%, far outpacing the S&P 500’s return of 17.88% in the same period. But so ...",2026-05-04T00:03:00Z,TheStreet
ARKK,investment,2026-05-05T07:51:55.405758,Cathie Wood buys $40 million of beaten-down fintech stock,Most investors see a stock drop 13% after a bad earnings report and walk away. One of the most closely watched portfolio managers in the market saw the same setup and moved in the opposite direction. What Cathie Wood's ARK Invest did the very next morning is the kind of move that forces the market ...,2026-05-02T17:33:00Z,TheStreet
GLD,investment,2026-05-05T07:51:55.576495,Update: Gold Falls as the Dollar and Yields Climb,"(Updates prices.) Gold traded lower midafternoon Monday as the dollar and yields rose, forcing th",2026-05-04T18:00:08Z,MT Newswires
GLD,investment,2026-05-05T07:51:55.576495,"Gold Slides, 30-Year Yield Hits 5.1% as Rate Fears Take Over","The PHLX Gold/Silver Sector (^XAU) is under pressure Monday as precious metals pull back across the board. SPDR Gold Shares (NYSEARCA: GLD) ETF is down 1.3% to roughly $418, while iShares Silver Trust (NYSEARCA: SLV) ETF is off 2.3% near $67 as the market reassesses what the Strait of Hormuz disruption actually means for inflation, rates ... Gold Slides, 30-Year Yield Hits 5.1% as Rate Fears Take Over",2026-05-04T15:45:19Z,24/7 Wall St.
GLD,investment,2026-05-05T07:51:55.576495,"Gold Falls as the Dollar and Yields Climb, But Remains Rangebound","Gold traded lower early Monday as the dollar and yields rose, but the precious metal remains within",2026-05-04T13:06:01Z,MT Newswires
SPY,investment,2026-05-05T07:52:08.044739,The Stock Market Is Doing Something for Only the 4th Time in 156 Years -- and History Is Very Clear About What Happens Next,Stock market indicators rarely get this extreme.,2026-05-04T20:20:00Z,Motley Fool
SPY,investment,2026-05-05T07:52:08.044739,3 Leveraged ETF Areas of April That Are Up At least 150%,"Leveraged ETFs tied to Intel, Bloom Energy and AAOI skyrocketed in April, riding AI demand, earnings strength and surging energy trends.",2026-05-04T16:00:00Z,Zacks
SPY,investment,2026-05-05T07:52:08.044739,"“If a 2% Market Move Makes You Question Your Retirement Plan, You Don’t Have One”","The host of Retire SMART Podcast Episode 405 offered a line that should sit on every pre-retiree’s refrigerator: “If the market moving 2% up or down in a single day makes you think you don’t have a good retirement plan, you don’t. I mean, that’s that simple.” The episode, titled Market Reactions Amidst Iran Conflict, ... “If a 2% Market Move Makes You Question Your Retirement Plan, You Don’t Have One”",2026-05-04T15:38:04Z,24/7 Wall St.
QQQ,investment,2026-05-05T07:52:08.192707,Can Nancy Pelosi’s Favorite AI Stock Hope to Regain Its Momentum?,"Investors are watching Tempus AI (NASDAQ:TEM) ahead of first-quarter results due after the close tomorrow. The stock burst into investor consciousness in January 2025 after Nancy Pelosi disclosed a position, ran past $100, and has since shed nearly half its value. From Pelosi Halo to Show-Me Story Pelosi’s market-beating track record has turned her trades ... Can Nancy Pelosi’s Favorite AI Stock Hope to Regain Its Momentum?",2026-05-04T18:56:13Z,24/7 Wall St.
QQQ,investment,2026-05-05T07:52:08.192707,AI Trade Sends Asian Tech Shares Up 4.7% To Record,Asian equities rallied near all-time highs as chipmakers surged and investors weighed AI momentum against oil and geopolitical risks.,2026-05-04T18:14:53Z,GuruFocus.com
QQQ,investment,2026-05-05T07:52:08.192707,Exchange-Traded Funds Lower as US Equities Drop After Midday,Broad Market Indicators Broad-market exchange-traded fund IWM and IVV fell. Actively traded In,2026-05-04T17:09:23Z,MT Newswires
VTI,investment,2026-05-05T07:52:08.375369,The Cheap Way to Own the Entire U.S. Stock Market Right Now,You don't have to overthink investing. Keep it simple.,2026-05-04T10:01:00Z,Motley Fool
VTI,investment,2026-05-05T07:52:08.375369,Tech ETFs Dominate as $11.4B Floods Into U.S. Equity Funds,"<p>Here are the daily ETF fund flows for April 30, 2026.</p>",2026-04-30T21:00:04Z,etf.com
VTI,investment,2026-05-05T07:52:08.375369,1 No-Brainer ETF to Buy Right Now for Less Than $500,"U.S. corporate earnings, valuation, and the market rotation away from tech stocks make this Vanguard ETF look like a winner.",2026-04-30T17:22:00Z,Motley Fool
ARKK,investment,2026-05-05T07:52:08.498111,"Cathie Wood Dumps $72 Million of AMD, Doubles Down on Alphabet and Meta",Cathie Wood's Latest Move Sparks Questions for Advanced Micro Devices Bulls,2026-05-04T17:21:08Z,GuruFocus.com
ARKK,investment,2026-05-05T07:52:08.498111,Cathie Wood buys $28.7 million of tumbling megacap stock,"Cathie Wood is doubling down on her buy-the-dip strategy. The Ark Invest chief just picked up shares of a megacap tech name that fell 9% after reporting results. In 2025, the flagship Ark Innovation ETF gained 35.49%, far outpacing the S&P 500’s return of 17.88% in the same period. But so ...",2026-05-04T00:03:00Z,TheStreet
ARKK,investment,2026-05-05T07:52:08.498111,Cathie Wood buys $40 million of beaten-down fintech stock,Most investors see a stock drop 13% after a bad earnings report and walk away. One of the most closely watched portfolio managers in the market saw the same setup and moved in the opposite direction. What Cathie Wood's ARK Invest did the very next morning is the kind of move that forces the market ...,2026-05-02T17:33:00Z,TheStreet
GLD,investment,2026-05-05T07:52:08.619087,Update: Gold Falls as the Dollar and Yields Climb,"(Updates prices.) Gold traded lower midafternoon Monday as the dollar and yields rose, forcing th",2026-05-04T18:00:08Z,MT Newswires
GLD,investment,2026-05-05T07:52:08.619087,"Gold Slides, 30-Year Yield Hits 5.1% as Rate Fears Take Over","The PHLX Gold/Silver Sector (^XAU) is under pressure Monday as precious metals pull back across the board. SPDR Gold Shares (NYSEARCA: GLD) ETF is down 1.3% to roughly $418, while iShares Silver Trust (NYSEARCA: SLV) ETF is off 2.3% near $67 as the market reassesses what the Strait of Hormuz disruption actually means for inflation, rates ... Gold Slides, 30-Year Yield Hits 5.1% as Rate Fears Take Over",2026-05-04T15:45:19Z,24/7 Wall St.
GLD,investment,2026-05-05T07:52:08.619087,"Gold Falls as the Dollar and Yields Climb, But Remains Rangebound","Gold traded lower early Monday as the dollar and yields rose, but the precious metal remains within",2026-05-04T13:06:01Z,MT Newswires
SPY,investment,2026-05-05T07:52:19.348707,The Stock Market Is Doing Something for Only the 4th Time in 156 Years -- and History Is Very Clear About What Happens Next,Stock market indicators rarely get this extreme.,2026-05-04T20:20:00Z,Motley Fool
SPY,investment,2026-05-05T07:52:19.348707,3 Leveraged ETF Areas of April That Are Up At least 150%,"Leveraged ETFs tied to Intel, Bloom Energy and AAOI skyrocketed in April, riding AI demand, earnings strength and surging energy trends.",2026-05-04T16:00:00Z,Zacks
SPY,investment,2026-05-05T07:52:19.348707,"“If a 2% Market Move Makes You Question Your Retirement Plan, You Don’t Have One”","The host of Retire SMART Podcast Episode 405 offered a line that should sit on every pre-retiree’s refrigerator: “If the market moving 2% up or down in a single day makes you think you don’t have a good retirement plan, you don’t. I mean, that’s that simple.” The episode, titled Market Reactions Amidst Iran Conflict, ... “If a 2% Market Move Makes You Question Your Retirement Plan, You Don’t Have One”",2026-05-04T15:38:04Z,24/7 Wall St.
QQQ,investment,2026-05-05T07:52:19.486950,Can Nancy Pelosi’s Favorite AI Stock Hope to Regain Its Momentum?,"Investors are watching Tempus AI (NASDAQ:TEM) ahead of first-quarter results due after the close tomorrow. The stock burst into investor consciousness in January 2025 after Nancy Pelosi disclosed a position, ran past $100, and has since shed nearly half its value. From Pelosi Halo to Show-Me Story Pelosi’s market-beating track record has turned her trades ... Can Nancy Pelosi’s Favorite AI Stock Hope to Regain Its Momentum?",2026-05-04T18:56:13Z,24/7 Wall St.
QQQ,investment,2026-05-05T07:52:19.486950,AI Trade Sends Asian Tech Shares Up 4.7% To Record,Asian equities rallied near all-time highs as chipmakers surged and investors weighed AI momentum against oil and geopolitical risks.,2026-05-04T18:14:53Z,GuruFocus.com
QQQ,investment,2026-05-05T07:52:19.486950,Exchange-Traded Funds Lower as US Equities Drop After Midday,Broad Market Indicators Broad-market exchange-traded fund IWM and IVV fell. Actively traded In,2026-05-04T17:09:23Z,MT Newswires
VTI,investment,2026-05-05T07:52:19.612552,The Cheap Way to Own the Entire U.S. Stock Market Right Now,You don't have to overthink investing. Keep it simple.,2026-05-04T10:01:00Z,Motley Fool
VTI,investment,2026-05-05T07:52:19.612552,Tech ETFs Dominate as $11.4B Floods Into U.S. Equity Funds,"<p>Here are the daily ETF fund flows for April 30, 2026.</p>",2026-04-30T21:00:04Z,etf.com
VTI,investment,2026-05-05T07:52:19.612552,1 No-Brainer ETF to Buy Right Now for Less Than $500,"U.S. corporate earnings, valuation, and the market rotation away from tech stocks make this Vanguard ETF look like a winner.",2026-04-30T17:22:00Z,Motley Fool
ARKK,investment,2026-05-05T07:52:19.726990,"Cathie Wood Dumps $72 Million of AMD, Doubles Down on Alphabet and Meta",Cathie Wood's Latest Move Sparks Questions for Advanced Micro Devices Bulls,2026-05-04T17:21:08Z,GuruFocus.com
ARKK,investment,2026-05-05T07:52:19.726990,Cathie Wood buys $28.7 million of tumbling megacap stock,"Cathie Wood is doubling down on her buy-the-dip strategy. The Ark Invest chief just picked up shares of a megacap tech name that fell 9% after reporting results. In 2025, the flagship Ark Innovation ETF gained 35.49%, far outpacing the S&P 500’s return of 17.88% in the same period. But so ...",2026-05-04T00:03:00Z,TheStreet
ARKK,investment,2026-05-05T07:52:19.726990,Cathie Wood buys $40 million of beaten-down fintech stock,Most investors see a stock drop 13% after a bad earnings report and walk away. One of the most closely watched portfolio managers in the market saw the same setup and moved in the opposite direction. What Cathie Wood's ARK Invest did the very next morning is the kind of move that forces the market ...,2026-05-02T17:33:00Z,TheStreet
GLD,investment,2026-05-05T07:52:19.901523,Update: Gold Falls as the Dollar and Yields Climb,"(Updates prices.) Gold traded lower midafternoon Monday as the dollar and yields rose, forcing th",2026-05-04T18:00:08Z,MT Newswires
GLD,investment,2026-05-05T07:52:19.901523,"Gold Slides, 30-Year Yield Hits 5.1% as Rate Fears Take Over","The PHLX Gold/Silver Sector (^XAU) is under pressure Monday as precious metals pull back across the board. SPDR Gold Shares (NYSEARCA: GLD) ETF is down 1.3% to roughly $418, while iShares Silver Trust (NYSEARCA: SLV) ETF is off 2.3% near $67 as the market reassesses what the Strait of Hormuz disruption actually means for inflation, rates ... Gold Slides, 30-Year Yield Hits 5.1% as Rate Fears Take Over",2026-05-04T15:45:19Z,24/7 Wall St.
GLD,investment,2026-05-05T07:52:19.901523,"Gold Falls as the Dollar and Yields Climb, But Remains Rangebound","Gold traded lower early Monday as the dollar and yields rose, but the precious metal remains within",2026-05-04T13:06:01Z,MT Newswires
SPY,investment,2026-05-05T07:52:32.784469,The Stock Market Is Doing Something for Only the 4th Time in 156 Years -- and History Is Very Clear About What Happens Next,Stock market indicators rarely get this extreme.,2026-05-04T20:20:00Z,Motley Fool
SPY,investment,2026-05-05T07:52:32.784469,3 Leveraged ETF Areas of April That Are Up At least 150%,"Leveraged ETFs tied to Intel, Bloom Energy and AAOI skyrocketed in April, riding AI demand, earnings strength and surging energy trends.",2026-05-04T16:00:00Z,Zacks
SPY,investment,2026-05-05T07:52:32.785484,"“If a 2% Market Move Makes You Question Your Retirement Plan, You Don’t Have One”","The host of Retire SMART Podcast Episode 405 offered a line that should sit on every pre-retiree’s refrigerator: “If the market moving 2% up or down in a single day makes you think you don’t have a good retirement plan, you don’t. I mean, that’s that simple.” The episode, titled Market Reactions Amidst Iran Conflict, ... “If a 2% Market Move Makes You Question Your Retirement Plan, You Don’t Have One”",2026-05-04T15:38:04Z,24/7 Wall St.
QQQ,investment,2026-05-05T07:52:32.912104,Can Nancy Pelosi’s Favorite AI Stock Hope to Regain Its Momentum?,"Investors are watching Tempus AI (NASDAQ:TEM) ahead of first-quarter results due after the close tomorrow. The stock burst into investor consciousness in January 2025 after Nancy Pelosi disclosed a position, ran past $100, and has since shed nearly half its value. From Pelosi Halo to Show-Me Story Pelosi’s market-beating track record has turned her trades ... Can Nancy Pelosi’s Favorite AI Stock Hope to Regain Its Momentum?",2026-05-04T18:56:13Z,24/7 Wall St.
QQQ,investment,2026-05-05T07:52:32.912104,AI Trade Sends Asian Tech Shares Up 4.7% To Record,Asian equities rallied near all-time highs as chipmakers surged and investors weighed AI momentum against oil and geopolitical risks.,2026-05-04T18:14:53Z,GuruFocus.com
QQQ,investment,2026-05-05T07:52:32.912104,Exchange-Traded Funds Lower as US Equities Drop After Midday,Broad Market Indicators Broad-market exchange-traded fund IWM and IVV fell. Actively traded In,2026-05-04T17:09:23Z,MT Newswires
VTI,investment,2026-05-05T07:52:33.042874,The Cheap Way to Own the Entire U.S. Stock Market Right Now,You don't have to overthink investing. Keep it simple.,2026-05-04T10:01:00Z,Motley Fool
VTI,investment,2026-05-05T07:52:33.042874,Tech ETFs Dominate as $11.4B Floods Into U.S. Equity Funds,"<p>Here are the daily ETF fund flows for April 30, 2026.</p>",2026-04-30T21:00:04Z,etf.com
VTI,investment,2026-05-05T07:52:33.042874,1 No-Brainer ETF to Buy Right Now for Less Than $500,"U.S. corporate earnings, valuation, and the market rotation away from tech stocks make this Vanguard ETF look like a winner.",2026-04-30T17:22:00Z,Motley Fool
ARKK,investment,2026-05-05T07:52:33.218461,"Cathie Wood Dumps $72 Million of AMD, Doubles Down on Alphabet and Meta",Cathie Wood's Latest Move Sparks Questions for Advanced Micro Devices Bulls,2026-05-04T17:21:08Z,GuruFocus.com
ARKK,investment,2026-05-05T07:52:33.218461,Cathie Wood buys $28.7 million of tumbling megacap stock,"Cathie Wood is doubling down on her buy-the-dip strategy. The Ark Invest chief just picked up shares of a megacap tech name that fell 9% after reporting results. In 2025, the flagship Ark Innovation ETF gained 35.49%, far outpacing the S&P 500’s return of 17.88% in the same period. But so ...",2026-05-04T00:03:00Z,TheStreet
ARKK,investment,2026-05-05T07:52:33.218461,Cathie Wood buys $40 million of beaten-down fintech stock,Most investors see a stock drop 13% after a bad earnings report and walk away. One of the most closely watched portfolio managers in the market saw the same setup and moved in the opposite direction. What Cathie Wood's ARK Invest did the very next morning is the kind of move that forces the market ...,2026-05-02T17:33:00Z,TheStreet
GLD,investment,2026-05-05T07:52:33.351891,Update: Gold Falls as the Dollar and Yields Climb,"(Updates prices.) Gold traded lower midafternoon Monday as the dollar and yields rose, forcing th",2026-05-04T18:00:08Z,MT Newswires
GLD,investment,2026-05-05T07:52:33.351891,"Gold Slides, 30-Year Yield Hits 5.1% as Rate Fears Take Over","The PHLX Gold/Silver Sector (^XAU) is under pressure Monday as precious metals pull back across the board. SPDR Gold Shares (NYSEARCA: GLD) ETF is down 1.3% to roughly $418, while iShares Silver Trust (NYSEARCA: SLV) ETF is off 2.3% near $67 as the market reassesses what the Strait of Hormuz disruption actually means for inflation, rates ... Gold Slides, 30-Year Yield Hits 5.1% as Rate Fears Take Over",2026-05-04T15:45:19Z,24/7 Wall St.
GLD,investment,2026-05-05T07:52:33.351891,"Gold Falls as the Dollar and Yields Climb, But Remains Rangebound","Gold traded lower early Monday as the dollar and yields rose, but the precious metal remains within",2026-05-04T13:06:01Z,MT Newswires
SPY,investment,2026-05-05T07:52:45.065494,The Stock Market Is Doing Something for Only the 4th Time in 156 Years -- and History Is Very Clear About What Happens Next,Stock market indicators rarely get this extreme.,2026-05-04T20:20:00Z,Motley Fool
SPY,investment,2026-05-05T07:52:45.065494,3 Leveraged ETF Areas of April That Are Up At least 150%,"Leveraged ETFs tied to Intel, Bloom Energy and AAOI skyrocketed in April, riding AI demand, earnings strength and surging energy trends.",2026-05-04T16:00:00Z,Zacks
SPY,investment,2026-05-05T07:52:45.065494,"“If a 2% Market Move Makes You Question Your Retirement Plan, You Don’t Have One”","The host of Retire SMART Podcast Episode 405 offered a line that should sit on every pre-retiree’s refrigerator: “If the market moving 2% up or down in a single day makes you think you don’t have a good retirement plan, you don’t. I mean, that’s that simple.” The episode, titled Market Reactions Amidst Iran Conflict, ... “If a 2% Market Move Makes You Question Your Retirement Plan, You Don’t Have One”",2026-05-04T15:38:04Z,24/7 Wall St.
QQQ,investment,2026-05-05T07:52:45.217044,Can Nancy Pelosi’s Favorite AI Stock Hope to Regain Its Momentum?,"Investors are watching Tempus AI (NASDAQ:TEM) ahead of first-quarter results due after the close tomorrow. The stock burst into investor consciousness in January 2025 after Nancy Pelosi disclosed a position, ran past $100, and has since shed nearly half its value. From Pelosi Halo to Show-Me Story Pelosi’s market-beating track record has turned her trades ... Can Nancy Pelosi’s Favorite AI Stock Hope to Regain Its Momentum?",2026-05-04T18:56:13Z,24/7 Wall St.
QQQ,investment,2026-05-05T07:52:45.217044,AI Trade Sends Asian Tech Shares Up 4.7% To Record,Asian equities rallied near all-time highs as chipmakers surged and investors weighed AI momentum against oil and geopolitical risks.,2026-05-04T18:14:53Z,GuruFocus.com
QQQ,investment,2026-05-05T07:52:45.217044,Exchange-Traded Funds Lower as US Equities Drop After Midday,Broad Market Indicators Broad-market exchange-traded fund IWM and IVV fell. Actively traded In,2026-05-04T17:09:23Z,MT Newswires
VTI,investment,2026-05-05T07:52:45.335781,The Cheap Way to Own the Entire U.S. Stock Market Right Now,You don't have to overthink investing. Keep it simple.,2026-05-04T10:01:00Z,Motley Fool
VTI,investment,2026-05-05T07:52:45.335781,Tech ETFs Dominate as $11.4B Floods Into U.S. Equity Funds,"<p>Here are the daily ETF fund flows for April 30, 2026.</p>",2026-04-30T21:00:04Z,etf.com
VTI,investment,2026-05-05T07:52:45.335781,1 No-Brainer ETF to Buy Right Now for Less Than $500,"U.S. corporate earnings, valuation, and the market rotation away from tech stocks make this Vanguard ETF look like a winner.",2026-04-30T17:22:00Z,Motley Fool
ARKK,investment,2026-05-05T07:52:45.471833,"Cathie Wood Dumps $72 Million of AMD, Doubles Down on Alphabet and Meta",Cathie Wood's Latest Move Sparks Questions for Advanced Micro Devices Bulls,2026-05-04T17:21:08Z,GuruFocus.com
ARKK,investment,2026-05-05T07:52:45.471833,Cathie Wood buys $28.7 million of tumbling megacap stock,"Cathie Wood is doubling down on her buy-the-dip strategy. The Ark Invest chief just picked up shares of a megacap tech name that fell 9% after reporting results. In 2025, the flagship Ark Innovation ETF gained 35.49%, far outpacing the S&P 500’s return of 17.88% in the same period. But so ...",2026-05-04T00:03:00Z,TheStreet
ARKK,investment,2026-05-05T07:52:45.471833,Cathie Wood buys $40 million of beaten-down fintech stock,Most investors see a stock drop 13% after a bad earnings report and walk away. One of the most closely watched portfolio managers in the market saw the same setup and moved in the opposite direction. What Cathie Wood's ARK Invest did the very next morning is the kind of move that forces the market ...,2026-05-02T17:33:00Z,TheStreet
GLD,investment,2026-05-05T07:52:45.601888,Update: Gold Falls as the Dollar and Yields Climb,"(Updates prices.) Gold traded lower midafternoon Monday as the dollar and yields rose, forcing th",2026-05-04T18:00:08Z,MT Newswires
GLD,investment,2026-05-05T07:52:45.601888,"Gold Slides, 30-Year Yield Hits 5.1% as Rate Fears Take Over","The PHLX Gold/Silver Sector (^XAU) is under pressure Monday as precious metals pull back across the board. SPDR Gold Shares (NYSEARCA: GLD) ETF is down 1.3% to roughly $418, while iShares Silver Trust (NYSEARCA: SLV) ETF is off 2.3% near $67 as the market reassesses what the Strait of Hormuz disruption actually means for inflation, rates ... Gold Slides, 30-Year Yield Hits 5.1% as Rate Fears Take Over",2026-05-04T15:45:19Z,24/7 Wall St.
GLD,investment,2026-05-05T07:52:45.601888,"Gold Falls as the Dollar and Yields Climb, But Remains Rangebound","Gold traded lower early Monday as the dollar and yields rose, but the precious metal remains within",2026-05-04T13:06:01Z,MT Newswires
SPY,investment,2026-05-05T08:55:52.506661,The Stock Market Is Doing Something for Only the 4th Time in 156 Years -- and History Is Very Clear About What Happens Next,Stock market indicators rarely get this extreme.,2026-05-04T20:20:00Z,Motley Fool
SPY,investment,2026-05-05T08:55:52.506661,3 Leveraged ETF Areas of April That Are Up At least 150%,"Leveraged ETFs tied to Intel, Bloom Energy and AAOI skyrocketed in April, riding AI demand, earnings strength and surging energy trends.",2026-05-04T16:00:00Z,Zacks
SPY,investment,2026-05-05T08:55:52.506661,"“If a 2% Market Move Makes You Question Your Retirement Plan, You Don’t Have One”","The host of Retire SMART Podcast Episode 405 offered a line that should sit on every pre-retiree’s refrigerator: “If the market moving 2% up or down in a single day makes you think you don’t have a good retirement plan, you don’t. I mean, that’s that simple.” The episode, titled Market Reactions Amidst Iran Conflict, ... “If a 2% Market Move Makes You Question Your Retirement Plan, You Don’t Have One”",2026-05-04T15:38:04Z,24/7 Wall St.
QQQ,investment,2026-05-05T08:55:52.625752,Can Nancy Pelosi’s Favorite AI Stock Hope to Regain Its Momentum?,"Investors are watching Tempus AI (NASDAQ:TEM) ahead of first-quarter results due after the close tomorrow. The stock burst into investor consciousness in January 2025 after Nancy Pelosi disclosed a position, ran past $100, and has since shed nearly half its value. From Pelosi Halo to Show-Me Story Pelosi’s market-beating track record has turned her trades ... Can Nancy Pelosi’s Favorite AI Stock Hope to Regain Its Momentum?",2026-05-04T18:56:13Z,24/7 Wall St.
QQQ,investment,2026-05-05T08:55:52.625752,AI Trade Sends Asian Tech Shares Up 4.7% To Record,Asian equities rallied near all-time highs as chipmakers surged and investors weighed AI momentum against oil and geopolitical risks.,2026-05-04T18:14:53Z,GuruFocus.com
QQQ,investment,2026-05-05T08:55:52.625752,Exchange-Traded Funds Lower as US Equities Drop After Midday,Broad Market Indicators Broad-market exchange-traded fund IWM and IVV fell. Actively traded In,2026-05-04T17:09:23Z,MT Newswires
VTI,investment,2026-05-05T08:55:52.742679,The Cheap Way to Own the Entire U.S. Stock Market Right Now,You don't have to overthink investing. Keep it simple.,2026-05-04T10:01:00Z,Motley Fool
VTI,investment,2026-05-05T08:55:52.742679,Tech ETFs Dominate as $11.4B Floods Into U.S. Equity Funds,"<p>Here are the daily ETF fund flows for April 30, 2026.</p>",2026-04-30T21:00:04Z,etf.com
VTI,investment,2026-05-05T08:55:52.742679,1 No-Brainer ETF to Buy Right Now for Less Than $500,"U.S. corporate earnings, valuation, and the market rotation away from tech stocks make this Vanguard ETF look like a winner.",2026-04-30T17:22:00Z,Motley Fool
ARKK,investment,2026-05-05T08:55:52.876480,Cathie Wood Is Shrugging Off CapEx Fears and Buying the Dip in Meta Platforms Stock,Cathie Wood's move signals that the market may be treating the spending surge as a temporary overhang on an otherwise intact long-term growth thesis.,2026-05-04T20:49:49Z,Barchart
ARKK,investment,2026-05-05T08:55:52.876480,"Cathie Wood Dumps $72 Million of AMD, Doubles Down on Alphabet and Meta",Cathie Wood's Latest Move Sparks Questions for Advanced Micro Devices Bulls,2026-05-04T17:21:08Z,GuruFocus.com
ARKK,investment,2026-05-05T08:55:52.876480,Cathie Wood buys $28.7 million of tumbling megacap stock,"Cathie Wood is doubling down on her buy-the-dip strategy. The Ark Invest chief just picked up shares of a megacap tech name that fell 9% after reporting results. In 2025, the flagship Ark Innovation ETF gained 35.49%, far outpacing the S&P 500’s return of 17.88% in the same period. But so ...",2026-05-04T00:03:00Z,TheStreet
GLD,investment,2026-05-05T08:55:53.006784,Update: Gold Falls as the Dollar and Yields Climb,"(Updates prices.) Gold traded lower midafternoon Monday as the dollar and yields rose, forcing th",2026-05-04T18:00:08Z,MT Newswires
GLD,investment,2026-05-05T08:55:53.006784,"Gold Slides, 30-Year Yield Hits 5.1% as Rate Fears Take Over","The PHLX Gold/Silver Sector (^XAU) is under pressure Monday as precious metals pull back across the board. SPDR Gold Shares (NYSEARCA: GLD) ETF is down 1.3% to roughly $418, while iShares Silver Trust (NYSEARCA: SLV) ETF is off 2.3% near $67 as the market reassesses what the Strait of Hormuz disruption actually means for inflation, rates ... Gold Slides, 30-Year Yield Hits 5.1% as Rate Fears Take Over",2026-05-04T15:45:19Z,24/7 Wall St.
GLD,investment,2026-05-05T08:55:53.006784,"Gold Falls as the Dollar and Yields Climb, But Remains Rangebound","Gold traded lower early Monday as the dollar and yields rose, but the precious metal remains within",2026-05-04T13:06:01Z,MT Newswires
SPY,investment,2026-05-05T08:56:03.698858,The Stock Market Is Doing Something for Only the 4th Time in 156 Years -- and History Is Very Clear About What Happens Next,Stock market indicators rarely get this extreme.,2026-05-04T20:20:00Z,Motley Fool
SPY,investment,2026-05-05T08:56:03.698858,3 Leveraged ETF Areas of April That Are Up At least 150%,"Leveraged ETFs tied to Intel, Bloom Energy and AAOI skyrocketed in April, riding AI demand, earnings strength and surging energy trends.",2026-05-04T16:00:00Z,Zacks
SPY,investment,2026-05-05T08:56:03.698858,"“If a 2% Market Move Makes You Question Your Retirement Plan, You Don’t Have One”","The host of Retire SMART Podcast Episode 405 offered a line that should sit on every pre-retiree’s refrigerator: “If the market moving 2% up or down in a single day makes you think you don’t have a good retirement plan, you don’t. I mean, that’s that simple.” The episode, titled Market Reactions Amidst Iran Conflict, ... “If a 2% Market Move Makes You Question Your Retirement Plan, You Don’t Have One”",2026-05-04T15:38:04Z,24/7 Wall St.
QQQ,investment,2026-05-05T08:56:03.829057,Can Nancy Pelosi’s Favorite AI Stock Hope to Regain Its Momentum?,"Investors are watching Tempus AI (NASDAQ:TEM) ahead of first-quarter results due after the close tomorrow. The stock burst into investor consciousness in January 2025 after Nancy Pelosi disclosed a position, ran past $100, and has since shed nearly half its value. From Pelosi Halo to Show-Me Story Pelosi’s market-beating track record has turned her trades ... Can Nancy Pelosi’s Favorite AI Stock Hope to Regain Its Momentum?",2026-05-04T18:56:13Z,24/7 Wall St.
QQQ,investment,2026-05-05T08:56:03.829057,AI Trade Sends Asian Tech Shares Up 4.7% To Record,Asian equities rallied near all-time highs as chipmakers surged and investors weighed AI momentum against oil and geopolitical risks.,2026-05-04T18:14:53Z,GuruFocus.com
QQQ,investment,2026-05-05T08:56:03.829057,Exchange-Traded Funds Lower as US Equities Drop After Midday,Broad Market Indicators Broad-market exchange-traded fund IWM and IVV fell. Actively traded In,2026-05-04T17:09:23Z,MT Newswires
VTI,investment,2026-05-05T08:56:04.051188,The Cheap Way to Own the Entire U.S. Stock Market Right Now,You don't have to overthink investing. Keep it simple.,2026-05-04T10:01:00Z,Motley Fool
VTI,investment,2026-05-05T08:56:04.051188,Tech ETFs Dominate as $11.4B Floods Into U.S. Equity Funds,"<p>Here are the daily ETF fund flows for April 30, 2026.</p>",2026-04-30T21:00:04Z,etf.com
VTI,investment,2026-05-05T08:56:04.051188,1 No-Brainer ETF to Buy Right Now for Less Than $500,"U.S. corporate earnings, valuation, and the market rotation away from tech stocks make this Vanguard ETF look like a winner.",2026-04-30T17:22:00Z,Motley Fool
ARKK,investment,2026-05-05T08:56:04.180825,Cathie Wood Is Shrugging Off CapEx Fears and Buying the Dip in Meta Platforms Stock,Cathie Wood's move signals that the market may be treating the spending surge as a temporary overhang on an otherwise intact long-term growth thesis.,2026-05-04T20:49:49Z,Barchart
ARKK,investment,2026-05-05T08:56:04.180825,"Cathie Wood Dumps $72 Million of AMD, Doubles Down on Alphabet and Meta",Cathie Wood's Latest Move Sparks Questions for Advanced Micro Devices Bulls,2026-05-04T17:21:08Z,GuruFocus.com
ARKK,investment,2026-05-05T08:56:04.180825,Cathie Wood buys $28.7 million of tumbling megacap stock,"Cathie Wood is doubling down on her buy-the-dip strategy. The Ark Invest chief just picked up shares of a megacap tech name that fell 9% after reporting results. In 2025, the flagship Ark Innovation ETF gained 35.49%, far outpacing the S&P 500’s return of 17.88% in the same period. But so ...",2026-05-04T00:03:00Z,TheStreet
GLD,investment,2026-05-05T08:56:04.304248,Update: Gold Falls as the Dollar and Yields Climb,"(Updates prices.) Gold traded lower midafternoon Monday as the dollar and yields rose, forcing th",2026-05-04T18:00:08Z,MT Newswires
GLD,investment,2026-05-05T08:56:04.304248,"Gold Slides, 30-Year Yield Hits 5.1% as Rate Fears Take Over","The PHLX Gold/Silver Sector (^XAU) is under pressure Monday as precious metals pull back across the board. SPDR Gold Shares (NYSEARCA: GLD) ETF is down 1.3% to roughly $418, while iShares Silver Trust (NYSEARCA: SLV) ETF is off 2.3% near $67 as the market reassesses what the Strait of Hormuz disruption actually means for inflation, rates ... Gold Slides, 30-Year Yield Hits 5.1% as Rate Fears Take Over",2026-05-04T15:45:19Z,24/7 Wall St.
GLD,investment,2026-05-05T08:56:04.304248,"Gold Falls as the Dollar and Yields Climb, But Remains Rangebound","Gold traded lower early Monday as the dollar and yields rose, but the precious metal remains within",2026-05-04T13:06:01Z,MT Newswires
SPY,investment,2026-05-05T08:56:15.306776,The Stock Market Is Doing Something for Only the 4th Time in 156 Years -- and History Is Very Clear About What Happens Next,Stock market indicators rarely get this extreme.,2026-05-04T20:20:00Z,Motley Fool
SPY,investment,2026-05-05T08:56:15.306776,3 Leveraged ETF Areas of April That Are Up At least 150%,"Leveraged ETFs tied to Intel, Bloom Energy and AAOI skyrocketed in April, riding AI demand, earnings strength and surging energy trends.",2026-05-04T16:00:00Z,Zacks
SPY,investment,2026-05-05T08:56:15.306776,"“If a 2% Market Move Makes You Question Your Retirement Plan, You Don’t Have One”","The host of Retire SMART Podcast Episode 405 offered a line that should sit on every pre-retiree’s refrigerator: “If the market moving 2% up or down in a single day makes you think you don’t have a good retirement plan, you don’t. I mean, that’s that simple.” The episode, titled Market Reactions Amidst Iran Conflict, ... “If a 2% Market Move Makes You Question Your Retirement Plan, You Don’t Have One”",2026-05-04T15:38:04Z,24/7 Wall St.
QQQ,investment,2026-05-05T08:56:15.441891,Can Nancy Pelosi’s Favorite AI Stock Hope to Regain Its Momentum?,"Investors are watching Tempus AI (NASDAQ:TEM) ahead of first-quarter results due after the close tomorrow. The stock burst into investor consciousness in January 2025 after Nancy Pelosi disclosed a position, ran past $100, and has since shed nearly half its value. From Pelosi Halo to Show-Me Story Pelosi’s market-beating track record has turned her trades ... Can Nancy Pelosi’s Favorite AI Stock Hope to Regain Its Momentum?",2026-05-04T18:56:13Z,24/7 Wall St.
QQQ,investment,2026-05-05T08:56:15.441891,AI Trade Sends Asian Tech Shares Up 4.7% To Record,Asian equities rallied near all-time highs as chipmakers surged and investors weighed AI momentum against oil and geopolitical risks.,2026-05-04T18:14:53Z,GuruFocus.com
QQQ,investment,2026-05-05T08:56:15.441891,Exchange-Traded Funds Lower as US Equities Drop After Midday,Broad Market Indicators Broad-market exchange-traded fund IWM and IVV fell. Actively traded In,2026-05-04T17:09:23Z,MT Newswires
VTI,investment,2026-05-05T08:56:15.659502,The Cheap Way to Own the Entire U.S. Stock Market Right Now,You don't have to overthink investing. Keep it simple.,2026-05-04T10:01:00Z,Motley Fool
VTI,investment,2026-05-05T08:56:15.659502,Tech ETFs Dominate as $11.4B Floods Into U.S. Equity Funds,"<p>Here are the daily ETF fund flows for April 30, 2026.</p>",2026-04-30T21:00:04Z,etf.com
VTI,investment,2026-05-05T08:56:15.659502,1 No-Brainer ETF to Buy Right Now for Less Than $500,"U.S. corporate earnings, valuation, and the market rotation away from tech stocks make this Vanguard ETF look like a winner.",2026-04-30T17:22:00Z,Motley Fool
ARKK,investment,2026-05-05T08:56:15.896074,Cathie Wood Is Shrugging Off CapEx Fears and Buying the Dip in Meta Platforms Stock,Cathie Wood's move signals that the market may be treating the spending surge as a temporary overhang on an otherwise intact long-term growth thesis.,2026-05-04T20:49:49Z,Barchart
ARKK,investment,2026-05-05T08:56:15.896074,"Cathie Wood Dumps $72 Million of AMD, Doubles Down on Alphabet and Meta",Cathie Wood's Latest Move Sparks Questions for Advanced Micro Devices Bulls,2026-05-04T17:21:08Z,GuruFocus.com
ARKK,investment,2026-05-05T08:56:15.896074,Cathie Wood buys $28.7 million of tumbling megacap stock,"Cathie Wood is doubling down on her buy-the-dip strategy. The Ark Invest chief just picked up shares of a megacap tech name that fell 9% after reporting results. In 2025, the flagship Ark Innovation ETF gained 35.49%, far outpacing the S&P 500’s return of 17.88% in the same period. But so ...",2026-05-04T00:03:00Z,TheStreet
GLD,investment,2026-05-05T08:56:16.030488,Update: Gold Falls as the Dollar and Yields Climb,"(Updates prices.) Gold traded lower midafternoon Monday as the dollar and yields rose, forcing th",2026-05-04T18:00:08Z,MT Newswires
GLD,investment,2026-05-05T08:56:16.030488,"Gold Slides, 30-Year Yield Hits 5.1% as Rate Fears Take Over","The PHLX Gold/Silver Sector (^XAU) is under pressure Monday as precious metals pull back across the board. SPDR Gold Shares (NYSEARCA: GLD) ETF is down 1.3% to roughly $418, while iShares Silver Trust (NYSEARCA: SLV) ETF is off 2.3% near $67 as the market reassesses what the Strait of Hormuz disruption actually means for inflation, rates ... Gold Slides, 30-Year Yield Hits 5.1% as Rate Fears Take Over",2026-05-04T15:45:19Z,24/7 Wall St.
GLD,investment,2026-05-05T08:56:16.030488,"Gold Falls as the Dollar and Yields Climb, But Remains Rangebound","Gold traded lower early Monday as the dollar and yields rose, but the precious metal remains within",2026-05-04T13:06:01Z,MT Newswires
SPY,investment,2026-05-05T08:56:27.154720,The Stock Market Is Doing Something for Only the 4th Time in 156 Years -- and History Is Very Clear About What Happens Next,Stock market indicators rarely get this extreme.,2026-05-04T20:20:00Z,Motley Fool
SPY,investment,2026-05-05T08:56:27.154720,3 Leveraged ETF Areas of April That Are Up At least 150%,"Leveraged ETFs tied to Intel, Bloom Energy and AAOI skyrocketed in April, riding AI demand, earnings strength and surging energy trends.",2026-05-04T16:00:00Z,Zacks
SPY,investment,2026-05-05T08:56:27.154720,"“If a 2% Market Move Makes You Question Your Retirement Plan, You Don’t Have One”","The host of Retire SMART Podcast Episode 405 offered a line that should sit on every pre-retiree’s refrigerator: “If the market moving 2% up or down in a single day makes you think you don’t have a good retirement plan, you don’t. I mean, that’s that simple.” The episode, titled Market Reactions Amidst Iran Conflict, ... “If a 2% Market Move Makes You Question Your Retirement Plan, You Don’t Have One”",2026-05-04T15:38:04Z,24/7 Wall St.
QQQ,investment,2026-05-05T08:56:27.335751,Can Nancy Pelosi’s Favorite AI Stock Hope to Regain Its Momentum?,"Investors are watching Tempus AI (NASDAQ:TEM) ahead of first-quarter results due after the close tomorrow. The stock burst into investor consciousness in January 2025 after Nancy Pelosi disclosed a position, ran past $100, and has since shed nearly half its value. From Pelosi Halo to Show-Me Story Pelosi’s market-beating track record has turned her trades ... Can Nancy Pelosi’s Favorite AI Stock Hope to Regain Its Momentum?",2026-05-04T18:56:13Z,24/7 Wall St.
QQQ,investment,2026-05-05T08:56:27.335751,AI Trade Sends Asian Tech Shares Up 4.7% To Record,Asian equities rallied near all-time highs as chipmakers surged and investors weighed AI momentum against oil and geopolitical risks.,2026-05-04T18:14:53Z,GuruFocus.com
QQQ,investment,2026-05-05T08:56:27.335751,Exchange-Traded Funds Lower as US Equities Drop After Midday,Broad Market Indicators Broad-market exchange-traded fund IWM and IVV fell. Actively traded In,2026-05-04T17:09:23Z,MT Newswires
VTI,investment,2026-05-05T08:56:27.456178,The Cheap Way to Own the Entire U.S. Stock Market Right Now,You don't have to overthink investing. Keep it simple.,2026-05-04T10:01:00Z,Motley Fool
VTI,investment,2026-05-05T08:56:27.456178,Tech ETFs Dominate as $11.4B Floods Into U.S. Equity Funds,"<p>Here are the daily ETF fund flows for April 30, 2026.</p>",2026-04-30T21:00:04Z,etf.com
VTI,investment,2026-05-05T08:56:27.456178,1 No-Brainer ETF to Buy Right Now for Less Than $500,"U.S. corporate earnings, valuation, and the market rotation away from tech stocks make this Vanguard ETF look like a winner.",2026-04-30T17:22:00Z,Motley Fool
ARKK,investment,2026-05-05T08:56:27.588443,Cathie Wood Is Shrugging Off CapEx Fears and Buying the Dip in Meta Platforms Stock,Cathie Wood's move signals that the market may be treating the spending surge as a temporary overhang on an otherwise intact long-term growth thesis.,2026-05-04T20:49:49Z,Barchart
ARKK,investment,2026-05-05T08:56:27.588443,"Cathie Wood Dumps $72 Million of AMD, Doubles Down on Alphabet and Meta",Cathie Wood's Latest Move Sparks Questions for Advanced Micro Devices Bulls,2026-05-04T17:21:08Z,GuruFocus.com
ARKK,investment,2026-05-05T08:56:27.588443,Cathie Wood buys $28.7 million of tumbling megacap stock,"Cathie Wood is doubling down on her buy-the-dip strategy. The Ark Invest chief just picked up shares of a megacap tech name that fell 9% after reporting results. In 2025, the flagship Ark Innovation ETF gained 35.49%, far outpacing the S&P 500’s return of 17.88% in the same period. But so ...",2026-05-04T00:03:00Z,TheStreet
GLD,investment,2026-05-05T08:56:27.707103,Update: Gold Falls as the Dollar and Yields Climb,"(Updates prices.) Gold traded lower midafternoon Monday as the dollar and yields rose, forcing th",2026-05-04T18:00:08Z,MT Newswires
GLD,investment,2026-05-05T08:56:27.707103,"Gold Slides, 30-Year Yield Hits 5.1% as Rate Fears Take Over","The PHLX Gold/Silver Sector (^XAU) is under pressure Monday as precious metals pull back across the board. SPDR Gold Shares (NYSEARCA: GLD) ETF is down 1.3% to roughly $418, while iShares Silver Trust (NYSEARCA: SLV) ETF is off 2.3% near $67 as the market reassesses what the Strait of Hormuz disruption actually means for inflation, rates ... Gold Slides, 30-Year Yield Hits 5.1% as Rate Fears Take Over",2026-05-04T15:45:19Z,24/7 Wall St.
GLD,investment,2026-05-05T08:56:27.707103,"Gold Falls as the Dollar and Yields Climb, But Remains Rangebound","Gold traded lower early Monday as the dollar and yields rose, but the precious metal remains within",2026-05-04T13:06:01Z,MT Newswires
SPY,investment,2026-05-05T08:56:38.634746,The Stock Market Is Doing Something for Only the 4th Time in 156 Years -- and History Is Very Clear About What Happens Next,Stock market indicators rarely get this extreme.,2026-05-04T20:20:00Z,Motley Fool
SPY,investment,2026-05-05T08:56:38.634746,3 Leveraged ETF Areas of April That Are Up At least 150%,"Leveraged ETFs tied to Intel, Bloom Energy and AAOI skyrocketed in April, riding AI demand, earnings strength and surging energy trends.",2026-05-04T16:00:00Z,Zacks
SPY,investment,2026-05-05T08:56:38.634746,"“If a 2% Market Move Makes You Question Your Retirement Plan, You Don’t Have One”","The host of Retire SMART Podcast Episode 405 offered a line that should sit on every pre-retiree’s refrigerator: “If the market moving 2% up or down in a single day makes you think you don’t have a good retirement plan, you don’t. I mean, that’s that simple.” The episode, titled Market Reactions Amidst Iran Conflict, ... “If a 2% Market Move Makes You Question Your Retirement Plan, You Don’t Have One”",2026-05-04T15:38:04Z,24/7 Wall St.
QQQ,investment,2026-05-05T08:56:38.802998,Can Nancy Pelosi’s Favorite AI Stock Hope to Regain Its Momentum?,"Investors are watching Tempus AI (NASDAQ:TEM) ahead of first-quarter results due after the close tomorrow. The stock burst into investor consciousness in January 2025 after Nancy Pelosi disclosed a position, ran past $100, and has since shed nearly half its value. From Pelosi Halo to Show-Me Story Pelosi’s market-beating track record has turned her trades ... Can Nancy Pelosi’s Favorite AI Stock Hope to Regain Its Momentum?",2026-05-04T18:56:13Z,24/7 Wall St.
QQQ,investment,2026-05-05T08:56:38.802998,AI Trade Sends Asian Tech Shares Up 4.7% To Record,Asian equities rallied near all-time highs as chipmakers surged and investors weighed AI momentum against oil and geopolitical risks.,2026-05-04T18:14:53Z,GuruFocus.com
QQQ,investment,2026-05-05T08:56:38.802998,Exchange-Traded Funds Lower as US Equities Drop After Midday,Broad Market Indicators Broad-market exchange-traded fund IWM and IVV fell. Actively traded In,2026-05-04T17:09:23Z,MT Newswires
VTI,investment,2026-05-05T08:56:41.059306,The Cheap Way to Own the Entire U.S. Stock Market Right Now,You don't have to overthink investing. Keep it simple.,2026-05-04T10:01:00Z,Motley Fool
VTI,investment,2026-05-05T08:56:41.059306,Tech ETFs Dominate as $11.4B Floods Into U.S. Equity Funds,"<p>Here are the daily ETF fund flows for April 30, 2026.</p>",2026-04-30T21:00:04Z,etf.com
VTI,investment,2026-05-05T08:56:41.059306,1 No-Brainer ETF to Buy Right Now for Less Than $500,"U.S. corporate earnings, valuation, and the market rotation away from tech stocks make this Vanguard ETF look like a winner.",2026-04-30T17:22:00Z,Motley Fool
ARKK,investment,2026-05-05T08:56:41.336269,Cathie Wood Is Shrugging Off CapEx Fears and Buying the Dip in Meta Platforms Stock,Cathie Wood's move signals that the market may be treating the spending surge as a temporary overhang on an otherwise intact long-term growth thesis.,2026-05-04T20:49:49Z,Barchart
ARKK,investment,2026-05-05T08:56:41.336269,"Cathie Wood Dumps $72 Million of AMD, Doubles Down on Alphabet and Meta",Cathie Wood's Latest Move Sparks Questions for Advanced Micro Devices Bulls,2026-05-04T17:21:08Z,GuruFocus.com
ARKK,investment,2026-05-05T08:56:41.336269,Cathie Wood buys $28.7 million of tumbling megacap stock,"Cathie Wood is doubling down on her buy-the-dip strategy. The Ark Invest chief just picked up shares of a megacap tech name that fell 9% after reporting results. In 2025, the flagship Ark Innovation ETF gained 35.49%, far outpacing the S&P 500’s return of 17.88% in the same period. But so ...",2026-05-04T00:03:00Z,TheStreet
GLD,investment,2026-05-05T08:56:41.503247,Update: Gold Falls as the Dollar and Yields Climb,"(Updates prices.) Gold traded lower midafternoon Monday as the dollar and yields rose, forcing th",2026-05-04T18:00:08Z,MT Newswires
GLD,investment,2026-05-05T08:56:41.503247,"Gold Slides, 30-Year Yield Hits 5.1% as Rate Fears Take Over","The PHLX Gold/Silver Sector (^XAU) is under pressure Monday as precious metals pull back across the board. SPDR Gold Shares (NYSEARCA: GLD) ETF is down 1.3% to roughly $418, while iShares Silver Trust (NYSEARCA: SLV) ETF is off 2.3% near $67 as the market reassesses what the Strait of Hormuz disruption actually means for inflation, rates ... Gold Slides, 30-Year Yield Hits 5.1% as Rate Fears Take Over",2026-05-04T15:45:19Z,24/7 Wall St.
GLD,investment,2026-05-05T08:56:41.503247,"Gold Falls as the Dollar and Yields Climb, But Remains Rangebound","Gold traded lower early Monday as the dollar and yields rose, but the precious metal remains within",2026-05-04T13:06:01Z,MT Newswires
SPY,investment,2026-05-05T08:56:52.315520,The Stock Market Is Doing Something for Only the 4th Time in 156 Years -- and History Is Very Clear About What Happens Next,Stock market indicators rarely get this extreme.,2026-05-04T20:20:00Z,Motley Fool
SPY,investment,2026-05-05T08:56:52.317023,3 Leveraged ETF Areas of April That Are Up At least 150%,"Leveraged ETFs tied to Intel, Bloom Energy and AAOI skyrocketed in April, riding AI demand, earnings strength and surging energy trends.",2026-05-04T16:00:00Z,Zacks
SPY,investment,2026-05-05T08:56:52.317023,"“If a 2% Market Move Makes You Question Your Retirement Plan, You Don’t Have One”","The host of Retire SMART Podcast Episode 405 offered a line that should sit on every pre-retiree’s refrigerator: “If the market moving 2% up or down in a single day makes you think you don’t have a good retirement plan, you don’t. I mean, that’s that simple.” The episode, titled Market Reactions Amidst Iran Conflict, ... “If a 2% Market Move Makes You Question Your Retirement Plan, You Don’t Have One”",2026-05-04T15:38:04Z,24/7 Wall St.
QQQ,investment,2026-05-05T08:56:52.482845,Can Nancy Pelosi’s Favorite AI Stock Hope to Regain Its Momentum?,"Investors are watching Tempus AI (NASDAQ:TEM) ahead of first-quarter results due after the close tomorrow. The stock burst into investor consciousness in January 2025 after Nancy Pelosi disclosed a position, ran past $100, and has since shed nearly half its value. From Pelosi Halo to Show-Me Story Pelosi’s market-beating track record has turned her trades ... Can Nancy Pelosi’s Favorite AI Stock Hope to Regain Its Momentum?",2026-05-04T18:56:13Z,24/7 Wall St.
QQQ,investment,2026-05-05T08:56:52.482845,AI Trade Sends Asian Tech Shares Up 4.7% To Record,Asian equities rallied near all-time highs as chipmakers surged and investors weighed AI momentum against oil and geopolitical risks.,2026-05-04T18:14:53Z,GuruFocus.com
QQQ,investment,2026-05-05T08:56:52.482845,Exchange-Traded Funds Lower as US Equities Drop After Midday,Broad Market Indicators Broad-market exchange-traded fund IWM and IVV fell. Actively traded In,2026-05-04T17:09:23Z,MT Newswires
VTI,investment,2026-05-05T08:56:52.634603,The Cheap Way to Own the Entire U.S. Stock Market Right Now,You don't have to overthink investing. Keep it simple.,2026-05-04T10:01:00Z,Motley Fool
VTI,investment,2026-05-05T08:56:52.634603,Tech ETFs Dominate as $11.4B Floods Into U.S. Equity Funds,"<p>Here are the daily ETF fund flows for April 30, 2026.</p>",2026-04-30T21:00:04Z,etf.com
VTI,investment,2026-05-05T08:56:52.634603,1 No-Brainer ETF to Buy Right Now for Less Than $500,"U.S. corporate earnings, valuation, and the market rotation away from tech stocks make this Vanguard ETF look like a winner.",2026-04-30T17:22:00Z,Motley Fool
ARKK,investment,2026-05-05T08:56:52.764511,Cathie Wood Is Shrugging Off CapEx Fears and Buying the Dip in Meta Platforms Stock,Cathie Wood's move signals that the market may be treating the spending surge as a temporary overhang on an otherwise intact long-term growth thesis.,2026-05-04T20:49:49Z,Barchart
ARKK,investment,2026-05-05T08:56:52.764511,"Cathie Wood Dumps $72 Million of AMD, Doubles Down on Alphabet and Meta",Cathie Wood's Latest Move Sparks Questions for Advanced Micro Devices Bulls,2026-05-04T17:21:08Z,GuruFocus.com
ARKK,investment,2026-05-05T08:56:52.764511,Cathie Wood buys $28.7 million of tumbling megacap stock,"Cathie Wood is doubling down on her buy-the-dip strategy. The Ark Invest chief just picked up shares of a megacap tech name that fell 9% after reporting results. In 2025, the flagship Ark Innovation ETF gained 35.49%, far outpacing the S&P 500’s return of 17.88% in the same period. But so ...",2026-05-04T00:03:00Z,TheStreet
GLD,investment,2026-05-05T08:56:52.900757,Update: Gold Falls as the Dollar and Yields Climb,"(Updates prices.) Gold traded lower midafternoon Monday as the dollar and yields rose, forcing th",2026-05-04T18:00:08Z,MT Newswires
GLD,investment,2026-05-05T08:56:52.900757,"Gold Slides, 30-Year Yield Hits 5.1% as Rate Fears Take Over","The PHLX Gold/Silver Sector (^XAU) is under pressure Monday as precious metals pull back across the board. SPDR Gold Shares (NYSEARCA: GLD) ETF is down 1.3% to roughly $418, while iShares Silver Trust (NYSEARCA: SLV) ETF is off 2.3% near $67 as the market reassesses what the Strait of Hormuz disruption actually means for inflation, rates ... Gold Slides, 30-Year Yield Hits 5.1% as Rate Fears Take Over",2026-05-04T15:45:19Z,24/7 Wall St.
GLD,investment,2026-05-05T08:56:52.900757,"Gold Falls as the Dollar and Yields Climb, But Remains Rangebound","Gold traded lower early Monday as the dollar and yields rose, but the precious metal remains within",2026-05-04T13:06:01Z,MT Newswires
SPY,investment,2026-05-05T08:57:03.829647,The Stock Market Is Doing Something for Only the 4th Time in 156 Years -- and History Is Very Clear About What Happens Next,Stock market indicators rarely get this extreme.,2026-05-04T20:20:00Z,Motley Fool
SPY,investment,2026-05-05T08:57:03.830658,3 Leveraged ETF Areas of April That Are Up At least 150%,"Leveraged ETFs tied to Intel, Bloom Energy and AAOI skyrocketed in April, riding AI demand, earnings strength and surging energy trends.",2026-05-04T16:00:00Z,Zacks
SPY,investment,2026-05-05T08:57:03.830658,"“If a 2% Market Move Makes You Question Your Retirement Plan, You Don’t Have One”","The host of Retire SMART Podcast Episode 405 offered a line that should sit on every pre-retiree’s refrigerator: “If the market moving 2% up or down in a single day makes you think you don’t have a good retirement plan, you don’t. I mean, that’s that simple.” The episode, titled Market Reactions Amidst Iran Conflict, ... “If a 2% Market Move Makes You Question Your Retirement Plan, You Don’t Have One”",2026-05-04T15:38:04Z,24/7 Wall St.
QQQ,investment,2026-05-05T08:57:03.999731,Can Nancy Pelosi’s Favorite AI Stock Hope to Regain Its Momentum?,"Investors are watching Tempus AI (NASDAQ:TEM) ahead of first-quarter results due after the close tomorrow. The stock burst into investor consciousness in January 2025 after Nancy Pelosi disclosed a position, ran past $100, and has since shed nearly half its value. From Pelosi Halo to Show-Me Story Pelosi’s market-beating track record has turned her trades ... Can Nancy Pelosi’s Favorite AI Stock Hope to Regain Its Momentum?",2026-05-04T18:56:13Z,24/7 Wall St.
QQQ,investment,2026-05-05T08:57:03.999731,AI Trade Sends Asian Tech Shares Up 4.7% To Record,Asian equities rallied near all-time highs as chipmakers surged and investors weighed AI momentum against oil and geopolitical risks.,2026-05-04T18:14:53Z,GuruFocus.com
QQQ,investment,2026-05-05T08:57:03.999731,Exchange-Traded Funds Lower as US Equities Drop After Midday,Broad Market Indicators Broad-market exchange-traded fund IWM and IVV fell. Actively traded In,2026-05-04T17:09:23Z,MT Newswires
VTI,investment,2026-05-05T08:57:04.146345,The Cheap Way to Own the Entire U.S. Stock Market Right Now,You don't have to overthink investing. Keep it simple.,2026-05-04T10:01:00Z,Motley Fool
VTI,investment,2026-05-05T08:57:04.146345,Tech ETFs Dominate as $11.4B Floods Into U.S. Equity Funds,"<p>Here are the daily ETF fund flows for April 30, 2026.</p>",2026-04-30T21:00:04Z,etf.com
VTI,investment,2026-05-05T08:57:04.146345,1 No-Brainer ETF to Buy Right Now for Less Than $500,"U.S. corporate earnings, valuation, and the market rotation away from tech stocks make this Vanguard ETF look like a winner.",2026-04-30T17:22:00Z,Motley Fool
ARKK,investment,2026-05-05T08:57:04.281081,Cathie Wood Is Shrugging Off CapEx Fears and Buying the Dip in Meta Platforms Stock,Cathie Wood's move signals that the market may be treating the spending surge as a temporary overhang on an otherwise intact long-term growth thesis.,2026-05-04T20:49:49Z,Barchart
ARKK,investment,2026-05-05T08:57:04.281081,"Cathie Wood Dumps $72 Million of AMD, Doubles Down on Alphabet and Meta",Cathie Wood's Latest Move Sparks Questions for Advanced Micro Devices Bulls,2026-05-04T17:21:08Z,GuruFocus.com
ARKK,investment,2026-05-05T08:57:04.281081,Cathie Wood buys $28.7 million of tumbling megacap stock,"Cathie Wood is doubling down on her buy-the-dip strategy. The Ark Invest chief just picked up shares of a megacap tech name that fell 9% after reporting results. In 2025, the flagship Ark Innovation ETF gained 35.49%, far outpacing the S&P 500’s return of 17.88% in the same period. But so ...",2026-05-04T00:03:00Z,TheStreet
GLD,investment,2026-05-05T08:57:04.504943,Update: Gold Falls as the Dollar and Yields Climb,"(Updates prices.) Gold traded lower midafternoon Monday as the dollar and yields rose, forcing th",2026-05-04T18:00:08Z,MT Newswires
GLD,investment,2026-05-05T08:57:04.504943,"Gold Slides, 30-Year Yield Hits 5.1% as Rate Fears Take Over","The PHLX Gold/Silver Sector (^XAU) is under pressure Monday as precious metals pull back across the board. SPDR Gold Shares (NYSEARCA: GLD) ETF is down 1.3% to roughly $418, while iShares Silver Trust (NYSEARCA: SLV) ETF is off 2.3% near $67 as the market reassesses what the Strait of Hormuz disruption actually means for inflation, rates ... Gold Slides, 30-Year Yield Hits 5.1% as Rate Fears Take Over",2026-05-04T15:45:19Z,24/7 Wall St.
GLD,investment,2026-05-05T08:57:04.504943,"Gold Falls as the Dollar and Yields Climb, But Remains Rangebound","Gold traded lower early Monday as the dollar and yields rose, but the precious metal remains within",2026-05-04T13:06:01Z,MT Newswires
SPY,investment,2026-05-05T08:57:15.226542,The Stock Market Is Doing Something for Only the 4th Time in 156 Years -- and History Is Very Clear About What Happens Next,Stock market indicators rarely get this extreme.,2026-05-04T20:20:00Z,Motley Fool
SPY,investment,2026-05-05T08:57:15.226542,3 Leveraged ETF Areas of April That Are Up At least 150%,"Leveraged ETFs tied to Intel, Bloom Energy and AAOI skyrocketed in April, riding AI demand, earnings strength and surging energy trends.",2026-05-04T16:00:00Z,Zacks
SPY,investment,2026-05-05T08:57:15.226542,"“If a 2% Market Move Makes You Question Your Retirement Plan, You Don’t Have One”","The host of Retire SMART Podcast Episode 405 offered a line that should sit on every pre-retiree’s refrigerator: “If the market moving 2% up or down in a single day makes you think you don’t have a good retirement plan, you don’t. I mean, that’s that simple.” The episode, titled Market Reactions Amidst Iran Conflict, ... “If a 2% Market Move Makes You Question Your Retirement Plan, You Don’t Have One”",2026-05-04T15:38:04Z,24/7 Wall St.
QQQ,investment,2026-05-05T08:57:15.364441,Can Nancy Pelosi’s Favorite AI Stock Hope to Regain Its Momentum?,"Investors are watching Tempus AI (NASDAQ:TEM) ahead of first-quarter results due after the close tomorrow. The stock burst into investor consciousness in January 2025 after Nancy Pelosi disclosed a position, ran past $100, and has since shed nearly half its value. From Pelosi Halo to Show-Me Story Pelosi’s market-beating track record has turned her trades ... Can Nancy Pelosi’s Favorite AI Stock Hope to Regain Its Momentum?",2026-05-04T18:56:13Z,24/7 Wall St.
QQQ,investment,2026-05-05T08:57:15.364441,AI Trade Sends Asian Tech Shares Up 4.7% To Record,Asian equities rallied near all-time highs as chipmakers surged and investors weighed AI momentum against oil and geopolitical risks.,2026-05-04T18:14:53Z,GuruFocus.com
QQQ,investment,2026-05-05T08:57:15.364441,Exchange-Traded Funds Lower as US Equities Drop After Midday,Broad Market Indicators Broad-market exchange-traded fund IWM and IVV fell. Actively traded In,2026-05-04T17:09:23Z,MT Newswires
VTI,investment,2026-05-05T08:57:15.480504,The Cheap Way to Own the Entire U.S. Stock Market Right Now,You don't have to overthink investing. Keep it simple.,2026-05-04T10:01:00Z,Motley Fool
VTI,investment,2026-05-05T08:57:15.480504,Tech ETFs Dominate as $11.4B Floods Into U.S. Equity Funds,"<p>Here are the daily ETF fund flows for April 30, 2026.</p>",2026-04-30T21:00:04Z,etf.com
VTI,investment,2026-05-05T08:57:15.480504,1 No-Brainer ETF to Buy Right Now for Less Than $500,"U.S. corporate earnings, valuation, and the market rotation away from tech stocks make this Vanguard ETF look like a winner.",2026-04-30T17:22:00Z,Motley Fool
ARKK,investment,2026-05-05T08:57:15.609463,Cathie Wood Is Shrugging Off CapEx Fears and Buying the Dip in Meta Platforms Stock,Cathie Wood's move signals that the market may be treating the spending surge as a temporary overhang on an otherwise intact long-term growth thesis.,2026-05-04T20:49:49Z,Barchart
ARKK,investment,2026-05-05T08:57:15.609463,"Cathie Wood Dumps $72 Million of AMD, Doubles Down on Alphabet and Meta",Cathie Wood's Latest Move Sparks Questions for Advanced Micro Devices Bulls,2026-05-04T17:21:08Z,GuruFocus.com
ARKK,investment,2026-05-05T08:57:15.609463,Cathie Wood buys $28.7 million of tumbling megacap stock,"Cathie Wood is doubling down on her buy-the-dip strategy. The Ark Invest chief just picked up shares of a megacap tech name that fell 9% after reporting results. In 2025, the flagship Ark Innovation ETF gained 35.49%, far outpacing the S&P 500’s return of 17.88% in the same period. But so ...",2026-05-04T00:03:00Z,TheStreet
GLD,investment,2026-05-05T08:57:15.830511,Update: Gold Falls as the Dollar and Yields Climb,"(Updates prices.) Gold traded lower midafternoon Monday as the dollar and yields rose, forcing th",2026-05-04T18:00:08Z,MT Newswires
GLD,investment,2026-05-05T08:57:15.830511,"Gold Slides, 30-Year Yield Hits 5.1% as Rate Fears Take Over","The PHLX Gold/Silver Sector (^XAU) is under pressure Monday as precious metals pull back across the board. SPDR Gold Shares (NYSEARCA: GLD) ETF is down 1.3% to roughly $418, while iShares Silver Trust (NYSEARCA: SLV) ETF is off 2.3% near $67 as the market reassesses what the Strait of Hormuz disruption actually means for inflation, rates ... Gold Slides, 30-Year Yield Hits 5.1% as Rate Fears Take Over",2026-05-04T15:45:19Z,24/7 Wall St.
GLD,investment,2026-05-05T08:57:15.830511,"Gold Falls as the Dollar and Yields Climb, But Remains Rangebound","Gold traded lower early Monday as the dollar and yields rose, but the precious metal remains within",2026-05-04T13:06:01Z,MT Newswires
SPY,investment,2026-05-05T08:57:26.454626,The Stock Market Is Doing Something for Only the 4th Time in 156 Years -- and History Is Very Clear About What Happens Next,Stock market indicators rarely get this extreme.,2026-05-04T20:20:00Z,Motley Fool
SPY,investment,2026-05-05T08:57:26.454626,3 Leveraged ETF Areas of April That Are Up At least 150%,"Leveraged ETFs tied to Intel, Bloom Energy and AAOI skyrocketed in April, riding AI demand, earnings strength and surging energy trends.",2026-05-04T16:00:00Z,Zacks
SPY,investment,2026-05-05T08:57:26.454626,"“If a 2% Market Move Makes You Question Your Retirement Plan, You Don’t Have One”","The host of Retire SMART Podcast Episode 405 offered a line that should sit on every pre-retiree’s refrigerator: “If the market moving 2% up or down in a single day makes you think you don’t have a good retirement plan, you don’t. I mean, that’s that simple.” The episode, titled Market Reactions Amidst Iran Conflict, ... “If a 2% Market Move Makes You Question Your Retirement Plan, You Don’t Have One”",2026-05-04T15:38:04Z,24/7 Wall St.
QQQ,investment,2026-05-05T08:57:26.574824,Can Nancy Pelosi’s Favorite AI Stock Hope to Regain Its Momentum?,"Investors are watching Tempus AI (NASDAQ:TEM) ahead of first-quarter results due after the close tomorrow. The stock burst into investor consciousness in January 2025 after Nancy Pelosi disclosed a position, ran past $100, and has since shed nearly half its value. From Pelosi Halo to Show-Me Story Pelosi’s market-beating track record has turned her trades ... Can Nancy Pelosi’s Favorite AI Stock Hope to Regain Its Momentum?",2026-05-04T18:56:13Z,24/7 Wall St.
QQQ,investment,2026-05-05T08:57:26.574824,AI Trade Sends Asian Tech Shares Up 4.7% To Record,Asian equities rallied near all-time highs as chipmakers surged and investors weighed AI momentum against oil and geopolitical risks.,2026-05-04T18:14:53Z,GuruFocus.com
QQQ,investment,2026-05-05T08:57:26.574824,Exchange-Traded Funds Lower as US Equities Drop After Midday,Broad Market Indicators Broad-market exchange-traded fund IWM and IVV fell. Actively traded In,2026-05-04T17:09:23Z,MT Newswires
VTI,investment,2026-05-05T08:57:26.705412,The Cheap Way to Own the Entire U.S. Stock Market Right Now,You don't have to overthink investing. Keep it simple.,2026-05-04T10:01:00Z,Motley Fool
VTI,investment,2026-05-05T08:57:26.705412,Tech ETFs Dominate as $11.4B Floods Into U.S. Equity Funds,"<p>Here are the daily ETF fund flows for April 30, 2026.</p>",2026-04-30T21:00:04Z,etf.com
VTI,investment,2026-05-05T08:57:26.705412,1 No-Brainer ETF to Buy Right Now for Less Than $500,"U.S. corporate earnings, valuation, and the market rotation away from tech stocks make this Vanguard ETF look like a winner.",2026-04-30T17:22:00Z,Motley Fool
ARKK,investment,2026-05-05T08:57:26.835615,Cathie Wood Is Shrugging Off CapEx Fears and Buying the Dip in Meta Platforms Stock,Cathie Wood's move signals that the market may be treating the spending surge as a temporary overhang on an otherwise intact long-term growth thesis.,2026-05-04T20:49:49Z,Barchart
ARKK,investment,2026-05-05T08:57:26.835615,"Cathie Wood Dumps $72 Million of AMD, Doubles Down on Alphabet and Meta",Cathie Wood's Latest Move Sparks Questions for Advanced Micro Devices Bulls,2026-05-04T17:21:08Z,GuruFocus.com
ARKK,investment,2026-05-05T08:57:26.835615,Cathie Wood buys $28.7 million of tumbling megacap stock,"Cathie Wood is doubling down on her buy-the-dip strategy. The Ark Invest chief just picked up shares of a megacap tech name that fell 9% after reporting results. In 2025, the flagship Ark Innovation ETF gained 35.49%, far outpacing the S&P 500’s return of 17.88% in the same period. But so ...",2026-05-04T00:03:00Z,TheStreet
GLD,investment,2026-05-05T08:57:26.984754,Update: Gold Falls as the Dollar and Yields Climb,"(Updates prices.) Gold traded lower midafternoon Monday as the dollar and yields rose, forcing th",2026-05-04T18:00:08Z,MT Newswires
GLD,investment,2026-05-05T08:57:26.984754,"Gold Slides, 30-Year Yield Hits 5.1% as Rate Fears Take Over","The PHLX Gold/Silver Sector (^XAU) is under pressure Monday as precious metals pull back across the board. SPDR Gold Shares (NYSEARCA: GLD) ETF is down 1.3% to roughly $418, while iShares Silver Trust (NYSEARCA: SLV) ETF is off 2.3% near $67 as the market reassesses what the Strait of Hormuz disruption actually means for inflation, rates ... Gold Slides, 30-Year Yield Hits 5.1% as Rate Fears Take Over",2026-05-04T15:45:19Z,24/7 Wall St.
GLD,investment,2026-05-05T08:57:26.984754,"Gold Falls as the Dollar and Yields Climb, But Remains Rangebound","Gold traded lower early Monday as the dollar and yields rose, but the precious metal remains within",2026-05-04T13:06:01Z,MT Newswires
SPY,investment,2026-05-05T08:57:38.087711,The Stock Market Is Doing Something for Only the 4th Time in 156 Years -- and History Is Very Clear About What Happens Next,Stock market indicators rarely get this extreme.,2026-05-04T20:20:00Z,Motley Fool
SPY,investment,2026-05-05T08:57:38.087711,3 Leveraged ETF Areas of April That Are Up At least 150%,"Leveraged ETFs tied to Intel, Bloom Energy and AAOI skyrocketed in April, riding AI demand, earnings strength and surging energy trends.",2026-05-04T16:00:00Z,Zacks
SPY,investment,2026-05-05T08:57:38.087711,"“If a 2% Market Move Makes You Question Your Retirement Plan, You Don’t Have One”","The host of Retire SMART Podcast Episode 405 offered a line that should sit on every pre-retiree’s refrigerator: “If the market moving 2% up or down in a single day makes you think you don’t have a good retirement plan, you don’t. I mean, that’s that simple.” The episode, titled Market Reactions Amidst Iran Conflict, ... “If a 2% Market Move Makes You Question Your Retirement Plan, You Don’t Have One”",2026-05-04T15:38:04Z,24/7 Wall St.
QQQ,investment,2026-05-05T08:57:38.239140,Can Nancy Pelosi’s Favorite AI Stock Hope to Regain Its Momentum?,"Investors are watching Tempus AI (NASDAQ:TEM) ahead of first-quarter results due after the close tomorrow. The stock burst into investor consciousness in January 2025 after Nancy Pelosi disclosed a position, ran past $100, and has since shed nearly half its value. From Pelosi Halo to Show-Me Story Pelosi’s market-beating track record has turned her trades ... Can Nancy Pelosi’s Favorite AI Stock Hope to Regain Its Momentum?",2026-05-04T18:56:13Z,24/7 Wall St.
QQQ,investment,2026-05-05T08:57:38.239140,AI Trade Sends Asian Tech Shares Up 4.7% To Record,Asian equities rallied near all-time highs as chipmakers surged and investors weighed AI momentum against oil and geopolitical risks.,2026-05-04T18:14:53Z,GuruFocus.com
QQQ,investment,2026-05-05T08:57:38.239140,Exchange-Traded Funds Lower as US Equities Drop After Midday,Broad Market Indicators Broad-market exchange-traded fund IWM and IVV fell. Actively traded In,2026-05-04T17:09:23Z,MT Newswires
VTI,investment,2026-05-05T08:57:38.384562,The Cheap Way to Own the Entire U.S. Stock Market Right Now,You don't have to overthink investing. Keep it simple.,2026-05-04T10:01:00Z,Motley Fool
VTI,investment,2026-05-05T08:57:38.385571,Tech ETFs Dominate as $11.4B Floods Into U.S. Equity Funds,"<p>Here are the daily ETF fund flows for April 30, 2026.</p>",2026-04-30T21:00:04Z,etf.com
VTI,investment,2026-05-05T08:57:38.385571,1 No-Brainer ETF to Buy Right Now for Less Than $500,"U.S. corporate earnings, valuation, and the market rotation away from tech stocks make this Vanguard ETF look like a winner.",2026-04-30T17:22:00Z,Motley Fool
ARKK,investment,2026-05-05T08:57:38.533474,Cathie Wood Is Shrugging Off CapEx Fears and Buying the Dip in Meta Platforms Stock,Cathie Wood's move signals that the market may be treating the spending surge as a temporary overhang on an otherwise intact long-term growth thesis.,2026-05-04T20:49:49Z,Barchart
ARKK,investment,2026-05-05T08:57:38.533474,"Cathie Wood Dumps $72 Million of AMD, Doubles Down on Alphabet and Meta",Cathie Wood's Latest Move Sparks Questions for Advanced Micro Devices Bulls,2026-05-04T17:21:08Z,GuruFocus.com
ARKK,investment,2026-05-05T08:57:38.533474,Cathie Wood buys $28.7 million of tumbling megacap stock,"Cathie Wood is doubling down on her buy-the-dip strategy. The Ark Invest chief just picked up shares of a megacap tech name that fell 9% after reporting results. In 2025, the flagship Ark Innovation ETF gained 35.49%, far outpacing the S&P 500’s return of 17.88% in the same period. But so ...",2026-05-04T00:03:00Z,TheStreet
GLD,investment,2026-05-05T08:57:38.694814,Update: Gold Falls as the Dollar and Yields Climb,"(Updates prices.) Gold traded lower midafternoon Monday as the dollar and yields rose, forcing th",2026-05-04T18:00:08Z,MT Newswires
GLD,investment,2026-05-05T08:57:38.694814,"Gold Slides, 30-Year Yield Hits 5.1% as Rate Fears Take Over","The PHLX Gold/Silver Sector (^XAU) is under pressure Monday as precious metals pull back across the board. SPDR Gold Shares (NYSEARCA: GLD) ETF is down 1.3% to roughly $418, while iShares Silver Trust (NYSEARCA: SLV) ETF is off 2.3% near $67 as the market reassesses what the Strait of Hormuz disruption actually means for inflation, rates ... Gold Slides, 30-Year Yield Hits 5.1% as Rate Fears Take Over",2026-05-04T15:45:19Z,24/7 Wall St.
GLD,investment,2026-05-05T08:57:38.694814,"Gold Falls as the Dollar and Yields Climb, But Remains Rangebound","Gold traded lower early Monday as the dollar and yields rose, but the precious metal remains within",2026-05-04T13:06:01Z,MT Newswires
SPY,investment,2026-05-05T06:19:49.234959,The Stock Market Is Doing Something for Only the 4th Time in 156 Years -- and History Is Very Clear About What Happens Next,Stock market indicators rarely get this extreme.,2026-05-04T20:20:00Z,Motley Fool
SPY,investment,2026-05-05T06:19:49.234972,3 Leveraged ETF Areas of April That Are Up At least 150%,"Leveraged ETFs tied to Intel, Bloom Energy and AAOI skyrocketed in April, riding AI demand, earnings strength and surging energy trends.",2026-05-04T16:00:00Z,Zacks
SPY,investment,2026-05-05T06:19:49.234975,"“If a 2% Market Move Makes You Question Your Retirement Plan, You Don’t Have One”","The host of Retire SMART Podcast Episode 405 offered a line that should sit on every pre-retiree’s refrigerator: “If the market moving 2% up or down in a single day makes you think you don’t have a good retirement plan, you don’t. I mean, that’s that simple.” The episode, titled Market Reactions Amidst Iran Conflict, ... “If a 2% Market Move Makes You Question Your Retirement Plan, You Don’t Have One”",2026-05-04T15:38:04Z,24/7 Wall St.
QQQ,investment,2026-05-05T06:19:49.344905,Can Nancy Pelosi’s Favorite AI Stock Hope to Regain Its Momentum?,"Investors are watching Tempus AI (NASDAQ:TEM) ahead of first-quarter results due after the close tomorrow. The stock burst into investor consciousness in January 2025 after Nancy Pelosi disclosed a position, ran past $100, and has since shed nearly half its value. From Pelosi Halo to Show-Me Story Pelosi’s market-beating track record has turned her trades ... Can Nancy Pelosi’s Favorite AI Stock Hope to Regain Its Momentum?",2026-05-04T18:56:13Z,24/7 Wall St.
QQQ,investment,2026-05-05T06:19:49.344918,AI Trade Sends Asian Tech Shares Up 4.7% To Record,Asian equities rallied near all-time highs as chipmakers surged and investors weighed AI momentum against oil and geopolitical risks.,2026-05-04T18:14:53Z,GuruFocus.com
QQQ,investment,2026-05-05T06:19:49.344920,Exchange-Traded Funds Lower as US Equities Drop After Midday,Broad Market Indicators Broad-market exchange-traded fund IWM and IVV fell. Actively traded In,2026-05-04T17:09:23Z,MT Newswires
VTI,investment,2026-05-05T06:19:49.445021,The Cheap Way to Own the Entire U.S. Stock Market Right Now,You don't have to overthink investing. Keep it simple.,2026-05-04T10:01:00Z,Motley Fool
VTI,investment,2026-05-05T06:19:49.445034,Tech ETFs Dominate as $11.4B Floods Into U.S. Equity Funds,"<p>Here are the daily ETF fund flows for April 30, 2026.</p>",2026-04-30T21:00:04Z,etf.com
VTI,investment,2026-05-05T06:19:49.445037,1 No-Brainer ETF to Buy Right Now for Less Than $500,"U.S. corporate earnings, valuation, and the market rotation away from tech stocks make this Vanguard ETF look like a winner.",2026-04-30T17:22:00Z,Motley Fool
ARKK,investment,2026-05-05T06:19:49.579543,Cathie Wood Is Shrugging Off CapEx Fears and Buying the Dip in Meta Platforms Stock,Cathie Wood's move signals that the market may be treating the spending surge as a temporary overhang on an otherwise intact long-term growth thesis.,2026-05-04T20:49:49Z,Barchart
ARKK,investment,2026-05-05T06:19:49.579557,"Cathie Wood Dumps $72 Million of AMD, Doubles Down on Alphabet and Meta",Cathie Wood's Latest Move Sparks Questions for Advanced Micro Devices Bulls,2026-05-04T17:21:08Z,GuruFocus.com
ARKK,investment,2026-05-05T06:19:49.579559,Cathie Wood buys $28.7 million of tumbling megacap stock,"Cathie Wood is doubling down on her buy-the-dip strategy. The Ark Invest chief just picked up shares of a megacap tech name that fell 9% after reporting results. In 2025, the flagship Ark Innovation ETF gained 35.49%, far outpacing the S&P 500’s return of 17.88% in the same period. But so ...",2026-05-04T00:03:00Z,TheStreet
GLD,investment,2026-05-05T06:19:49.793023,Update: Gold Falls as the Dollar and Yields Climb,"(Updates prices.) Gold traded lower midafternoon Monday as the dollar and yields rose, forcing th",2026-05-04T18:00:08Z,MT Newswires
GLD,investment,2026-05-05T06:19:49.793037,"Gold Slides, 30-Year Yield Hits 5.1% as Rate Fears Take Over","The PHLX Gold/Silver Sector (^XAU) is under pressure Monday as precious metals pull back across the board. SPDR Gold Shares (NYSEARCA: GLD) ETF is down 1.3% to roughly $418, while iShares Silver Trust (NYSEARCA: SLV) ETF is off 2.3% near $67 as the market reassesses what the Strait of Hormuz disruption actually means for inflation, rates ... Gold Slides, 30-Year Yield Hits 5.1% as Rate Fears Take Over",2026-05-04T15:45:19Z,24/7 Wall St.
GLD,investment,2026-05-05T06:19:49.793039,"Gold Falls as the Dollar and Yields Climb, But Remains Rangebound","Gold traded lower early Monday as the dollar and yields rose, but the precious metal remains within",2026-05-04T13:06:01Z,MT Newswires
SPY,investment,2026-05-05T06:20:00.612509,The Stock Market Is Doing Something for Only the 4th Time in 156 Years -- and History Is Very Clear About What Happens Next,Stock market indicators rarely get this extreme.,2026-05-04T20:20:00Z,Motley Fool
SPY,investment,2026-05-05T06:20:00.612524,3 Leveraged ETF Areas of April That Are Up At least 150%,"Leveraged ETFs tied to Intel, Bloom Energy and AAOI skyrocketed in April, riding AI demand, earnings strength and surging energy trends.",2026-05-04T16:00:00Z,Zacks
SPY,investment,2026-05-05T06:20:00.612527,"“If a 2% Market Move Makes You Question Your Retirement Plan, You Don’t Have One”","The host of Retire SMART Podcast Episode 405 offered a line that should sit on every pre-retiree’s refrigerator: “If the market moving 2% up or down in a single day makes you think you don’t have a good retirement plan, you don’t. I mean, that’s that simple.” The episode, titled Market Reactions Amidst Iran Conflict, ... “If a 2% Market Move Makes You Question Your Retirement Plan, You Don’t Have One”",2026-05-04T15:38:04Z,24/7 Wall St.
QQQ,investment,2026-05-05T06:20:00.800340,Can Nancy Pelosi’s Favorite AI Stock Hope to Regain Its Momentum?,"Investors are watching Tempus AI (NASDAQ:TEM) ahead of first-quarter results due after the close tomorrow. The stock burst into investor consciousness in January 2025 after Nancy Pelosi disclosed a position, ran past $100, and has since shed nearly half its value. From Pelosi Halo to Show-Me Story Pelosi’s market-beating track record has turned her trades ... Can Nancy Pelosi’s Favorite AI Stock Hope to Regain Its Momentum?",2026-05-04T18:56:13Z,24/7 Wall St.
QQQ,investment,2026-05-05T06:20:00.800355,AI Trade Sends Asian Tech Shares Up 4.7% To Record,Asian equities rallied near all-time highs as chipmakers surged and investors weighed AI momentum against oil and geopolitical risks.,2026-05-04T18:14:53Z,GuruFocus.com
QQQ,investment,2026-05-05T06:20:00.800358,Exchange-Traded Funds Lower as US Equities Drop After Midday,Broad Market Indicators Broad-market exchange-traded fund IWM and IVV fell. Actively traded In,2026-05-04T17:09:23Z,MT Newswires
VTI,investment,2026-05-05T06:20:00.946695,The Cheap Way to Own the Entire U.S. Stock Market Right Now,You don't have to overthink investing. Keep it simple.,2026-05-04T10:01:00Z,Motley Fool
VTI,investment,2026-05-05T06:20:00.946710,Tech ETFs Dominate as $11.4B Floods Into U.S. Equity Funds,"<p>Here are the daily ETF fund flows for April 30, 2026.</p>",2026-04-30T21:00:04Z,etf.com
VTI,investment,2026-05-05T06:20:00.946713,1 No-Brainer ETF to Buy Right Now for Less Than $500,"U.S. corporate earnings, valuation, and the market rotation away from tech stocks make this Vanguard ETF look like a winner.",2026-04-30T17:22:00Z,Motley Fool
ARKK,investment,2026-05-05T06:20:01.215434,Cathie Wood Is Shrugging Off CapEx Fears and Buying the Dip in Meta Platforms Stock,Cathie Wood's move signals that the market may be treating the spending surge as a temporary overhang on an otherwise intact long-term growth thesis.,2026-05-04T20:49:49Z,Barchart
ARKK,investment,2026-05-05T06:20:01.215449,"Cathie Wood Dumps $72 Million of AMD, Doubles Down on Alphabet and Meta",Cathie Wood's Latest Move Sparks Questions for Advanced Micro Devices Bulls,2026-05-04T17:21:08Z,GuruFocus.com
ARKK,investment,2026-05-05T06:20:01.215452,Cathie Wood buys $28.7 million of tumbling megacap stock,"Cathie Wood is doubling down on her buy-the-dip strategy. The Ark Invest chief just picked up shares of a megacap tech name that fell 9% after reporting results. In 2025, the flagship Ark Innovation ETF gained 35.49%, far outpacing the S&P 500’s return of 17.88% in the same period. But so ...",2026-05-04T00:03:00Z,TheStreet
GLD,investment,2026-05-05T06:20:01.398534,Update: Gold Falls as the Dollar and Yields Climb,"(Updates prices.) Gold traded lower midafternoon Monday as the dollar and yields rose, forcing th",2026-05-04T18:00:08Z,MT Newswires
GLD,investment,2026-05-05T06:20:01.398549,"Gold Slides, 30-Year Yield Hits 5.1% as Rate Fears Take Over","The PHLX Gold/Silver Sector (^XAU) is under pressure Monday as precious metals pull back across the board. SPDR Gold Shares (NYSEARCA: GLD) ETF is down 1.3% to roughly $418, while iShares Silver Trust (NYSEARCA: SLV) ETF is off 2.3% near $67 as the market reassesses what the Strait of Hormuz disruption actually means for inflation, rates ... Gold Slides, 30-Year Yield Hits 5.1% as Rate Fears Take Over",2026-05-04T15:45:19Z,24/7 Wall St.
GLD,investment,2026-05-05T06:20:01.398552,"Gold Falls as the Dollar and Yields Climb, But Remains Rangebound","Gold traded lower early Monday as the dollar and yields rose, but the precious metal remains within",2026-05-04T13:06:01Z,MT Newswires
SPY,investment,2026-05-05T06:20:11.676331,The Stock Market Is Doing Something for Only the 4th Time in 156 Years -- and History Is Very Clear About What Happens Next,Stock market indicators rarely get this extreme.,2026-05-04T20:20:00Z,Motley Fool
SPY,investment,2026-05-05T06:20:11.676346,3 Leveraged ETF Areas of April That Are Up At least 150%,"Leveraged ETFs tied to Intel, Bloom Energy and AAOI skyrocketed in April, riding AI demand, earnings strength and surging energy trends.",2026-05-04T16:00:00Z,Zacks
SPY,investment,2026-05-05T06:20:11.676349,"“If a 2% Market Move Makes You Question Your Retirement Plan, You Don’t Have One”","The host of Retire SMART Podcast Episode 405 offered a line that should sit on every pre-retiree’s refrigerator: “If the market moving 2% up or down in a single day makes you think you don’t have a good retirement plan, you don’t. I mean, that’s that simple.” The episode, titled Market Reactions Amidst Iran Conflict, ... “If a 2% Market Move Makes You Question Your Retirement Plan, You Don’t Have One”",2026-05-04T15:38:04Z,24/7 Wall St.
QQQ,investment,2026-05-05T06:20:11.818634,Can Nancy Pelosi’s Favorite AI Stock Hope to Regain Its Momentum?,"Investors are watching Tempus AI (NASDAQ:TEM) ahead of first-quarter results due after the close tomorrow. The stock burst into investor consciousness in January 2025 after Nancy Pelosi disclosed a position, ran past $100, and has since shed nearly half its value. From Pelosi Halo to Show-Me Story Pelosi’s market-beating track record has turned her trades ... Can Nancy Pelosi’s Favorite AI Stock Hope to Regain Its Momentum?",2026-05-04T18:56:13Z,24/7 Wall St.
QQQ,investment,2026-05-05T06:20:11.818647,AI Trade Sends Asian Tech Shares Up 4.7% To Record,Asian equities rallied near all-time highs as chipmakers surged and investors weighed AI momentum against oil and geopolitical risks.,2026-05-04T18:14:53Z,GuruFocus.com
QQQ,investment,2026-05-05T06:20:11.818650,Exchange-Traded Funds Lower as US Equities Drop After Midday,Broad Market Indicators Broad-market exchange-traded fund IWM and IVV fell. Actively traded In,2026-05-04T17:09:23Z,MT Newswires
VTI,investment,2026-05-05T06:20:11.952983,The Cheap Way to Own the Entire U.S. Stock Market Right Now,You don't have to overthink investing. Keep it simple.,2026-05-04T10:01:00Z,Motley Fool
VTI,investment,2026-05-05T06:20:11.952997,Tech ETFs Dominate as $11.4B Floods Into U.S. Equity Funds,"<p>Here are the daily ETF fund flows for April 30, 2026.</p>",2026-04-30T21:00:04Z,etf.com
VTI,investment,2026-05-05T06:20:11.953000,1 No-Brainer ETF to Buy Right Now for Less Than $500,"U.S. corporate earnings, valuation, and the market rotation away from tech stocks make this Vanguard ETF look like a winner.",2026-04-30T17:22:00Z,Motley Fool
ARKK,investment,2026-05-05T06:20:12.089860,Cathie Wood Is Shrugging Off CapEx Fears and Buying the Dip in Meta Platforms Stock,Cathie Wood's move signals that the market may be treating the spending surge as a temporary overhang on an otherwise intact long-term growth thesis.,2026-05-04T20:49:49Z,Barchart
ARKK,investment,2026-05-05T06:20:12.089873,"Cathie Wood Dumps $72 Million of AMD, Doubles Down on Alphabet and Meta",Cathie Wood's Latest Move Sparks Questions for Advanced Micro Devices Bulls,2026-05-04T17:21:08Z,GuruFocus.com
ARKK,investment,2026-05-05T06:20:12.089876,Cathie Wood buys $28.7 million of tumbling megacap stock,"Cathie Wood is doubling down on her buy-the-dip strategy. The Ark Invest chief just picked up shares of a megacap tech name that fell 9% after reporting results. In 2025, the flagship Ark Innovation ETF gained 35.49%, far outpacing the S&P 500’s return of 17.88% in the same period. But so ...",2026-05-04T00:03:00Z,TheStreet
GLD,investment,2026-05-05T06:20:12.218926,Update: Gold Falls as the Dollar and Yields Climb,"(Updates prices.) Gold traded lower midafternoon Monday as the dollar and yields rose, forcing th",2026-05-04T18:00:08Z,MT Newswires
GLD,investment,2026-05-05T06:20:12.218941,"Gold Slides, 30-Year Yield Hits 5.1% as Rate Fears Take Over","The PHLX Gold/Silver Sector (^XAU) is under pressure Monday as precious metals pull back across the board. SPDR Gold Shares (NYSEARCA: GLD) ETF is down 1.3% to roughly $418, while iShares Silver Trust (NYSEARCA: SLV) ETF is off 2.3% near $67 as the market reassesses what the Strait of Hormuz disruption actually means for inflation, rates ... Gold Slides, 30-Year Yield Hits 5.1% as Rate Fears Take Over",2026-05-04T15:45:19Z,24/7 Wall St.
GLD,investment,2026-05-05T06:20:12.218943,"Gold Falls as the Dollar and Yields Climb, But Remains Rangebound","Gold traded lower early Monday as the dollar and yields rose, but the precious metal remains within",2026-05-04T13:06:01Z,MT Newswires
SPY,investment,2026-05-05T06:20:23.067879,The Stock Market Is Doing Something for Only the 4th Time in 156 Years -- and History Is Very Clear About What Happens Next,Stock market indicators rarely get this extreme.,2026-05-04T20:20:00Z,Motley Fool
SPY,investment,2026-05-05T06:20:23.067893,3 Leveraged ETF Areas of April That Are Up At least 150%,"Leveraged ETFs tied to Intel, Bloom Energy and AAOI skyrocketed in April, riding AI demand, earnings strength and surging energy trends.",2026-05-04T16:00:00Z,Zacks
SPY,investment,2026-05-05T06:20:23.067896,"“If a 2% Market Move Makes You Question Your Retirement Plan, You Don’t Have One”","The host of Retire SMART Podcast Episode 405 offered a line that should sit on every pre-retiree’s refrigerator: “If the market moving 2% up or down in a single day makes you think you don’t have a good retirement plan, you don’t. I mean, that’s that simple.” The episode, titled Market Reactions Amidst Iran Conflict, ... “If a 2% Market Move Makes You Question Your Retirement Plan, You Don’t Have One”",2026-05-04T15:38:04Z,24/7 Wall St.
QQQ,investment,2026-05-05T06:20:23.210258,Can Nancy Pelosi’s Favorite AI Stock Hope to Regain Its Momentum?,"Investors are watching Tempus AI (NASDAQ:TEM) ahead of first-quarter results due after the close tomorrow. The stock burst into investor consciousness in January 2025 after Nancy Pelosi disclosed a position, ran past $100, and has since shed nearly half its value. From Pelosi Halo to Show-Me Story Pelosi’s market-beating track record has turned her trades ... Can Nancy Pelosi’s Favorite AI Stock Hope to Regain Its Momentum?",2026-05-04T18:56:13Z,24/7 Wall St.
QQQ,investment,2026-05-05T06:20:23.210273,AI Trade Sends Asian Tech Shares Up 4.7% To Record,Asian equities rallied near all-time highs as chipmakers surged and investors weighed AI momentum against oil and geopolitical risks.,2026-05-04T18:14:53Z,GuruFocus.com
QQQ,investment,2026-05-05T06:20:23.210276,Exchange-Traded Funds Lower as US Equities Drop After Midday,Broad Market Indicators Broad-market exchange-traded fund IWM and IVV fell. Actively traded In,2026-05-04T17:09:23Z,MT Newswires
VTI,investment,2026-05-05T06:20:23.349866,The Cheap Way to Own the Entire U.S. Stock Market Right Now,You don't have to overthink investing. Keep it simple.,2026-05-04T10:01:00Z,Motley Fool
VTI,investment,2026-05-05T06:20:23.349881,Tech ETFs Dominate as $11.4B Floods Into U.S. Equity Funds,"<p>Here are the daily ETF fund flows for April 30, 2026.</p>",2026-04-30T21:00:04Z,etf.com
VTI,investment,2026-05-05T06:20:23.349883,1 No-Brainer ETF to Buy Right Now for Less Than $500,"U.S. corporate earnings, valuation, and the market rotation away from tech stocks make this Vanguard ETF look like a winner.",2026-04-30T17:22:00Z,Motley Fool
ARKK,investment,2026-05-05T06:20:23.545909,Cathie Wood Is Shrugging Off CapEx Fears and Buying the Dip in Meta Platforms Stock,Cathie Wood's move signals that the market may be treating the spending surge as a temporary overhang on an otherwise intact long-term growth thesis.,2026-05-04T20:49:49Z,Barchart
ARKK,investment,2026-05-05T06:20:23.545925,"Cathie Wood Dumps $72 Million of AMD, Doubles Down on Alphabet and Meta",Cathie Wood's Latest Move Sparks Questions for Advanced Micro Devices Bulls,2026-05-04T17:21:08Z,GuruFocus.com
ARKK,investment,2026-05-05T06:20:23.545927,Cathie Wood buys $28.7 million of tumbling megacap stock,"Cathie Wood is doubling down on her buy-the-dip strategy. The Ark Invest chief just picked up shares of a megacap tech name that fell 9% after reporting results. In 2025, the flagship Ark Innovation ETF gained 35.49%, far outpacing the S&P 500’s return of 17.88% in the same period. But so ...",2026-05-04T00:03:00Z,TheStreet
GLD,investment,2026-05-05T06:20:23.688029,Update: Gold Falls as the Dollar and Yields Climb,"(Updates prices.) Gold traded lower midafternoon Monday as the dollar and yields rose, forcing th",2026-05-04T18:00:08Z,MT Newswires
GLD,investment,2026-05-05T06:20:23.688043,"Gold Slides, 30-Year Yield Hits 5.1% as Rate Fears Take Over","The PHLX Gold/Silver Sector (^XAU) is under pressure Monday as precious metals pull back across the board. SPDR Gold Shares (NYSEARCA: GLD) ETF is down 1.3% to roughly $418, while iShares Silver Trust (NYSEARCA: SLV) ETF is off 2.3% near $67 as the market reassesses what the Strait of Hormuz disruption actually means for inflation, rates ... Gold Slides, 30-Year Yield Hits 5.1% as Rate Fears Take Over",2026-05-04T15:45:19Z,24/7 Wall St.
GLD,investment,2026-05-05T06:20:23.688046,"Gold Falls as the Dollar and Yields Climb, But Remains Rangebound","Gold traded lower early Monday as the dollar and yields rose, but the precious metal remains within",2026-05-04T13:06:01Z,MT Newswires
SPY,investment,2026-05-05T06:20:33.759367,The Stock Market Is Doing Something for Only the 4th Time in 156 Years -- and History Is Very Clear About What Happens Next,Stock market indicators rarely get this extreme.,2026-05-04T20:20:00Z,Motley Fool
SPY,investment,2026-05-05T06:20:33.759381,3 Leveraged ETF Areas of April That Are Up At least 150%,"Leveraged ETFs tied to Intel, Bloom Energy and AAOI skyrocketed in April, riding AI demand, earnings strength and surging energy trends.",2026-05-04T16:00:00Z,Zacks
SPY,investment,2026-05-05T06:20:33.759384,"“If a 2% Market Move Makes You Question Your Retirement Plan, You Don’t Have One”","The host of Retire SMART Podcast Episode 405 offered a line that should sit on every pre-retiree’s refrigerator: “If the market moving 2% up or down in a single day makes you think you don’t have a good retirement plan, you don’t. I mean, that’s that simple.” The episode, titled Market Reactions Amidst Iran Conflict, ... “If a 2% Market Move Makes You Question Your Retirement Plan, You Don’t Have One”",2026-05-04T15:38:04Z,24/7 Wall St.
QQQ,investment,2026-05-05T06:20:33.885799,Can Nancy Pelosi’s Favorite AI Stock Hope to Regain Its Momentum?,"Investors are watching Tempus AI (NASDAQ:TEM) ahead of first-quarter results due after the close tomorrow. The stock burst into investor consciousness in January 2025 after Nancy Pelosi disclosed a position, ran past $100, and has since shed nearly half its value. From Pelosi Halo to Show-Me Story Pelosi’s market-beating track record has turned her trades ... Can Nancy Pelosi’s Favorite AI Stock Hope to Regain Its Momentum?",2026-05-04T18:56:13Z,24/7 Wall St.
QQQ,investment,2026-05-05T06:20:33.885814,AI Trade Sends Asian Tech Shares Up 4.7% To Record,Asian equities rallied near all-time highs as chipmakers surged and investors weighed AI momentum against oil and geopolitical risks.,2026-05-04T18:14:53Z,GuruFocus.com
QQQ,investment,2026-05-05T06:20:33.885817,Exchange-Traded Funds Lower as US Equities Drop After Midday,Broad Market Indicators Broad-market exchange-traded fund IWM and IVV fell. Actively traded In,2026-05-04T17:09:23Z,MT Newswires
VTI,investment,2026-05-05T06:20:34.012218,The Cheap Way to Own the Entire U.S. Stock Market Right Now,You don't have to overthink investing. Keep it simple.,2026-05-04T10:01:00Z,Motley Fool
VTI,investment,2026-05-05T06:20:34.012233,Tech ETFs Dominate as $11.4B Floods Into U.S. Equity Funds,"<p>Here are the daily ETF fund flows for April 30, 2026.</p>",2026-04-30T21:00:04Z,etf.com
VTI,investment,2026-05-05T06:20:34.012235,1 No-Brainer ETF to Buy Right Now for Less Than $500,"U.S. corporate earnings, valuation, and the market rotation away from tech stocks make this Vanguard ETF look like a winner.",2026-04-30T17:22:00Z,Motley Fool
ARKK,investment,2026-05-05T06:20:34.146962,Cathie Wood Is Shrugging Off CapEx Fears and Buying the Dip in Meta Platforms Stock,Cathie Wood's move signals that the market may be treating the spending surge as a temporary overhang on an otherwise intact long-term growth thesis.,2026-05-04T20:49:49Z,Barchart
ARKK,investment,2026-05-05T06:20:34.146977,"Cathie Wood Dumps $72 Million of AMD, Doubles Down on Alphabet and Meta",Cathie Wood's Latest Move Sparks Questions for Advanced Micro Devices Bulls,2026-05-04T17:21:08Z,GuruFocus.com
ARKK,investment,2026-05-05T06:20:34.146979,Cathie Wood buys $28.7 million of tumbling megacap stock,"Cathie Wood is doubling down on her buy-the-dip strategy. The Ark Invest chief just picked up shares of a megacap tech name that fell 9% after reporting results. In 2025, the flagship Ark Innovation ETF gained 35.49%, far outpacing the S&P 500’s return of 17.88% in the same period. But so ...",2026-05-04T00:03:00Z,TheStreet
GLD,investment,2026-05-05T06:20:34.281482,Update: Gold Falls as the Dollar and Yields Climb,"(Updates prices.) Gold traded lower midafternoon Monday as the dollar and yields rose, forcing th",2026-05-04T18:00:08Z,MT Newswires
GLD,investment,2026-05-05T06:20:34.281496,"Gold Slides, 30-Year Yield Hits 5.1% as Rate Fears Take Over","The PHLX Gold/Silver Sector (^XAU) is under pressure Monday as precious metals pull back across the board. SPDR Gold Shares (NYSEARCA: GLD) ETF is down 1.3% to roughly $418, while iShares Silver Trust (NYSEARCA: SLV) ETF is off 2.3% near $67 as the market reassesses what the Strait of Hormuz disruption actually means for inflation, rates ... Gold Slides, 30-Year Yield Hits 5.1% as Rate Fears Take Over",2026-05-04T15:45:19Z,24/7 Wall St.
GLD,investment,2026-05-05T06:20:34.281499,"Gold Falls as the Dollar and Yields Climb, But Remains Rangebound","Gold traded lower early Monday as the dollar and yields rose, but the precious metal remains within",2026-05-04T13:06:01Z,MT Newswires
SPY,investment,2026-05-05T06:20:44.594613,The Stock Market Is Doing Something for Only the 4th Time in 156 Years -- and History Is Very Clear About What Happens Next,Stock market indicators rarely get this extreme.,2026-05-04T20:20:00Z,Motley Fool
SPY,investment,2026-05-05T06:20:44.594627,3 Leveraged ETF Areas of April That Are Up At least 150%,"Leveraged ETFs tied to Intel, Bloom Energy and AAOI skyrocketed in April, riding AI demand, earnings strength and surging energy trends.",2026-05-04T16:00:00Z,Zacks
SPY,investment,2026-05-05T06:20:44.594629,"“If a 2% Market Move Makes You Question Your Retirement Plan, You Don’t Have One”","The host of Retire SMART Podcast Episode 405 offered a line that should sit on every pre-retiree’s refrigerator: “If the market moving 2% up or down in a single day makes you think you don’t have a good retirement plan, you don’t. I mean, that’s that simple.” The episode, titled Market Reactions Amidst Iran Conflict, ... “If a 2% Market Move Makes You Question Your Retirement Plan, You Don’t Have One”",2026-05-04T15:38:04Z,24/7 Wall St.
QQQ,investment,2026-05-05T06:20:44.744681,Can Nancy Pelosi’s Favorite AI Stock Hope to Regain Its Momentum?,"Investors are watching Tempus AI (NASDAQ:TEM) ahead of first-quarter results due after the close tomorrow. The stock burst into investor consciousness in January 2025 after Nancy Pelosi disclosed a position, ran past $100, and has since shed nearly half its value. From Pelosi Halo to Show-Me Story Pelosi’s market-beating track record has turned her trades ... Can Nancy Pelosi’s Favorite AI Stock Hope to Regain Its Momentum?",2026-05-04T18:56:13Z,24/7 Wall St.
QQQ,investment,2026-05-05T06:20:44.744695,AI Trade Sends Asian Tech Shares Up 4.7% To Record,Asian equities rallied near all-time highs as chipmakers surged and investors weighed AI momentum against oil and geopolitical risks.,2026-05-04T18:14:53Z,GuruFocus.com
QQQ,investment,2026-05-05T06:20:44.744698,Exchange-Traded Funds Lower as US Equities Drop After Midday,Broad Market Indicators Broad-market exchange-traded fund IWM and IVV fell. Actively traded In,2026-05-04T17:09:23Z,MT Newswires
VTI,investment,2026-05-05T06:20:44.986510,The Cheap Way to Own the Entire U.S. Stock Market Right Now,You don't have to overthink investing. Keep it simple.,2026-05-04T10:01:00Z,Motley Fool
VTI,investment,2026-05-05T06:20:44.986524,Tech ETFs Dominate as $11.4B Floods Into U.S. Equity Funds,"<p>Here are the daily ETF fund flows for April 30, 2026.</p>",2026-04-30T21:00:04Z,etf.com
VTI,investment,2026-05-05T06:20:44.986527,1 No-Brainer ETF to Buy Right Now for Less Than $500,"U.S. corporate earnings, valuation, and the market rotation away from tech stocks make this Vanguard ETF look like a winner.",2026-04-30T17:22:00Z,Motley Fool
ARKK,investment,2026-05-05T06:20:45.143788,Cathie Wood Is Shrugging Off CapEx Fears and Buying the Dip in Meta Platforms Stock,Cathie Wood's move signals that the market may be treating the spending surge as a temporary overhang on an otherwise intact long-term growth thesis.,2026-05-04T20:49:49Z,Barchart
ARKK,investment,2026-05-05T06:20:45.143801,"Cathie Wood Dumps $72 Million of AMD, Doubles Down on Alphabet and Meta",Cathie Wood's Latest Move Sparks Questions for Advanced Micro Devices Bulls,2026-05-04T17:21:08Z,GuruFocus.com
ARKK,investment,2026-05-05T06:20:45.143803,Cathie Wood buys $28.7 million of tumbling megacap stock,"Cathie Wood is doubling down on her buy-the-dip strategy. The Ark Invest chief just picked up shares of a megacap tech name that fell 9% after reporting results. In 2025, the flagship Ark Innovation ETF gained 35.49%, far outpacing the S&P 500’s return of 17.88% in the same period. But so ...",2026-05-04T00:03:00Z,TheStreet
GLD,investment,2026-05-05T06:20:45.362470,Update: Gold Falls as the Dollar and Yields Climb,"(Updates prices.) Gold traded lower midafternoon Monday as the dollar and yields rose, forcing th",2026-05-04T18:00:08Z,MT Newswires
GLD,investment,2026-05-05T06:20:45.362483,"Gold Slides, 30-Year Yield Hits 5.1% as Rate Fears Take Over","The PHLX Gold/Silver Sector (^XAU) is under pressure Monday as precious metals pull back across the board. SPDR Gold Shares (NYSEARCA: GLD) ETF is down 1.3% to roughly $418, while iShares Silver Trust (NYSEARCA: SLV) ETF is off 2.3% near $67 as the market reassesses what the Strait of Hormuz disruption actually means for inflation, rates ... Gold Slides, 30-Year Yield Hits 5.1% as Rate Fears Take Over",2026-05-04T15:45:19Z,24/7 Wall St.
GLD,investment,2026-05-05T06:20:45.362486,"Gold Falls as the Dollar and Yields Climb, But Remains Rangebound","Gold traded lower early Monday as the dollar and yields rose, but the precious metal remains within",2026-05-04T13:06:01Z,MT Newswires
SPY,investment,2026-05-05T06:20:54.616692,The Stock Market Is Doing Something for Only the 4th Time in 156 Years -- and History Is Very Clear About What Happens Next,Stock market indicators rarely get this extreme.,2026-05-04T20:20:00Z,Motley Fool
SPY,investment,2026-05-05T06:20:54.616706,3 Leveraged ETF Areas of April That Are Up At least 150%,"Leveraged ETFs tied to Intel, Bloom Energy and AAOI skyrocketed in April, riding AI demand, earnings strength and surging energy trends.",2026-05-04T16:00:00Z,Zacks
SPY,investment,2026-05-05T06:20:54.616709,"“If a 2% Market Move Makes You Question Your Retirement Plan, You Don’t Have One”","The host of Retire SMART Podcast Episode 405 offered a line that should sit on every pre-retiree’s refrigerator: “If the market moving 2% up or down in a single day makes you think you don’t have a good retirement plan, you don’t. I mean, that’s that simple.” The episode, titled Market Reactions Amidst Iran Conflict, ... “If a 2% Market Move Makes You Question Your Retirement Plan, You Don’t Have One”",2026-05-04T15:38:04Z,24/7 Wall St.
QQQ,investment,2026-05-05T06:20:54.729174,Can Nancy Pelosi’s Favorite AI Stock Hope to Regain Its Momentum?,"Investors are watching Tempus AI (NASDAQ:TEM) ahead of first-quarter results due after the close tomorrow. The stock burst into investor consciousness in January 2025 after Nancy Pelosi disclosed a position, ran past $100, and has since shed nearly half its value. From Pelosi Halo to Show-Me Story Pelosi’s market-beating track record has turned her trades ... Can Nancy Pelosi’s Favorite AI Stock Hope to Regain Its Momentum?",2026-05-04T18:56:13Z,24/7 Wall St.
QQQ,investment,2026-05-05T06:20:54.729188,AI Trade Sends Asian Tech Shares Up 4.7% To Record,Asian equities rallied near all-time highs as chipmakers surged and investors weighed AI momentum against oil and geopolitical risks.,2026-05-04T18:14:53Z,GuruFocus.com
QQQ,investment,2026-05-05T06:20:54.729190,Exchange-Traded Funds Lower as US Equities Drop After Midday,Broad Market Indicators Broad-market exchange-traded fund IWM and IVV fell. Actively traded In,2026-05-04T17:09:23Z,MT Newswires
VTI,investment,2026-05-05T06:20:54.838424,The Cheap Way to Own the Entire U.S. Stock Market Right Now,You don't have to overthink investing. Keep it simple.,2026-05-04T10:01:00Z,Motley Fool
VTI,investment,2026-05-05T06:20:54.838438,Tech ETFs Dominate as $11.4B Floods Into U.S. Equity Funds,"<p>Here are the daily ETF fund flows for April 30, 2026.</p>",2026-04-30T21:00:04Z,etf.com
VTI,investment,2026-05-05T06:20:54.838441,1 No-Brainer ETF to Buy Right Now for Less Than $500,"U.S. corporate earnings, valuation, and the market rotation away from tech stocks make this Vanguard ETF look like a winner.",2026-04-30T17:22:00Z,Motley Fool
ARKK,investment,2026-05-05T06:20:54.958325,Cathie Wood Is Shrugging Off CapEx Fears and Buying the Dip in Meta Platforms Stock,Cathie Wood's move signals that the market may be treating the spending surge as a temporary overhang on an otherwise intact long-term growth thesis.,2026-05-04T20:49:49Z,Barchart
ARKK,investment,2026-05-05T06:20:54.958340,"Cathie Wood Dumps $72 Million of AMD, Doubles Down on Alphabet and Meta",Cathie Wood's Latest Move Sparks Questions for Advanced Micro Devices Bulls,2026-05-04T17:21:08Z,GuruFocus.com
ARKK,investment,2026-05-05T06:20:54.958342,Cathie Wood buys $28.7 million of tumbling megacap stock,"Cathie Wood is doubling down on her buy-the-dip strategy. The Ark Invest chief just picked up shares of a megacap tech name that fell 9% after reporting results. In 2025, the flagship Ark Innovation ETF gained 35.49%, far outpacing the S&P 500’s return of 17.88% in the same period. But so ...",2026-05-04T00:03:00Z,TheStreet
GLD,investment,2026-05-05T06:20:55.072182,Update: Gold Falls as the Dollar and Yields Climb,"(Updates prices.) Gold traded lower midafternoon Monday as the dollar and yields rose, forcing th",2026-05-04T18:00:08Z,MT Newswires
GLD,investment,2026-05-05T06:20:55.072197,"Gold Slides, 30-Year Yield Hits 5.1% as Rate Fears Take Over","The PHLX Gold/Silver Sector (^XAU) is under pressure Monday as precious metals pull back across the board. SPDR Gold Shares (NYSEARCA: GLD) ETF is down 1.3% to roughly $418, while iShares Silver Trust (NYSEARCA: SLV) ETF is off 2.3% near $67 as the market reassesses what the Strait of Hormuz disruption actually means for inflation, rates ... Gold Slides, 30-Year Yield Hits 5.1% as Rate Fears Take Over",2026-05-04T15:45:19Z,24/7 Wall St.
GLD,investment,2026-05-05T06:20:55.072199,"Gold Falls as the Dollar and Yields Climb, But Remains Rangebound","Gold traded lower early Monday as the dollar and yields rose, but the precious metal remains within",2026-05-04T13:06:01Z,MT Newswires
SPY,investment,2026-05-05T06:21:05.402767,The Stock Market Is Doing Something for Only the 4th Time in 156 Years -- and History Is Very Clear About What Happens Next,Stock market indicators rarely get this extreme.,2026-05-04T20:20:00Z,Motley Fool
SPY,investment,2026-05-05T06:21:05.402781,3 Leveraged ETF Areas of April That Are Up At least 150%,"Leveraged ETFs tied to Intel, Bloom Energy and AAOI skyrocketed in April, riding AI demand, earnings strength and surging energy trends.",2026-05-04T16:00:00Z,Zacks
SPY,investment,2026-05-05T06:21:05.402784,"“If a 2% Market Move Makes You Question Your Retirement Plan, You Don’t Have One”","The host of Retire SMART Podcast Episode 405 offered a line that should sit on every pre-retiree’s refrigerator: “If the market moving 2% up or down in a single day makes you think you don’t have a good retirement plan, you don’t. I mean, that’s that simple.” The episode, titled Market Reactions Amidst Iran Conflict, ... “If a 2% Market Move Makes You Question Your Retirement Plan, You Don’t Have One”",2026-05-04T15:38:04Z,24/7 Wall St.
QQQ,investment,2026-05-05T06:21:05.565143,Can Nancy Pelosi’s Favorite AI Stock Hope to Regain Its Momentum?,"Investors are watching Tempus AI (NASDAQ:TEM) ahead of first-quarter results due after the close tomorrow. The stock burst into investor consciousness in January 2025 after Nancy Pelosi disclosed a position, ran past $100, and has since shed nearly half its value. From Pelosi Halo to Show-Me Story Pelosi’s market-beating track record has turned her trades ... Can Nancy Pelosi’s Favorite AI Stock Hope to Regain Its Momentum?",2026-05-04T18:56:13Z,24/7 Wall St.
QQQ,investment,2026-05-05T06:21:05.565158,AI Trade Sends Asian Tech Shares Up 4.7% To Record,Asian equities rallied near all-time highs as chipmakers surged and investors weighed AI momentum against oil and geopolitical risks.,2026-05-04T18:14:53Z,GuruFocus.com
QQQ,investment,2026-05-05T06:21:05.565161,Exchange-Traded Funds Lower as US Equities Drop After Midday,Broad Market Indicators Broad-market exchange-traded fund IWM and IVV fell. Actively traded In,2026-05-04T17:09:23Z,MT Newswires
VTI,investment,2026-05-05T06:21:05.744972,The Cheap Way to Own the Entire U.S. Stock Market Right Now,You don't have to overthink investing. Keep it simple.,2026-05-04T10:01:00Z,Motley Fool
VTI,investment,2026-05-05T06:21:05.744986,Tech ETFs Dominate as $11.4B Floods Into U.S. Equity Funds,"<p>Here are the daily ETF fund flows for April 30, 2026.</p>",2026-04-30T21:00:04Z,etf.com
VTI,investment,2026-05-05T06:21:05.744989,1 No-Brainer ETF to Buy Right Now for Less Than $500,"U.S. corporate earnings, valuation, and the market rotation away from tech stocks make this Vanguard ETF look like a winner.",2026-04-30T17:22:00Z,Motley Fool
ARKK,investment,2026-05-05T06:21:05.887657,Cathie Wood Is Shrugging Off CapEx Fears and Buying the Dip in Meta Platforms Stock,Cathie Wood's move signals that the market may be treating the spending surge as a temporary overhang on an otherwise intact long-term growth thesis.,2026-05-04T20:49:49Z,Barchart
ARKK,investment,2026-05-05T06:21:05.887671,"Cathie Wood Dumps $72 Million of AMD, Doubles Down on Alphabet and Meta",Cathie Wood's Latest Move Sparks Questions for Advanced Micro Devices Bulls,2026-05-04T17:21:08Z,GuruFocus.com
ARKK,investment,2026-05-05T06:21:05.887674,Cathie Wood buys $28.7 million of tumbling megacap stock,"Cathie Wood is doubling down on her buy-the-dip strategy. The Ark Invest chief just picked up shares of a megacap tech name that fell 9% after reporting results. In 2025, the flagship Ark Innovation ETF gained 35.49%, far outpacing the S&P 500’s return of 17.88% in the same period. But so ...",2026-05-04T00:03:00Z,TheStreet
GLD,investment,2026-05-05T06:21:06.028747,Update: Gold Falls as the Dollar and Yields Climb,"(Updates prices.) Gold traded lower midafternoon Monday as the dollar and yields rose, forcing th",2026-05-04T18:00:08Z,MT Newswires
GLD,investment,2026-05-05T06:21:06.028762,"Gold Slides, 30-Year Yield Hits 5.1% as Rate Fears Take Over","The PHLX Gold/Silver Sector (^XAU) is under pressure Monday as precious metals pull back across the board. SPDR Gold Shares (NYSEARCA: GLD) ETF is down 1.3% to roughly $418, while iShares Silver Trust (NYSEARCA: SLV) ETF is off 2.3% near $67 as the market reassesses what the Strait of Hormuz disruption actually means for inflation, rates ... Gold Slides, 30-Year Yield Hits 5.1% as Rate Fears Take Over",2026-05-04T15:45:19Z,24/7 Wall St.
GLD,investment,2026-05-05T06:21:06.028765,"Gold Falls as the Dollar and Yields Climb, But Remains Rangebound","Gold traded lower early Monday as the dollar and yields rose, but the precious metal remains within",2026-05-04T13:06:01Z,MT Newswires
SPY,investment,2026-05-05T06:21:17.500281,The Stock Market Is Doing Something for Only the 4th Time in 156 Years -- and History Is Very Clear About What Happens Next,Stock market indicators rarely get this extreme.,2026-05-04T20:20:00Z,Motley Fool
SPY,investment,2026-05-05T06:21:17.500311,3 Leveraged ETF Areas of April That Are Up At least 150%,"Leveraged ETFs tied to Intel, Bloom Energy and AAOI skyrocketed in April, riding AI demand, earnings strength and surging energy trends.",2026-05-04T16:00:00Z,Zacks
SPY,investment,2026-05-05T06:21:17.500313,"“If a 2% Market Move Makes You Question Your Retirement Plan, You Don’t Have One”","The host of Retire SMART Podcast Episode 405 offered a line that should sit on every pre-retiree’s refrigerator: “If the market moving 2% up or down in a single day makes you think you don’t have a good retirement plan, you don’t. I mean, that’s that simple.” The episode, titled Market Reactions Amidst Iran Conflict, ... “If a 2% Market Move Makes You Question Your Retirement Plan, You Don’t Have One”",2026-05-04T15:38:04Z,24/7 Wall St.
QQQ,investment,2026-05-05T06:21:17.641214,Can Nancy Pelosi’s Favorite AI Stock Hope to Regain Its Momentum?,"Investors are watching Tempus AI (NASDAQ:TEM) ahead of first-quarter results due after the close tomorrow. The stock burst into investor consciousness in January 2025 after Nancy Pelosi disclosed a position, ran past $100, and has since shed nearly half its value. From Pelosi Halo to Show-Me Story Pelosi’s market-beating track record has turned her trades ... Can Nancy Pelosi’s Favorite AI Stock Hope to Regain Its Momentum?",2026-05-04T18:56:13Z,24/7 Wall St.
QQQ,investment,2026-05-05T06:21:17.641228,AI Trade Sends Asian Tech Shares Up 4.7% To Record,Asian equities rallied near all-time highs as chipmakers surged and investors weighed AI momentum against oil and geopolitical risks.,2026-05-04T18:14:53Z,GuruFocus.com
QQQ,investment,2026-05-05T06:21:17.641230,Exchange-Traded Funds Lower as US Equities Drop After Midday,Broad Market Indicators Broad-market exchange-traded fund IWM and IVV fell. Actively traded In,2026-05-04T17:09:23Z,MT Newswires
VTI,investment,2026-05-05T06:21:17.772945,The Cheap Way to Own the Entire U.S. Stock Market Right Now,You don't have to overthink investing. Keep it simple.,2026-05-04T10:01:00Z,Motley Fool
VTI,investment,2026-05-05T06:21:17.772957,Tech ETFs Dominate as $11.4B Floods Into U.S. Equity Funds,"<p>Here are the daily ETF fund flows for April 30, 2026.</p>",2026-04-30T21:00:04Z,etf.com
VTI,investment,2026-05-05T06:21:17.772960,1 No-Brainer ETF to Buy Right Now for Less Than $500,"U.S. corporate earnings, valuation, and the market rotation away from tech stocks make this Vanguard ETF look like a winner.",2026-04-30T17:22:00Z,Motley Fool
ARKK,investment,2026-05-05T06:21:17.896307,Cathie Wood Is Shrugging Off CapEx Fears and Buying the Dip in Meta Platforms Stock,Cathie Wood's move signals that the market may be treating the spending surge as a temporary overhang on an otherwise intact long-term growth thesis.,2026-05-04T20:49:49Z,Barchart
ARKK,investment,2026-05-05T06:21:17.896322,"Cathie Wood Dumps $72 Million of AMD, Doubles Down on Alphabet and Meta",Cathie Wood's Latest Move Sparks Questions for Advanced Micro Devices Bulls,2026-05-04T17:21:08Z,GuruFocus.com
ARKK,investment,2026-05-05T06:21:17.896324,Cathie Wood buys $28.7 million of tumbling megacap stock,"Cathie Wood is doubling down on her buy-the-dip strategy. The Ark Invest chief just picked up shares of a megacap tech name that fell 9% after reporting results. In 2025, the flagship Ark Innovation ETF gained 35.49%, far outpacing the S&P 500’s return of 17.88% in the same period. But so ...",2026-05-04T00:03:00Z,TheStreet
GLD,investment,2026-05-05T06:21:18.054977,Update: Gold Falls as the Dollar and Yields Climb,"(Updates prices.) Gold traded lower midafternoon Monday as the dollar and yields rose, forcing th",2026-05-04T18:00:08Z,MT Newswires
GLD,investment,2026-05-05T06:21:18.054992,"Gold Slides, 30-Year Yield Hits 5.1% as Rate Fears Take Over","The PHLX Gold/Silver Sector (^XAU) is under pressure Monday as precious metals pull back across the board. SPDR Gold Shares (NYSEARCA: GLD) ETF is down 1.3% to roughly $418, while iShares Silver Trust (NYSEARCA: SLV) ETF is off 2.3% near $67 as the market reassesses what the Strait of Hormuz disruption actually means for inflation, rates ... Gold Slides, 30-Year Yield Hits 5.1% as Rate Fears Take Over",2026-05-04T15:45:19Z,24/7 Wall St.
GLD,investment,2026-05-05T06:21:18.054994,"Gold Falls as the Dollar and Yields Climb, But Remains Rangebound","Gold traded lower early Monday as the dollar and yields rose, but the precious metal remains within",2026-05-04T13:06:01Z,MT Newswires
SPY,investment,2026-05-05T06:21:29.020243,The Stock Market Is Doing Something for Only the 4th Time in 156 Years -- and History Is Very Clear About What Happens Next,Stock market indicators rarely get this extreme.,2026-05-04T20:20:00Z,Motley Fool
SPY,investment,2026-05-05T06:21:29.020257,3 Leveraged ETF Areas of April That Are Up At least 150%,"Leveraged ETFs tied to Intel, Bloom Energy and AAOI skyrocketed in April, riding AI demand, earnings strength and surging energy trends.",2026-05-04T16:00:00Z,Zacks
SPY,investment,2026-05-05T06:21:29.020260,"“If a 2% Market Move Makes You Question Your Retirement Plan, You Don’t Have One”","The host of Retire SMART Podcast Episode 405 offered a line that should sit on every pre-retiree’s refrigerator: “If the market moving 2% up or down in a single day makes you think you don’t have a good retirement plan, you don’t. I mean, that’s that simple.” The episode, titled Market Reactions Amidst Iran Conflict, ... “If a 2% Market Move Makes You Question Your Retirement Plan, You Don’t Have One”",2026-05-04T15:38:04Z,24/7 Wall St.
QQQ,investment,2026-05-05T06:21:29.155512,Can Nancy Pelosi’s Favorite AI Stock Hope to Regain Its Momentum?,"Investors are watching Tempus AI (NASDAQ:TEM) ahead of first-quarter results due after the close tomorrow. The stock burst into investor consciousness in January 2025 after Nancy Pelosi disclosed a position, ran past $100, and has since shed nearly half its value. From Pelosi Halo to Show-Me Story Pelosi’s market-beating track record has turned her trades ... Can Nancy Pelosi’s Favorite AI Stock Hope to Regain Its Momentum?",2026-05-04T18:56:13Z,24/7 Wall St.
QQQ,investment,2026-05-05T06:21:29.155527,AI Trade Sends Asian Tech Shares Up 4.7% To Record,Asian equities rallied near all-time highs as chipmakers surged and investors weighed AI momentum against oil and geopolitical risks.,2026-05-04T18:14:53Z,GuruFocus.com
QQQ,investment,2026-05-05T06:21:29.155530,Exchange-Traded Funds Lower as US Equities Drop After Midday,Broad Market Indicators Broad-market exchange-traded fund IWM and IVV fell. Actively traded In,2026-05-04T17:09:23Z,MT Newswires
VTI,investment,2026-05-05T06:21:29.297439,The Cheap Way to Own the Entire U.S. Stock Market Right Now,You don't have to overthink investing. Keep it simple.,2026-05-04T10:01:00Z,Motley Fool
VTI,investment,2026-05-05T06:21:29.297454,Tech ETFs Dominate as $11.4B Floods Into U.S. Equity Funds,"<p>Here are the daily ETF fund flows for April 30, 2026.</p>",2026-04-30T21:00:04Z,etf.com
VTI,investment,2026-05-05T06:21:29.297456,1 No-Brainer ETF to Buy Right Now for Less Than $500,"U.S. corporate earnings, valuation, and the market rotation away from tech stocks make this Vanguard ETF look like a winner.",2026-04-30T17:22:00Z,Motley Fool
ARKK,investment,2026-05-05T06:21:29.429639,Cathie Wood Is Shrugging Off CapEx Fears and Buying the Dip in Meta Platforms Stock,Cathie Wood's move signals that the market may be treating the spending surge as a temporary overhang on an otherwise intact long-term growth thesis.,2026-05-04T20:49:49Z,Barchart
ARKK,investment,2026-05-05T06:21:29.429654,"Cathie Wood Dumps $72 Million of AMD, Doubles Down on Alphabet and Meta",Cathie Wood's Latest Move Sparks Questions for Advanced Micro Devices Bulls,2026-05-04T17:21:08Z,GuruFocus.com
ARKK,investment,2026-05-05T06:21:29.429656,Cathie Wood buys $28.7 million of tumbling megacap stock,"Cathie Wood is doubling down on her buy-the-dip strategy. The Ark Invest chief just picked up shares of a megacap tech name that fell 9% after reporting results. In 2025, the flagship Ark Innovation ETF gained 35.49%, far outpacing the S&P 500’s return of 17.88% in the same period. But so ...",2026-05-04T00:03:00Z,TheStreet
GLD,investment,2026-05-05T06:21:29.563320,Update: Gold Falls as the Dollar and Yields Climb,"(Updates prices.) Gold traded lower midafternoon Monday as the dollar and yields rose, forcing th",2026-05-04T18:00:08Z,MT Newswires
GLD,investment,2026-05-05T06:21:29.563333,"Gold Slides, 30-Year Yield Hits 5.1% as Rate Fears Take Over","The PHLX Gold/Silver Sector (^XAU) is under pressure Monday as precious metals pull back across the board. SPDR Gold Shares (NYSEARCA: GLD) ETF is down 1.3% to roughly $418, while iShares Silver Trust (NYSEARCA: SLV) ETF is off 2.3% near $67 as the market reassesses what the Strait of Hormuz disruption actually means for inflation, rates ... Gold Slides, 30-Year Yield Hits 5.1% as Rate Fears Take Over",2026-05-04T15:45:19Z,24/7 Wall St.
GLD,investment,2026-05-05T06:21:29.563336,"Gold Falls as the Dollar and Yields Climb, But Remains Rangebound","Gold traded lower early Monday as the dollar and yields rose, but the precious metal remains within",2026-05-04T13:06:01Z,MT Newswires
SPY,investment,2026-05-05T09:04:26.320542,The Stock Market Is Doing Something for Only the 4th Time in 156 Years -- and History Is Very Clear About What Happens Next,Stock market indicators rarely get this extreme.,2026-05-04T20:20:00Z,Motley Fool
SPY,investment,2026-05-05T09:04:26.320555,3 Leveraged ETF Areas of April That Are Up At least 150%,"Leveraged ETFs tied to Intel, Bloom Energy and AAOI skyrocketed in April, riding AI demand, earnings strength and surging energy trends.",2026-05-04T16:00:00Z,Zacks
SPY,investment,2026-05-05T09:04:26.320557,"“If a 2% Market Move Makes You Question Your Retirement Plan, You Don’t Have One”","The host of Retire SMART Podcast Episode 405 offered a line that should sit on every pre-retiree’s refrigerator: “If the market moving 2% up or down in a single day makes you think you don’t have a good retirement plan, you don’t. I mean, that’s that simple.” The episode, titled Market Reactions Amidst Iran Conflict, ... “If a 2% Market Move Makes You Question Your Retirement Plan, You Don’t Have One”",2026-05-04T15:38:04Z,24/7 Wall St.
QQQ,investment,2026-05-05T09:04:26.529494,Can Nancy Pelosi’s Favorite AI Stock Hope to Regain Its Momentum?,"Investors are watching Tempus AI (NASDAQ:TEM) ahead of first-quarter results due after the close tomorrow. The stock burst into investor consciousness in January 2025 after Nancy Pelosi disclosed a position, ran past $100, and has since shed nearly half its value. From Pelosi Halo to Show-Me Story Pelosi’s market-beating track record has turned her trades ... Can Nancy Pelosi’s Favorite AI Stock Hope to Regain Its Momentum?",2026-05-04T18:56:13Z,24/7 Wall St.
QQQ,investment,2026-05-05T09:04:26.529507,AI Trade Sends Asian Tech Shares Up 4.7% To Record,Asian equities rallied near all-time highs as chipmakers surged and investors weighed AI momentum against oil and geopolitical risks.,2026-05-04T18:14:53Z,GuruFocus.com
QQQ,investment,2026-05-05T09:04:26.529509,Exchange-Traded Funds Lower as US Equities Drop After Midday,Broad Market Indicators Broad-market exchange-traded fund IWM and IVV fell. Actively traded In,2026-05-04T17:09:23Z,MT Newswires
VTI,investment,2026-05-05T09:04:26.616007,The Cheap Way to Own the Entire U.S. Stock Market Right Now,You don't have to overthink investing. Keep it simple.,2026-05-04T10:01:00Z,Motley Fool
VTI,investment,2026-05-05T09:04:26.616020,Tech ETFs Dominate as $11.4B Floods Into U.S. Equity Funds,"<p>Here are the daily ETF fund flows for April 30, 2026.</p>",2026-04-30T21:00:04Z,etf.com
VTI,investment,2026-05-05T09:04:26.616022,1 No-Brainer ETF to Buy Right Now for Less Than $500,"U.S. corporate earnings, valuation, and the market rotation away from tech stocks make this Vanguard ETF look like a winner.",2026-04-30T17:22:00Z,Motley Fool
ARKK,investment,2026-05-05T09:04:26.776912,Cathie Wood Is Shrugging Off CapEx Fears and Buying the Dip in Meta Platforms Stock,Cathie Wood's move signals that the market may be treating the spending surge as a temporary overhang on an otherwise intact long-term growth thesis.,2026-05-04T20:49:49Z,Barchart
ARKK,investment,2026-05-05T09:04:26.776924,"Cathie Wood Dumps $72 Million of AMD, Doubles Down on Alphabet and Meta",Cathie Wood's Latest Move Sparks Questions for Advanced Micro Devices Bulls,2026-05-04T17:21:08Z,GuruFocus.com
ARKK,investment,2026-05-05T09:04:26.776927,Cathie Wood buys $28.7 million of tumbling megacap stock,"Cathie Wood is doubling down on her buy-the-dip strategy. The Ark Invest chief just picked up shares of a megacap tech name that fell 9% after reporting results. In 2025, the flagship Ark Innovation ETF gained 35.49%, far outpacing the S&P 500’s return of 17.88% in the same period. But so ...",2026-05-04T00:03:00Z,TheStreet
GLD,investment,2026-05-05T09:04:26.874293,Update: Gold Falls as the Dollar and Yields Climb,"(Updates prices.) Gold traded lower midafternoon Monday as the dollar and yields rose, forcing th",2026-05-04T18:00:08Z,MT Newswires
GLD,investment,2026-05-05T09:04:26.874305,"Gold Slides, 30-Year Yield Hits 5.1% as Rate Fears Take Over","The PHLX Gold/Silver Sector (^XAU) is under pressure Monday as precious metals pull back across the board. SPDR Gold Shares (NYSEARCA: GLD) ETF is down 1.3% to roughly $418, while iShares Silver Trust (NYSEARCA: SLV) ETF is off 2.3% near $67 as the market reassesses what the Strait of Hormuz disruption actually means for inflation, rates ... Gold Slides, 30-Year Yield Hits 5.1% as Rate Fears Take Over",2026-05-04T15:45:19Z,24/7 Wall St.
GLD,investment,2026-05-05T09:04:26.874308,"Gold Falls as the Dollar and Yields Climb, But Remains Rangebound","Gold traded lower early Monday as the dollar and yields rose, but the precious metal remains within",2026-05-04T13:06:01Z,MT Newswires
SPY,investment,2026-05-05T09:04:36.762928,The Stock Market Is Doing Something for Only the 4th Time in 156 Years -- and History Is Very Clear About What Happens Next,Stock market indicators rarely get this extreme.,2026-05-04T20:20:00Z,Motley Fool
SPY,investment,2026-05-05T09:04:36.762941,3 Leveraged ETF Areas of April That Are Up At least 150%,"Leveraged ETFs tied to Intel, Bloom Energy and AAOI skyrocketed in April, riding AI demand, earnings strength and surging energy trends.",2026-05-04T16:00:00Z,Zacks
SPY,investment,2026-05-05T09:04:36.762943,"“If a 2% Market Move Makes You Question Your Retirement Plan, You Don’t Have One”","The host of Retire SMART Podcast Episode 405 offered a line that should sit on every pre-retiree’s refrigerator: “If the market moving 2% up or down in a single day makes you think you don’t have a good retirement plan, you don’t. I mean, that’s that simple.” The episode, titled Market Reactions Amidst Iran Conflict, ... “If a 2% Market Move Makes You Question Your Retirement Plan, You Don’t Have One”",2026-05-04T15:38:04Z,24/7 Wall St.
QQQ,investment,2026-05-05T09:04:36.894304,Can Nancy Pelosi’s Favorite AI Stock Hope to Regain Its Momentum?,"Investors are watching Tempus AI (NASDAQ:TEM) ahead of first-quarter results due after the close tomorrow. The stock burst into investor consciousness in January 2025 after Nancy Pelosi disclosed a position, ran past $100, and has since shed nearly half its value. From Pelosi Halo to Show-Me Story Pelosi’s market-beating track record has turned her trades ... Can Nancy Pelosi’s Favorite AI Stock Hope to Regain Its Momentum?",2026-05-04T18:56:13Z,24/7 Wall St.
QQQ,investment,2026-05-05T09:04:36.894317,AI Trade Sends Asian Tech Shares Up 4.7% To Record,Asian equities rallied near all-time highs as chipmakers surged and investors weighed AI momentum against oil and geopolitical risks.,2026-05-04T18:14:53Z,GuruFocus.com
QQQ,investment,2026-05-05T09:04:36.894319,Exchange-Traded Funds Lower as US Equities Drop After Midday,Broad Market Indicators Broad-market exchange-traded fund IWM and IVV fell. Actively traded In,2026-05-04T17:09:23Z,MT Newswires
VTI,investment,2026-05-05T09:04:36.986383,The Cheap Way to Own the Entire U.S. Stock Market Right Now,You don't have to overthink investing. Keep it simple.,2026-05-04T10:01:00Z,Motley Fool
VTI,investment,2026-05-05T09:04:36.986399,Tech ETFs Dominate as $11.4B Floods Into U.S. Equity Funds,"<p>Here are the daily ETF fund flows for April 30, 2026.</p>",2026-04-30T21:00:04Z,etf.com
VTI,investment,2026-05-05T09:04:36.986402,1 No-Brainer ETF to Buy Right Now for Less Than $500,"U.S. corporate earnings, valuation, and the market rotation away from tech stocks make this Vanguard ETF look like a winner.",2026-04-30T17:22:00Z,Motley Fool
ARKK,investment,2026-05-05T09:04:37.083727,Cathie Wood Is Shrugging Off CapEx Fears and Buying the Dip in Meta Platforms Stock,Cathie Wood's move signals that the market may be treating the spending surge as a temporary overhang on an otherwise intact long-term growth thesis.,2026-05-04T20:49:49Z,Barchart
ARKK,investment,2026-05-05T09:04:37.083758,"Cathie Wood Dumps $72 Million of AMD, Doubles Down on Alphabet and Meta",Cathie Wood's Latest Move Sparks Questions for Advanced Micro Devices Bulls,2026-05-04T17:21:08Z,GuruFocus.com
ARKK,investment,2026-05-05T09:04:37.083761,Cathie Wood buys $28.7 million of tumbling megacap stock,"Cathie Wood is doubling down on her buy-the-dip strategy. The Ark Invest chief just picked up shares of a megacap tech name that fell 9% after reporting results. In 2025, the flagship Ark Innovation ETF gained 35.49%, far outpacing the S&P 500’s return of 17.88% in the same period. But so ...",2026-05-04T00:03:00Z,TheStreet
GLD,investment,2026-05-05T09:04:37.177978,Update: Gold Falls as the Dollar and Yields Climb,"(Updates prices.) Gold traded lower midafternoon Monday as the dollar and yields rose, forcing th",2026-05-04T18:00:08Z,MT Newswires
GLD,investment,2026-05-05T09:04:37.177990,"Gold Slides, 30-Year Yield Hits 5.1% as Rate Fears Take Over","The PHLX Gold/Silver Sector (^XAU) is under pressure Monday as precious metals pull back across the board. SPDR Gold Shares (NYSEARCA: GLD) ETF is down 1.3% to roughly $418, while iShares Silver Trust (NYSEARCA: SLV) ETF is off 2.3% near $67 as the market reassesses what the Strait of Hormuz disruption actually means for inflation, rates ... Gold Slides, 30-Year Yield Hits 5.1% as Rate Fears Take Over",2026-05-04T15:45:19Z,24/7 Wall St.
GLD,investment,2026-05-05T09:04:37.177992,"Gold Falls as the Dollar and Yields Climb, But Remains Rangebound","Gold traded lower early Monday as the dollar and yields rose, but the precious metal remains within",2026-05-04T13:06:01Z,MT Newswires
SPY,investment,2026-05-05T09:04:46.986510,The Stock Market Is Doing Something for Only the 4th Time in 156 Years -- and History Is Very Clear About What Happens Next,Stock market indicators rarely get this extreme.,2026-05-04T20:20:00Z,Motley Fool
SPY,investment,2026-05-05T09:04:46.986523,3 Leveraged ETF Areas of April That Are Up At least 150%,"Leveraged ETFs tied to Intel, Bloom Energy and AAOI skyrocketed in April, riding AI demand, earnings strength and surging energy trends.",2026-05-04T16:00:00Z,Zacks
SPY,investment,2026-05-05T09:04:46.986526,"“If a 2% Market Move Makes You Question Your Retirement Plan, You Don’t Have One”","The host of Retire SMART Podcast Episode 405 offered a line that should sit on every pre-retiree’s refrigerator: “If the market moving 2% up or down in a single day makes you think you don’t have a good retirement plan, you don’t. I mean, that’s that simple.” The episode, titled Market Reactions Amidst Iran Conflict, ... “If a 2% Market Move Makes You Question Your Retirement Plan, You Don’t Have One”",2026-05-04T15:38:04Z,24/7 Wall St.
QQQ,investment,2026-05-05T09:04:47.083504,Can Nancy Pelosi’s Favorite AI Stock Hope to Regain Its Momentum?,"Investors are watching Tempus AI (NASDAQ:TEM) ahead of first-quarter results due after the close tomorrow. The stock burst into investor consciousness in January 2025 after Nancy Pelosi disclosed a position, ran past $100, and has since shed nearly half its value. From Pelosi Halo to Show-Me Story Pelosi’s market-beating track record has turned her trades ... Can Nancy Pelosi’s Favorite AI Stock Hope to Regain Its Momentum?",2026-05-04T18:56:13Z,24/7 Wall St.
QQQ,investment,2026-05-05T09:04:47.083517,AI Trade Sends Asian Tech Shares Up 4.7% To Record,Asian equities rallied near all-time highs as chipmakers surged and investors weighed AI momentum against oil and geopolitical risks.,2026-05-04T18:14:53Z,GuruFocus.com
QQQ,investment,2026-05-05T09:04:47.083520,Exchange-Traded Funds Lower as US Equities Drop After Midday,Broad Market Indicators Broad-market exchange-traded fund IWM and IVV fell. Actively traded In,2026-05-04T17:09:23Z,MT Newswires
VTI,investment,2026-05-05T09:04:47.453464,The Cheap Way to Own the Entire U.S. Stock Market Right Now,You don't have to overthink investing. Keep it simple.,2026-05-04T10:01:00Z,Motley Fool
VTI,investment,2026-05-05T09:04:47.453479,Tech ETFs Dominate as $11.4B Floods Into U.S. Equity Funds,"<p>Here are the daily ETF fund flows for April 30, 2026.</p>",2026-04-30T21:00:04Z,etf.com
VTI,investment,2026-05-05T09:04:47.453482,1 No-Brainer ETF to Buy Right Now for Less Than $500,"U.S. corporate earnings, valuation, and the market rotation away from tech stocks make this Vanguard ETF look like a winner.",2026-04-30T17:22:00Z,Motley Fool
ARKK,investment,2026-05-05T09:04:47.556582,Cathie Wood Is Shrugging Off CapEx Fears and Buying the Dip in Meta Platforms Stock,Cathie Wood's move signals that the market may be treating the spending surge as a temporary overhang on an otherwise intact long-term growth thesis.,2026-05-04T20:49:49Z,Barchart
ARKK,investment,2026-05-05T09:04:47.556595,"Cathie Wood Dumps $72 Million of AMD, Doubles Down on Alphabet and Meta",Cathie Wood's Latest Move Sparks Questions for Advanced Micro Devices Bulls,2026-05-04T17:21:08Z,GuruFocus.com
ARKK,investment,2026-05-05T09:04:47.556598,Cathie Wood buys $28.7 million of tumbling megacap stock,"Cathie Wood is doubling down on her buy-the-dip strategy. The Ark Invest chief just picked up shares of a megacap tech name that fell 9% after reporting results. In 2025, the flagship Ark Innovation ETF gained 35.49%, far outpacing the S&P 500’s return of 17.88% in the same period. But so ...",2026-05-04T00:03:00Z,TheStreet
GLD,investment,2026-05-05T09:04:47.650886,Update: Gold Falls as the Dollar and Yields Climb,"(Updates prices.) Gold traded lower midafternoon Monday as the dollar and yields rose, forcing th",2026-05-04T18:00:08Z,MT Newswires
GLD,investment,2026-05-05T09:04:47.650899,"Gold Slides, 30-Year Yield Hits 5.1% as Rate Fears Take Over","The PHLX Gold/Silver Sector (^XAU) is under pressure Monday as precious metals pull back across the board. SPDR Gold Shares (NYSEARCA: GLD) ETF is down 1.3% to roughly $418, while iShares Silver Trust (NYSEARCA: SLV) ETF is off 2.3% near $67 as the market reassesses what the Strait of Hormuz disruption actually means for inflation, rates ... Gold Slides, 30-Year Yield Hits 5.1% as Rate Fears Take Over",2026-05-04T15:45:19Z,24/7 Wall St.
GLD,investment,2026-05-05T09:04:47.650902,"Gold Falls as the Dollar and Yields Climb, But Remains Rangebound","Gold traded lower early Monday as the dollar and yields rose, but the precious metal remains within",2026-05-04T13:06:01Z,MT Newswires
SPY,investment,2026-05-05T09:04:57.240412,The Stock Market Is Doing Something for Only the 4th Time in 156 Years -- and History Is Very Clear About What Happens Next,Stock market indicators rarely get this extreme.,2026-05-04T20:20:00Z,Motley Fool
SPY,investment,2026-05-05T09:04:57.240425,3 Leveraged ETF Areas of April That Are Up At least 150%,"Leveraged ETFs tied to Intel, Bloom Energy and AAOI skyrocketed in April, riding AI demand, earnings strength and surging energy trends.",2026-05-04T16:00:00Z,Zacks
SPY,investment,2026-05-05T09:04:57.240428,"“If a 2% Market Move Makes You Question Your Retirement Plan, You Don’t Have One”","The host of Retire SMART Podcast Episode 405 offered a line that should sit on every pre-retiree’s refrigerator: “If the market moving 2% up or down in a single day makes you think you don’t have a good retirement plan, you don’t. I mean, that’s that simple.” The episode, titled Market Reactions Amidst Iran Conflict, ... “If a 2% Market Move Makes You Question Your Retirement Plan, You Don’t Have One”",2026-05-04T15:38:04Z,24/7 Wall St.
QQQ,investment,2026-05-05T09:04:57.335642,Can Nancy Pelosi’s Favorite AI Stock Hope to Regain Its Momentum?,"Investors are watching Tempus AI (NASDAQ:TEM) ahead of first-quarter results due after the close tomorrow. The stock burst into investor consciousness in January 2025 after Nancy Pelosi disclosed a position, ran past $100, and has since shed nearly half its value. From Pelosi Halo to Show-Me Story Pelosi’s market-beating track record has turned her trades ... Can Nancy Pelosi’s Favorite AI Stock Hope to Regain Its Momentum?",2026-05-04T18:56:13Z,24/7 Wall St.
QQQ,investment,2026-05-05T09:04:57.335652,AI Trade Sends Asian Tech Shares Up 4.7% To Record,Asian equities rallied near all-time highs as chipmakers surged and investors weighed AI momentum against oil and geopolitical risks.,2026-05-04T18:14:53Z,GuruFocus.com
QQQ,investment,2026-05-05T09:04:57.335654,Exchange-Traded Funds Lower as US Equities Drop After Midday,Broad Market Indicators Broad-market exchange-traded fund IWM and IVV fell. Actively traded In,2026-05-04T17:09:23Z,MT Newswires
VTI,investment,2026-05-05T09:04:57.429337,The Cheap Way to Own the Entire U.S. Stock Market Right Now,You don't have to overthink investing. Keep it simple.,2026-05-04T10:01:00Z,Motley Fool
VTI,investment,2026-05-05T09:04:57.429350,Tech ETFs Dominate as $11.4B Floods Into U.S. Equity Funds,"<p>Here are the daily ETF fund flows for April 30, 2026.</p>",2026-04-30T21:00:04Z,etf.com
VTI,investment,2026-05-05T09:04:57.429353,1 No-Brainer ETF to Buy Right Now for Less Than $500,"U.S. corporate earnings, valuation, and the market rotation away from tech stocks make this Vanguard ETF look like a winner.",2026-04-30T17:22:00Z,Motley Fool
ARKK,investment,2026-05-05T09:04:57.526755,Cathie Wood Is Shrugging Off CapEx Fears and Buying the Dip in Meta Platforms Stock,Cathie Wood's move signals that the market may be treating the spending surge as a temporary overhang on an otherwise intact long-term growth thesis.,2026-05-04T20:49:49Z,Barchart
ARKK,investment,2026-05-05T09:04:57.526767,"Cathie Wood Dumps $72 Million of AMD, Doubles Down on Alphabet and Meta",Cathie Wood's Latest Move Sparks Questions for Advanced Micro Devices Bulls,2026-05-04T17:21:08Z,GuruFocus.com
ARKK,investment,2026-05-05T09:04:57.526770,Cathie Wood buys $28.7 million of tumbling megacap stock,"Cathie Wood is doubling down on her buy-the-dip strategy. The Ark Invest chief just picked up shares of a megacap tech name that fell 9% after reporting results. In 2025, the flagship Ark Innovation ETF gained 35.49%, far outpacing the S&P 500’s return of 17.88% in the same period. But so ...",2026-05-04T00:03:00Z,TheStreet
GLD,investment,2026-05-05T09:04:57.631783,Update: Gold Falls as the Dollar and Yields Climb,"(Updates prices.) Gold traded lower midafternoon Monday as the dollar and yields rose, forcing th",2026-05-04T18:00:08Z,MT Newswires
GLD,investment,2026-05-05T09:04:57.631796,"Gold Slides, 30-Year Yield Hits 5.1% as Rate Fears Take Over","The PHLX Gold/Silver Sector (^XAU) is under pressure Monday as precious metals pull back across the board. SPDR Gold Shares (NYSEARCA: GLD) ETF is down 1.3% to roughly $418, while iShares Silver Trust (NYSEARCA: SLV) ETF is off 2.3% near $67 as the market reassesses what the Strait of Hormuz disruption actually means for inflation, rates ... Gold Slides, 30-Year Yield Hits 5.1% as Rate Fears Take Over",2026-05-04T15:45:19Z,24/7 Wall St.
GLD,investment,2026-05-05T09:04:57.631798,"Gold Falls as the Dollar and Yields Climb, But Remains Rangebound","Gold traded lower early Monday as the dollar and yields rose, but the precious metal remains within",2026-05-04T13:06:01Z,MT Newswires
SPY,investment,2026-05-05T09:05:07.261057,The Stock Market Is Doing Something for Only the 4th Time in 156 Years -- and History Is Very Clear About What Happens Next,Stock market indicators rarely get this extreme.,2026-05-04T20:20:00Z,Motley Fool
SPY,investment,2026-05-05T09:05:07.261071,3 Leveraged ETF Areas of April That Are Up At least 150%,"Leveraged ETFs tied to Intel, Bloom Energy and AAOI skyrocketed in April, riding AI demand, earnings strength and surging energy trends.",2026-05-04T16:00:00Z,Zacks
SPY,investment,2026-05-05T09:05:07.261073,"“If a 2% Market Move Makes You Question Your Retirement Plan, You Don’t Have One”","The host of Retire SMART Podcast Episode 405 offered a line that should sit on every pre-retiree’s refrigerator: “If the market moving 2% up or down in a single day makes you think you don’t have a good retirement plan, you don’t. I mean, that’s that simple.” The episode, titled Market Reactions Amidst Iran Conflict, ... “If a 2% Market Move Makes You Question Your Retirement Plan, You Don’t Have One”",2026-05-04T15:38:04Z,24/7 Wall St.
QQQ,investment,2026-05-05T09:05:07.353510,Can Nancy Pelosi’s Favorite AI Stock Hope to Regain Its Momentum?,"Investors are watching Tempus AI (NASDAQ:TEM) ahead of first-quarter results due after the close tomorrow. The stock burst into investor consciousness in January 2025 after Nancy Pelosi disclosed a position, ran past $100, and has since shed nearly half its value. From Pelosi Halo to Show-Me Story Pelosi’s market-beating track record has turned her trades ... Can Nancy Pelosi’s Favorite AI Stock Hope to Regain Its Momentum?",2026-05-04T18:56:13Z,24/7 Wall St.
QQQ,investment,2026-05-05T09:05:07.353523,AI Trade Sends Asian Tech Shares Up 4.7% To Record,Asian equities rallied near all-time highs as chipmakers surged and investors weighed AI momentum against oil and geopolitical risks.,2026-05-04T18:14:53Z,GuruFocus.com
QQQ,investment,2026-05-05T09:05:07.353525,Exchange-Traded Funds Lower as US Equities Drop After Midday,Broad Market Indicators Broad-market exchange-traded fund IWM and IVV fell. Actively traded In,2026-05-04T17:09:23Z,MT Newswires
VTI,investment,2026-05-05T09:05:07.449130,The Cheap Way to Own the Entire U.S. Stock Market Right Now,You don't have to overthink investing. Keep it simple.,2026-05-04T10:01:00Z,Motley Fool
VTI,investment,2026-05-05T09:05:07.449140,Tech ETFs Dominate as $11.4B Floods Into U.S. Equity Funds,"<p>Here are the daily ETF fund flows for April 30, 2026.</p>",2026-04-30T21:00:04Z,etf.com
VTI,investment,2026-05-05T09:05:07.449143,1 No-Brainer ETF to Buy Right Now for Less Than $500,"U.S. corporate earnings, valuation, and the market rotation away from tech stocks make this Vanguard ETF look like a winner.",2026-04-30T17:22:00Z,Motley Fool
ARKK,investment,2026-05-05T09:05:07.540827,Cathie Wood Is Shrugging Off CapEx Fears and Buying the Dip in Meta Platforms Stock,Cathie Wood's move signals that the market may be treating the spending surge as a temporary overhang on an otherwise intact long-term growth thesis.,2026-05-04T20:49:49Z,Barchart
ARKK,investment,2026-05-05T09:05:07.540840,"Cathie Wood Dumps $72 Million of AMD, Doubles Down on Alphabet and Meta",Cathie Wood's Latest Move Sparks Questions for Advanced Micro Devices Bulls,2026-05-04T17:21:08Z,GuruFocus.com
ARKK,investment,2026-05-05T09:05:07.540843,Cathie Wood buys $28.7 million of tumbling megacap stock,"Cathie Wood is doubling down on her buy-the-dip strategy. The Ark Invest chief just picked up shares of a megacap tech name that fell 9% after reporting results. In 2025, the flagship Ark Innovation ETF gained 35.49%, far outpacing the S&P 500’s return of 17.88% in the same period. But so ...",2026-05-04T00:03:00Z,TheStreet
GLD,investment,2026-05-05T09:05:07.634906,Update: Gold Falls as the Dollar and Yields Climb,"(Updates prices.) Gold traded lower midafternoon Monday as the dollar and yields rose, forcing th",2026-05-04T18:00:08Z,MT Newswires
GLD,investment,2026-05-05T09:05:07.634920,"Gold Slides, 30-Year Yield Hits 5.1% as Rate Fears Take Over","The PHLX Gold/Silver Sector (^XAU) is under pressure Monday as precious metals pull back across the board. SPDR Gold Shares (NYSEARCA: GLD) ETF is down 1.3% to roughly $418, while iShares Silver Trust (NYSEARCA: SLV) ETF is off 2.3% near $67 as the market reassesses what the Strait of Hormuz disruption actually means for inflation, rates ... Gold Slides, 30-Year Yield Hits 5.1% as Rate Fears Take Over",2026-05-04T15:45:19Z,24/7 Wall St.
GLD,investment,2026-05-05T09:05:07.634922,"Gold Falls as the Dollar and Yields Climb, But Remains Rangebound","Gold traded lower early Monday as the dollar and yields rose, but the precious metal remains within",2026-05-04T13:06:01Z,MT Newswires
SPY,investment,2026-05-05T09:05:17.197226,The Stock Market Is Doing Something for Only the 4th Time in 156 Years -- and History Is Very Clear About What Happens Next,Stock market indicators rarely get this extreme.,2026-05-04T20:20:00Z,Motley Fool
SPY,investment,2026-05-05T09:05:17.197239,3 Leveraged ETF Areas of April That Are Up At least 150%,"Leveraged ETFs tied to Intel, Bloom Energy and AAOI skyrocketed in April, riding AI demand, earnings strength and surging energy trends.",2026-05-04T16:00:00Z,Zacks
SPY,investment,2026-05-05T09:05:17.197242,"“If a 2% Market Move Makes You Question Your Retirement Plan, You Don’t Have One”","The host of Retire SMART Podcast Episode 405 offered a line that should sit on every pre-retiree’s refrigerator: “If the market moving 2% up or down in a single day makes you think you don’t have a good retirement plan, you don’t. I mean, that’s that simple.” The episode, titled Market Reactions Amidst Iran Conflict, ... “If a 2% Market Move Makes You Question Your Retirement Plan, You Don’t Have One”",2026-05-04T15:38:04Z,24/7 Wall St.
QQQ,investment,2026-05-05T09:05:17.300335,Can Nancy Pelosi’s Favorite AI Stock Hope to Regain Its Momentum?,"Investors are watching Tempus AI (NASDAQ:TEM) ahead of first-quarter results due after the close tomorrow. The stock burst into investor consciousness in January 2025 after Nancy Pelosi disclosed a position, ran past $100, and has since shed nearly half its value. From Pelosi Halo to Show-Me Story Pelosi’s market-beating track record has turned her trades ... Can Nancy Pelosi’s Favorite AI Stock Hope to Regain Its Momentum?",2026-05-04T18:56:13Z,24/7 Wall St.
QQQ,investment,2026-05-05T09:05:17.300349,AI Trade Sends Asian Tech Shares Up 4.7% To Record,Asian equities rallied near all-time highs as chipmakers surged and investors weighed AI momentum against oil and geopolitical risks.,2026-05-04T18:14:53Z,GuruFocus.com
QQQ,investment,2026-05-05T09:05:17.300352,Exchange-Traded Funds Lower as US Equities Drop After Midday,Broad Market Indicators Broad-market exchange-traded fund IWM and IVV fell. Actively traded In,2026-05-04T17:09:23Z,MT Newswires
VTI,investment,2026-05-05T09:05:17.440404,The Cheap Way to Own the Entire U.S. Stock Market Right Now,You don't have to overthink investing. Keep it simple.,2026-05-04T10:01:00Z,Motley Fool
VTI,investment,2026-05-05T09:05:17.440418,Tech ETFs Dominate as $11.4B Floods Into U.S. Equity Funds,"<p>Here are the daily ETF fund flows for April 30, 2026.</p>",2026-04-30T21:00:04Z,etf.com
VTI,investment,2026-05-05T09:05:17.440420,1 No-Brainer ETF to Buy Right Now for Less Than $500,"U.S. corporate earnings, valuation, and the market rotation away from tech stocks make this Vanguard ETF look like a winner.",2026-04-30T17:22:00Z,Motley Fool
ARKK,investment,2026-05-05T09:05:17.753900,Cathie Wood Is Shrugging Off CapEx Fears and Buying the Dip in Meta Platforms Stock,Cathie Wood's move signals that the market may be treating the spending surge as a temporary overhang on an otherwise intact long-term growth thesis.,2026-05-04T20:49:49Z,Barchart
ARKK,investment,2026-05-05T09:05:17.753913,"Cathie Wood Dumps $72 Million of AMD, Doubles Down on Alphabet and Meta",Cathie Wood's Latest Move Sparks Questions for Advanced Micro Devices Bulls,2026-05-04T17:21:08Z,GuruFocus.com
ARKK,investment,2026-05-05T09:05:17.753916,Cathie Wood buys $28.7 million of tumbling megacap stock,"Cathie Wood is doubling down on her buy-the-dip strategy. The Ark Invest chief just picked up shares of a megacap tech name that fell 9% after reporting results. In 2025, the flagship Ark Innovation ETF gained 35.49%, far outpacing the S&P 500’s return of 17.88% in the same period. But so ...",2026-05-04T00:03:00Z,TheStreet
GLD,investment,2026-05-05T09:05:17.964898,Update: Gold Falls as the Dollar and Yields Climb,"(Updates prices.) Gold traded lower midafternoon Monday as the dollar and yields rose, forcing th",2026-05-04T18:00:08Z,MT Newswires
GLD,investment,2026-05-05T09:05:17.964912,"Gold Slides, 30-Year Yield Hits 5.1% as Rate Fears Take Over","The PHLX Gold/Silver Sector (^XAU) is under pressure Monday as precious metals pull back across the board. SPDR Gold Shares (NYSEARCA: GLD) ETF is down 1.3% to roughly $418, while iShares Silver Trust (NYSEARCA: SLV) ETF is off 2.3% near $67 as the market reassesses what the Strait of Hormuz disruption actually means for inflation, rates ... Gold Slides, 30-Year Yield Hits 5.1% as Rate Fears Take Over",2026-05-04T15:45:19Z,24/7 Wall St.
GLD,investment,2026-05-05T09:05:17.964915,"Gold Falls as the Dollar and Yields Climb, But Remains Rangebound","Gold traded lower early Monday as the dollar and yields rose, but the precious metal remains within",2026-05-04T13:06:01Z,MT Newswires
SPY,investment,2026-05-05T09:05:27.693635,The Stock Market Is Doing Something for Only the 4th Time in 156 Years -- and History Is Very Clear About What Happens Next,Stock market indicators rarely get this extreme.,2026-05-04T20:20:00Z,Motley Fool
SPY,investment,2026-05-05T09:05:27.693647,3 Leveraged ETF Areas of April That Are Up At least 150%,"Leveraged ETFs tied to Intel, Bloom Energy and AAOI skyrocketed in April, riding AI demand, earnings strength and surging energy trends.",2026-05-04T16:00:00Z,Zacks
SPY,investment,2026-05-05T09:05:27.693649,"“If a 2% Market Move Makes You Question Your Retirement Plan, You Don’t Have One”","The host of Retire SMART Podcast Episode 405 offered a line that should sit on every pre-retiree’s refrigerator: “If the market moving 2% up or down in a single day makes you think you don’t have a good retirement plan, you don’t. I mean, that’s that simple.” The episode, titled Market Reactions Amidst Iran Conflict, ... “If a 2% Market Move Makes You Question Your Retirement Plan, You Don’t Have One”",2026-05-04T15:38:04Z,24/7 Wall St.
QQQ,investment,2026-05-05T09:05:27.784410,Can Nancy Pelosi’s Favorite AI Stock Hope to Regain Its Momentum?,"Investors are watching Tempus AI (NASDAQ:TEM) ahead of first-quarter results due after the close tomorrow. The stock burst into investor consciousness in January 2025 after Nancy Pelosi disclosed a position, ran past $100, and has since shed nearly half its value. From Pelosi Halo to Show-Me Story Pelosi’s market-beating track record has turned her trades ... Can Nancy Pelosi’s Favorite AI Stock Hope to Regain Its Momentum?",2026-05-04T18:56:13Z,24/7 Wall St.
QQQ,investment,2026-05-05T09:05:27.784421,AI Trade Sends Asian Tech Shares Up 4.7% To Record,Asian equities rallied near all-time highs as chipmakers surged and investors weighed AI momentum against oil and geopolitical risks.,2026-05-04T18:14:53Z,GuruFocus.com
QQQ,investment,2026-05-05T09:05:27.784424,Exchange-Traded Funds Lower as US Equities Drop After Midday,Broad Market Indicators Broad-market exchange-traded fund IWM and IVV fell. Actively traded In,2026-05-04T17:09:23Z,MT Newswires
VTI,investment,2026-05-05T09:05:27.918845,The Cheap Way to Own the Entire U.S. Stock Market Right Now,You don't have to overthink investing. Keep it simple.,2026-05-04T10:01:00Z,Motley Fool
VTI,investment,2026-05-05T09:05:27.918859,Tech ETFs Dominate as $11.4B Floods Into U.S. Equity Funds,"<p>Here are the daily ETF fund flows for April 30, 2026.</p>",2026-04-30T21:00:04Z,etf.com
VTI,investment,2026-05-05T09:05:27.918861,1 No-Brainer ETF to Buy Right Now for Less Than $500,"U.S. corporate earnings, valuation, and the market rotation away from tech stocks make this Vanguard ETF look like a winner.",2026-04-30T17:22:00Z,Motley Fool
ARKK,investment,2026-05-05T09:05:28.020071,Cathie Wood Is Shrugging Off CapEx Fears and Buying the Dip in Meta Platforms Stock,Cathie Wood's move signals that the market may be treating the spending surge as a temporary overhang on an otherwise intact long-term growth thesis.,2026-05-04T20:49:49Z,Barchart
ARKK,investment,2026-05-05T09:05:28.020084,"Cathie Wood Dumps $72 Million of AMD, Doubles Down on Alphabet and Meta",Cathie Wood's Latest Move Sparks Questions for Advanced Micro Devices Bulls,2026-05-04T17:21:08Z,GuruFocus.com
ARKK,investment,2026-05-05T09:05:28.020087,Cathie Wood buys $28.7 million of tumbling megacap stock,"Cathie Wood is doubling down on her buy-the-dip strategy. The Ark Invest chief just picked up shares of a megacap tech name that fell 9% after reporting results. In 2025, the flagship Ark Innovation ETF gained 35.49%, far outpacing the S&P 500’s return of 17.88% in the same period. But so ...",2026-05-04T00:03:00Z,TheStreet
GLD,investment,2026-05-05T09:05:28.115968,Update: Gold Falls as the Dollar and Yields Climb,"(Updates prices.) Gold traded lower midafternoon Monday as the dollar and yields rose, forcing th",2026-05-04T18:00:08Z,MT Newswires
GLD,investment,2026-05-05T09:05:28.115980,"Gold Slides, 30-Year Yield Hits 5.1% as Rate Fears Take Over","The PHLX Gold/Silver Sector (^XAU) is under pressure Monday as precious metals pull back across the board. SPDR Gold Shares (NYSEARCA: GLD) ETF is down 1.3% to roughly $418, while iShares Silver Trust (NYSEARCA: SLV) ETF is off 2.3% near $67 as the market reassesses what the Strait of Hormuz disruption actually means for inflation, rates ... Gold Slides, 30-Year Yield Hits 5.1% as Rate Fears Take Over",2026-05-04T15:45:19Z,24/7 Wall St.
GLD,investment,2026-05-05T09:05:28.115983,"Gold Falls as the Dollar and Yields Climb, But Remains Rangebound","Gold traded lower early Monday as the dollar and yields rose, but the precious metal remains within",2026-05-04T13:06:01Z,MT Newswires
SPY,investment,2026-05-05T09:05:37.943026,The Stock Market Is Doing Something for Only the 4th Time in 156 Years -- and History Is Very Clear About What Happens Next,Stock market indicators rarely get this extreme.,2026-05-04T20:20:00Z,Motley Fool
SPY,investment,2026-05-05T09:05:37.943040,3 Leveraged ETF Areas of April That Are Up At least 150%,"Leveraged ETFs tied to Intel, Bloom Energy and AAOI skyrocketed in April, riding AI demand, earnings strength and surging energy trends.",2026-05-04T16:00:00Z,Zacks
SPY,investment,2026-05-05T09:05:37.943044,"“If a 2% Market Move Makes You Question Your Retirement Plan, You Don’t Have One”","The host of Retire SMART Podcast Episode 405 offered a line that should sit on every pre-retiree’s refrigerator: “If the market moving 2% up or down in a single day makes you think you don’t have a good retirement plan, you don’t. I mean, that’s that simple.” The episode, titled Market Reactions Amidst Iran Conflict, ... “If a 2% Market Move Makes You Question Your Retirement Plan, You Don’t Have One”",2026-05-04T15:38:04Z,24/7 Wall St.
QQQ,investment,2026-05-05T09:05:38.043513,Can Nancy Pelosi’s Favorite AI Stock Hope to Regain Its Momentum?,"Investors are watching Tempus AI (NASDAQ:TEM) ahead of first-quarter results due after the close tomorrow. The stock burst into investor consciousness in January 2025 after Nancy Pelosi disclosed a position, ran past $100, and has since shed nearly half its value. From Pelosi Halo to Show-Me Story Pelosi’s market-beating track record has turned her trades ... Can Nancy Pelosi’s Favorite AI Stock Hope to Regain Its Momentum?",2026-05-04T18:56:13Z,24/7 Wall St.
QQQ,investment,2026-05-05T09:05:38.043526,AI Trade Sends Asian Tech Shares Up 4.7% To Record,Asian equities rallied near all-time highs as chipmakers surged and investors weighed AI momentum against oil and geopolitical risks.,2026-05-04T18:14:53Z,GuruFocus.com
QQQ,investment,2026-05-05T09:05:38.043528,Exchange-Traded Funds Lower as US Equities Drop After Midday,Broad Market Indicators Broad-market exchange-traded fund IWM and IVV fell. Actively traded In,2026-05-04T17:09:23Z,MT Newswires
VTI,investment,2026-05-05T09:05:38.133124,The Cheap Way to Own the Entire U.S. Stock Market Right Now,You don't have to overthink investing. Keep it simple.,2026-05-04T10:01:00Z,Motley Fool
VTI,investment,2026-05-05T09:05:38.133136,Tech ETFs Dominate as $11.4B Floods Into U.S. Equity Funds,"<p>Here are the daily ETF fund flows for April 30, 2026.</p>",2026-04-30T21:00:04Z,etf.com
VTI,investment,2026-05-05T09:05:38.133139,1 No-Brainer ETF to Buy Right Now for Less Than $500,"U.S. corporate earnings, valuation, and the market rotation away from tech stocks make this Vanguard ETF look like a winner.",2026-04-30T17:22:00Z,Motley Fool
ARKK,investment,2026-05-05T09:05:38.259833,Cathie Wood Is Shrugging Off CapEx Fears and Buying the Dip in Meta Platforms Stock,Cathie Wood's move signals that the market may be treating the spending surge as a temporary overhang on an otherwise intact long-term growth thesis.,2026-05-04T20:49:49Z,Barchart
ARKK,investment,2026-05-05T09:05:38.259846,"Cathie Wood Dumps $72 Million of AMD, Doubles Down on Alphabet and Meta",Cathie Wood's Latest Move Sparks Questions for Advanced Micro Devices Bulls,2026-05-04T17:21:08Z,GuruFocus.com
ARKK,investment,2026-05-05T09:05:38.259848,Cathie Wood buys $28.7 million of tumbling megacap stock,"Cathie Wood is doubling down on her buy-the-dip strategy. The Ark Invest chief just picked up shares of a megacap tech name that fell 9% after reporting results. In 2025, the flagship Ark Innovation ETF gained 35.49%, far outpacing the S&P 500’s return of 17.88% in the same period. But so ...",2026-05-04T00:03:00Z,TheStreet
GLD,investment,2026-05-05T09:05:38.362464,Update: Gold Falls as the Dollar and Yields Climb,"(Updates prices.) Gold traded lower midafternoon Monday as the dollar and yields rose, forcing th",2026-05-04T18:00:08Z,MT Newswires
GLD,investment,2026-05-05T09:05:38.362477,"Gold Slides, 30-Year Yield Hits 5.1% as Rate Fears Take Over","The PHLX Gold/Silver Sector (^XAU) is under pressure Monday as precious metals pull back across the board. SPDR Gold Shares (NYSEARCA: GLD) ETF is down 1.3% to roughly $418, while iShares Silver Trust (NYSEARCA: SLV) ETF is off 2.3% near $67 as the market reassesses what the Strait of Hormuz disruption actually means for inflation, rates ... Gold Slides, 30-Year Yield Hits 5.1% as Rate Fears Take Over",2026-05-04T15:45:19Z,24/7 Wall St.
GLD,investment,2026-05-05T09:05:38.362479,"Gold Falls as the Dollar and Yields Climb, But Remains Rangebound","Gold traded lower early Monday as the dollar and yields rose, but the precious metal remains within",2026-05-04T13:06:01Z,MT Newswires
SPY,investment,2026-05-05T09:05:48.051028,The Stock Market Is Doing Something for Only the 4th Time in 156 Years -- and History Is Very Clear About What Happens Next,Stock market indicators rarely get this extreme.,2026-05-04T20:20:00Z,Motley Fool
SPY,investment,2026-05-05T09:05:48.051040,3 Leveraged ETF Areas of April That Are Up At least 150%,"Leveraged ETFs tied to Intel, Bloom Energy and AAOI skyrocketed in April, riding AI demand, earnings strength and surging energy trends.",2026-05-04T16:00:00Z,Zacks
SPY,investment,2026-05-05T09:05:48.051042,"“If a 2% Market Move Makes You Question Your Retirement Plan, You Don’t Have One”","The host of Retire SMART Podcast Episode 405 offered a line that should sit on every pre-retiree’s refrigerator: “If the market moving 2% up or down in a single day makes you think you don’t have a good retirement plan, you don’t. I mean, that’s that simple.” The episode, titled Market Reactions Amidst Iran Conflict, ... “If a 2% Market Move Makes You Question Your Retirement Plan, You Don’t Have One”",2026-05-04T15:38:04Z,24/7 Wall St.
QQQ,investment,2026-05-05T09:05:48.146930,Can Nancy Pelosi’s Favorite AI Stock Hope to Regain Its Momentum?,"Investors are watching Tempus AI (NASDAQ:TEM) ahead of first-quarter results due after the close tomorrow. The stock burst into investor consciousness in January 2025 after Nancy Pelosi disclosed a position, ran past $100, and has since shed nearly half its value. From Pelosi Halo to Show-Me Story Pelosi’s market-beating track record has turned her trades ... Can Nancy Pelosi’s Favorite AI Stock Hope to Regain Its Momentum?",2026-05-04T18:56:13Z,24/7 Wall St.
QQQ,investment,2026-05-05T09:05:48.146942,AI Trade Sends Asian Tech Shares Up 4.7% To Record,Asian equities rallied near all-time highs as chipmakers surged and investors weighed AI momentum against oil and geopolitical risks.,2026-05-04T18:14:53Z,GuruFocus.com
QQQ,investment,2026-05-05T09:05:48.146945,Exchange-Traded Funds Lower as US Equities Drop After Midday,Broad Market Indicators Broad-market exchange-traded fund IWM and IVV fell. Actively traded In,2026-05-04T17:09:23Z,MT Newswires
VTI,investment,2026-05-05T09:05:48.238224,The Cheap Way to Own the Entire U.S. Stock Market Right Now,You don't have to overthink investing. Keep it simple.,2026-05-04T10:01:00Z,Motley Fool
VTI,investment,2026-05-05T09:05:48.238235,Tech ETFs Dominate as $11.4B Floods Into U.S. Equity Funds,"<p>Here are the daily ETF fund flows for April 30, 2026.</p>",2026-04-30T21:00:04Z,etf.com
VTI,investment,2026-05-05T09:05:48.238238,1 No-Brainer ETF to Buy Right Now for Less Than $500,"U.S. corporate earnings, valuation, and the market rotation away from tech stocks make this Vanguard ETF look like a winner.",2026-04-30T17:22:00Z,Motley Fool
ARKK,investment,2026-05-05T09:05:48.358534,Cathie Wood Is Shrugging Off CapEx Fears and Buying the Dip in Meta Platforms Stock,Cathie Wood's move signals that the market may be treating the spending surge as a temporary overhang on an otherwise intact long-term growth thesis.,2026-05-04T20:49:49Z,Barchart
ARKK,investment,2026-05-05T09:05:48.358550,"Cathie Wood Dumps $72 Million of AMD, Doubles Down on Alphabet and Meta",Cathie Wood's Latest Move Sparks Questions for Advanced Micro Devices Bulls,2026-05-04T17:21:08Z,GuruFocus.com
ARKK,investment,2026-05-05T09:05:48.358553,Cathie Wood buys $28.7 million of tumbling megacap stock,"Cathie Wood is doubling down on her buy-the-dip strategy. The Ark Invest chief just picked up shares of a megacap tech name that fell 9% after reporting results. In 2025, the flagship Ark Innovation ETF gained 35.49%, far outpacing the S&P 500’s return of 17.88% in the same period. But so ...",2026-05-04T00:03:00Z,TheStreet
GLD,investment,2026-05-05T09:05:48.450162,Update: Gold Falls as the Dollar and Yields Climb,"(Updates prices.) Gold traded lower midafternoon Monday as the dollar and yields rose, forcing th",2026-05-04T18:00:08Z,MT Newswires
GLD,investment,2026-05-05T09:05:48.450171,"Gold Slides, 30-Year Yield Hits 5.1% as Rate Fears Take Over","The PHLX Gold/Silver Sector (^XAU) is under pressure Monday as precious metals pull back across the board. SPDR Gold Shares (NYSEARCA: GLD) ETF is down 1.3% to roughly $418, while iShares Silver Trust (NYSEARCA: SLV) ETF is off 2.3% near $67 as the market reassesses what the Strait of Hormuz disruption actually means for inflation, rates ... Gold Slides, 30-Year Yield Hits 5.1% as Rate Fears Take Over",2026-05-04T15:45:19Z,24/7 Wall St.
GLD,investment,2026-05-05T09:05:48.450173,"Gold Falls as the Dollar and Yields Climb, But Remains Rangebound","Gold traded lower early Monday as the dollar and yields rose, but the precious metal remains within",2026-05-04T13:06:01Z,MT Newswires
SPY,investment,2026-05-05T09:05:58.148384,The Stock Market Is Doing Something for Only the 4th Time in 156 Years -- and History Is Very Clear About What Happens Next,Stock market indicators rarely get this extreme.,2026-05-04T20:20:00Z,Motley Fool
SPY,investment,2026-05-05T09:05:58.148396,3 Leveraged ETF Areas of April That Are Up At least 150%,"Leveraged ETFs tied to Intel, Bloom Energy and AAOI skyrocketed in April, riding AI demand, earnings strength and surging energy trends.",2026-05-04T16:00:00Z,Zacks
SPY,investment,2026-05-05T09:05:58.148399,"“If a 2% Market Move Makes You Question Your Retirement Plan, You Don’t Have One”","The host of Retire SMART Podcast Episode 405 offered a line that should sit on every pre-retiree’s refrigerator: “If the market moving 2% up or down in a single day makes you think you don’t have a good retirement plan, you don’t. I mean, that’s that simple.” The episode, titled Market Reactions Amidst Iran Conflict, ... “If a 2% Market Move Makes You Question Your Retirement Plan, You Don’t Have One”",2026-05-04T15:38:04Z,24/7 Wall St.
QQQ,investment,2026-05-05T09:05:58.263261,Can Nancy Pelosi’s Favorite AI Stock Hope to Regain Its Momentum?,"Investors are watching Tempus AI (NASDAQ:TEM) ahead of first-quarter results due after the close tomorrow. The stock burst into investor consciousness in January 2025 after Nancy Pelosi disclosed a position, ran past $100, and has since shed nearly half its value. From Pelosi Halo to Show-Me Story Pelosi’s market-beating track record has turned her trades ... Can Nancy Pelosi’s Favorite AI Stock Hope to Regain Its Momentum?",2026-05-04T18:56:13Z,24/7 Wall St.
QQQ,investment,2026-05-05T09:05:58.263271,AI Trade Sends Asian Tech Shares Up 4.7% To Record,Asian equities rallied near all-time highs as chipmakers surged and investors weighed AI momentum against oil and geopolitical risks.,2026-05-04T18:14:53Z,GuruFocus.com
QQQ,investment,2026-05-05T09:05:58.263274,Exchange-Traded Funds Lower as US Equities Drop After Midday,Broad Market Indicators Broad-market exchange-traded fund IWM and IVV fell. Actively traded In,2026-05-04T17:09:23Z,MT Newswires
VTI,investment,2026-05-05T09:05:58.350453,The Cheap Way to Own the Entire U.S. Stock Market Right Now,You don't have to overthink investing. Keep it simple.,2026-05-04T10:01:00Z,Motley Fool
VTI,investment,2026-05-05T09:05:58.350466,Tech ETFs Dominate as $11.4B Floods Into U.S. Equity Funds,"<p>Here are the daily ETF fund flows for April 30, 2026.</p>",2026-04-30T21:00:04Z,etf.com
VTI,investment,2026-05-05T09:05:58.350468,1 No-Brainer ETF to Buy Right Now for Less Than $500,"U.S. corporate earnings, valuation, and the market rotation away from tech stocks make this Vanguard ETF look like a winner.",2026-04-30T17:22:00Z,Motley Fool
ARKK,investment,2026-05-05T09:05:58.448585,Cathie Wood Is Shrugging Off CapEx Fears and Buying the Dip in Meta Platforms Stock,Cathie Wood's move signals that the market may be treating the spending surge as a temporary overhang on an otherwise intact long-term growth thesis.,2026-05-04T20:49:49Z,Barchart
ARKK,investment,2026-05-05T09:05:58.448599,"Cathie Wood Dumps $72 Million of AMD, Doubles Down on Alphabet and Meta",Cathie Wood's Latest Move Sparks Questions for Advanced Micro Devices Bulls,2026-05-04T17:21:08Z,GuruFocus.com
ARKK,investment,2026-05-05T09:05:58.448601,Cathie Wood buys $28.7 million of tumbling megacap stock,"Cathie Wood is doubling down on her buy-the-dip strategy. The Ark Invest chief just picked up shares of a megacap tech name that fell 9% after reporting results. In 2025, the flagship Ark Innovation ETF gained 35.49%, far outpacing the S&P 500’s return of 17.88% in the same period. But so ...",2026-05-04T00:03:00Z,TheStreet
GLD,investment,2026-05-05T09:05:58.538601,Update: Gold Falls as the Dollar and Yields Climb,"(Updates prices.) Gold traded lower midafternoon Monday as the dollar and yields rose, forcing th",2026-05-04T18:00:08Z,MT Newswires
GLD,investment,2026-05-05T09:05:58.538614,"Gold Slides, 30-Year Yield Hits 5.1% as Rate Fears Take Over","The PHLX Gold/Silver Sector (^XAU) is under pressure Monday as precious metals pull back across the board. SPDR Gold Shares (NYSEARCA: GLD) ETF is down 1.3% to roughly $418, while iShares Silver Trust (NYSEARCA: SLV) ETF is off 2.3% near $67 as the market reassesses what the Strait of Hormuz disruption actually means for inflation, rates ... Gold Slides, 30-Year Yield Hits 5.1% as Rate Fears Take Over",2026-05-04T15:45:19Z,24/7 Wall St.
GLD,investment,2026-05-05T09:05:58.538617,"Gold Falls as the Dollar and Yields Climb, But Remains Rangebound","Gold traded lower early Monday as the dollar and yields rose, but the precious metal remains within",2026-05-04T13:06:01Z,MT Newswires
SPY,investment,2026-05-05T11:40:52.362299,10 S&P 500 Stocks Come Out Of Nowhere And Now Rank High With Investors,"Move aside Magnificent 7. Some of the ""other 493"" stocks in the S&P 500 are making a huge run.",2026-05-05T11:29:49Z,Investor's Business Daily
SPY,investment,2026-05-05T11:40:52.362312,The Stock Market Is Doing Something for Only the 4th Time in 156 Years -- and History Is Very Clear About What Happens Next,Stock market indicators rarely get this extreme.,2026-05-04T20:20:00Z,Motley Fool
SPY,investment,2026-05-05T11:40:52.362315,3 Leveraged ETF Areas of April That Are Up At least 150%,"Leveraged ETFs tied to Intel, Bloom Energy and AAOI skyrocketed in April, riding AI demand, earnings strength and surging energy trends.",2026-05-04T16:00:00Z,Zacks
QQQ,investment,2026-05-05T11:40:52.460148,Can Nancy Pelosi’s Favorite AI Stock Hope to Regain Its Momentum?,"Investors are watching Tempus AI (NASDAQ:TEM) ahead of first-quarter results due after the close tomorrow. The stock burst into investor consciousness in January 2025 after Nancy Pelosi disclosed a position, ran past $100, and has since shed nearly half its value. From Pelosi Halo to Show-Me Story Pelosi’s market-beating track record has turned her trades ... Can Nancy Pelosi’s Favorite AI Stock Hope to Regain Its Momentum?",2026-05-04T18:56:13Z,24/7 Wall St.
QQQ,investment,2026-05-05T11:40:52.460161,AI Trade Sends Asian Tech Shares Up 4.7% To Record,Asian equities rallied near all-time highs as chipmakers surged and investors weighed AI momentum against oil and geopolitical risks.,2026-05-04T18:14:53Z,GuruFocus.com
QQQ,investment,2026-05-05T11:40:52.460163,Exchange-Traded Funds Lower as US Equities Drop After Midday,Broad Market Indicators Broad-market exchange-traded fund IWM and IVV fell. Actively traded In,2026-05-04T17:09:23Z,MT Newswires
VTI,investment,2026-05-05T11:40:52.612017,The Cheap Way to Own the Entire U.S. Stock Market Right Now,You don't have to overthink investing. Keep it simple.,2026-05-04T10:01:00Z,Motley Fool
VTI,investment,2026-05-05T11:40:52.612030,Tech ETFs Dominate as $11.4B Floods Into U.S. Equity Funds,"<p>Here are the daily ETF fund flows for April 30, 2026.</p>",2026-04-30T21:00:04Z,etf.com
VTI,investment,2026-05-05T11:40:52.612033,1 No-Brainer ETF to Buy Right Now for Less Than $500,"U.S. corporate earnings, valuation, and the market rotation away from tech stocks make this Vanguard ETF look like a winner.",2026-04-30T17:22:00Z,Motley Fool
ARKK,investment,2026-05-05T11:40:52.731151,Cathie Wood Is Shrugging Off CapEx Fears and Buying the Dip in Meta Platforms Stock,Cathie Wood's move signals that the market may be treating the spending surge as a temporary overhang on an otherwise intact long-term growth thesis.,2026-05-04T20:49:49Z,Barchart
ARKK,investment,2026-05-05T11:40:52.731165,"Cathie Wood Dumps $72 Million of AMD, Doubles Down on Alphabet and Meta",Cathie Wood's Latest Move Sparks Questions for Advanced Micro Devices Bulls,2026-05-04T17:21:08Z,GuruFocus.com
ARKK,investment,2026-05-05T11:40:52.731168,Cathie Wood buys $28.7 million of tumbling megacap stock,"Cathie Wood is doubling down on her buy-the-dip strategy. The Ark Invest chief just picked up shares of a megacap tech name that fell 9% after reporting results. In 2025, the flagship Ark Innovation ETF gained 35.49%, far outpacing the S&P 500’s return of 17.88% in the same period. But so ...",2026-05-04T00:03:00Z,TheStreet
GLD,investment,2026-05-05T11:40:52.828564,Update: Gold Falls as the Dollar and Yields Climb,"(Updates prices.) Gold traded lower midafternoon Monday as the dollar and yields rose, forcing th",2026-05-04T18:00:08Z,MT Newswires
GLD,investment,2026-05-05T11:40:52.828577,"Gold Slides, 30-Year Yield Hits 5.1% as Rate Fears Take Over","The PHLX Gold/Silver Sector (^XAU) is under pressure Monday as precious metals pull back across the board. SPDR Gold Shares (NYSEARCA: GLD) ETF is down 1.3% to roughly $418, while iShares Silver Trust (NYSEARCA: SLV) ETF is off 2.3% near $67 as the market reassesses what the Strait of Hormuz disruption actually means for inflation, rates ... Gold Slides, 30-Year Yield Hits 5.1% as Rate Fears Take Over",2026-05-04T15:45:19Z,24/7 Wall St.
GLD,investment,2026-05-05T11:40:52.828579,"Gold Falls as the Dollar and Yields Climb, But Remains Rangebound","Gold traded lower early Monday as the dollar and yields rose, but the precious metal remains within",2026-05-04T13:06:01Z,MT Newswires
SPY,investment,2026-05-05T11:41:02.083654,10 S&P 500 Stocks Come Out Of Nowhere And Now Rank High With Investors,"Move aside Magnificent 7. Some of the ""other 493"" stocks in the S&P 500 are making a huge run.",2026-05-05T11:29:49Z,Investor's Business Daily
SPY,investment,2026-05-05T11:41:02.083668,The Stock Market Is Doing Something for Only the 4th Time in 156 Years -- and History Is Very Clear About What Happens Next,Stock market indicators rarely get this extreme.,2026-05-04T20:20:00Z,Motley Fool
SPY,investment,2026-05-05T11:41:02.083671,3 Leveraged ETF Areas of April That Are Up At least 150%,"Leveraged ETFs tied to Intel, Bloom Energy and AAOI skyrocketed in April, riding AI demand, earnings strength and surging energy trends.",2026-05-04T16:00:00Z,Zacks
QQQ,investment,2026-05-05T11:41:02.190084,Can Nancy Pelosi’s Favorite AI Stock Hope to Regain Its Momentum?,"Investors are watching Tempus AI (NASDAQ:TEM) ahead of first-quarter results due after the close tomorrow. The stock burst into investor consciousness in January 2025 after Nancy Pelosi disclosed a position, ran past $100, and has since shed nearly half its value. From Pelosi Halo to Show-Me Story Pelosi’s market-beating track record has turned her trades ... Can Nancy Pelosi’s Favorite AI Stock Hope to Regain Its Momentum?",2026-05-04T18:56:13Z,24/7 Wall St.
QQQ,investment,2026-05-05T11:41:02.190098,AI Trade Sends Asian Tech Shares Up 4.7% To Record,Asian equities rallied near all-time highs as chipmakers surged and investors weighed AI momentum against oil and geopolitical risks.,2026-05-04T18:14:53Z,GuruFocus.com
QQQ,investment,2026-05-05T11:41:02.190101,Exchange-Traded Funds Lower as US Equities Drop After Midday,Broad Market Indicators Broad-market exchange-traded fund IWM and IVV fell. Actively traded In,2026-05-04T17:09:23Z,MT Newswires
VTI,investment,2026-05-05T11:41:02.291228,The Cheap Way to Own the Entire U.S. Stock Market Right Now,You don't have to overthink investing. Keep it simple.,2026-05-04T10:01:00Z,Motley Fool
VTI,investment,2026-05-05T11:41:02.291244,Tech ETFs Dominate as $11.4B Floods Into U.S. Equity Funds,"<p>Here are the daily ETF fund flows for April 30, 2026.</p>",2026-04-30T21:00:04Z,etf.com
VTI,investment,2026-05-05T11:41:02.291247,1 No-Brainer ETF to Buy Right Now for Less Than $500,"U.S. corporate earnings, valuation, and the market rotation away from tech stocks make this Vanguard ETF look like a winner.",2026-04-30T17:22:00Z,Motley Fool
ARKK,investment,2026-05-05T11:41:02.382522,Cathie Wood Is Shrugging Off CapEx Fears and Buying the Dip in Meta Platforms Stock,Cathie Wood's move signals that the market may be treating the spending surge as a temporary overhang on an otherwise intact long-term growth thesis.,2026-05-04T20:49:49Z,Barchart
ARKK,investment,2026-05-05T11:41:02.382534,"Cathie Wood Dumps $72 Million of AMD, Doubles Down on Alphabet and Meta",Cathie Wood's Latest Move Sparks Questions for Advanced Micro Devices Bulls,2026-05-04T17:21:08Z,GuruFocus.com
ARKK,investment,2026-05-05T11:41:02.382537,Cathie Wood buys $28.7 million of tumbling megacap stock,"Cathie Wood is doubling down on her buy-the-dip strategy. The Ark Invest chief just picked up shares of a megacap tech name that fell 9% after reporting results. In 2025, the flagship Ark Innovation ETF gained 35.49%, far outpacing the S&P 500’s return of 17.88% in the same period. But so ...",2026-05-04T00:03:00Z,TheStreet
GLD,investment,2026-05-05T11:41:02.472126,Update: Gold Falls as the Dollar and Yields Climb,"(Updates prices.) Gold traded lower midafternoon Monday as the dollar and yields rose, forcing th",2026-05-04T18:00:08Z,MT Newswires
GLD,investment,2026-05-05T11:41:02.472139,"Gold Slides, 30-Year Yield Hits 5.1% as Rate Fears Take Over","The PHLX Gold/Silver Sector (^XAU) is under pressure Monday as precious metals pull back across the board. SPDR Gold Shares (NYSEARCA: GLD) ETF is down 1.3% to roughly $418, while iShares Silver Trust (NYSEARCA: SLV) ETF is off 2.3% near $67 as the market reassesses what the Strait of Hormuz disruption actually means for inflation, rates ... Gold Slides, 30-Year Yield Hits 5.1% as Rate Fears Take Over",2026-05-04T15:45:19Z,24/7 Wall St.
GLD,investment,2026-05-05T11:41:02.472142,"Gold Falls as the Dollar and Yields Climb, But Remains Rangebound","Gold traded lower early Monday as the dollar and yields rose, but the precious metal remains within",2026-05-04T13:06:01Z,MT Newswires
SPY,investment,2026-05-05T11:41:10.860973,10 S&P 500 Stocks Come Out Of Nowhere And Now Rank High With Investors,"Move aside Magnificent 7. Some of the ""other 493"" stocks in the S&P 500 are making a huge run.",2026-05-05T11:29:49Z,Investor's Business Daily
SPY,investment,2026-05-05T11:41:10.860985,The Stock Market Is Doing Something for Only the 4th Time in 156 Years -- and History Is Very Clear About What Happens Next,Stock market indicators rarely get this extreme.,2026-05-04T20:20:00Z,Motley Fool
SPY,investment,2026-05-05T11:41:10.860988,3 Leveraged ETF Areas of April That Are Up At least 150%,"Leveraged ETFs tied to Intel, Bloom Energy and AAOI skyrocketed in April, riding AI demand, earnings strength and surging energy trends.",2026-05-04T16:00:00Z,Zacks
QQQ,investment,2026-05-05T11:41:10.955511,Can Nancy Pelosi’s Favorite AI Stock Hope to Regain Its Momentum?,"Investors are watching Tempus AI (NASDAQ:TEM) ahead of first-quarter results due after the close tomorrow. The stock burst into investor consciousness in January 2025 after Nancy Pelosi disclosed a position, ran past $100, and has since shed nearly half its value. From Pelosi Halo to Show-Me Story Pelosi’s market-beating track record has turned her trades ... Can Nancy Pelosi’s Favorite AI Stock Hope to Regain Its Momentum?",2026-05-04T18:56:13Z,24/7 Wall St.
QQQ,investment,2026-05-05T11:41:10.955524,AI Trade Sends Asian Tech Shares Up 4.7% To Record,Asian equities rallied near all-time highs as chipmakers surged and investors weighed AI momentum against oil and geopolitical risks.,2026-05-04T18:14:53Z,GuruFocus.com
QQQ,investment,2026-05-05T11:41:10.955527,Exchange-Traded Funds Lower as US Equities Drop After Midday,Broad Market Indicators Broad-market exchange-traded fund IWM and IVV fell. Actively traded In,2026-05-04T17:09:23Z,MT Newswires
VTI,investment,2026-05-05T11:41:11.080987,The Cheap Way to Own the Entire U.S. Stock Market Right Now,You don't have to overthink investing. Keep it simple.,2026-05-04T10:01:00Z,Motley Fool
VTI,investment,2026-05-05T11:41:11.081001,Tech ETFs Dominate as $11.4B Floods Into U.S. Equity Funds,"<p>Here are the daily ETF fund flows for April 30, 2026.</p>",2026-04-30T21:00:04Z,etf.com
VTI,investment,2026-05-05T11:41:11.081004,1 No-Brainer ETF to Buy Right Now for Less Than $500,"U.S. corporate earnings, valuation, and the market rotation away from tech stocks make this Vanguard ETF look like a winner.",2026-04-30T17:22:00Z,Motley Fool
ARKK,investment,2026-05-05T11:41:11.198963,Cathie Wood Is Shrugging Off CapEx Fears and Buying the Dip in Meta Platforms Stock,Cathie Wood's move signals that the market may be treating the spending surge as a temporary overhang on an otherwise intact long-term growth thesis.,2026-05-04T20:49:49Z,Barchart
ARKK,investment,2026-05-05T11:41:11.198977,"Cathie Wood Dumps $72 Million of AMD, Doubles Down on Alphabet and Meta",Cathie Wood's Latest Move Sparks Questions for Advanced Micro Devices Bulls,2026-05-04T17:21:08Z,GuruFocus.com
ARKK,investment,2026-05-05T11:41:11.198980,Cathie Wood buys $28.7 million of tumbling megacap stock,"Cathie Wood is doubling down on her buy-the-dip strategy. The Ark Invest chief just picked up shares of a megacap tech name that fell 9% after reporting results. In 2025, the flagship Ark Innovation ETF gained 35.49%, far outpacing the S&P 500’s return of 17.88% in the same period. But so ...",2026-05-04T00:03:00Z,TheStreet
GLD,investment,2026-05-05T11:41:11.307892,Update: Gold Falls as the Dollar and Yields Climb,"(Updates prices.) Gold traded lower midafternoon Monday as the dollar and yields rose, forcing th",2026-05-04T18:00:08Z,MT Newswires
GLD,investment,2026-05-05T11:41:11.307905,"Gold Slides, 30-Year Yield Hits 5.1% as Rate Fears Take Over","The PHLX Gold/Silver Sector (^XAU) is under pressure Monday as precious metals pull back across the board. SPDR Gold Shares (NYSEARCA: GLD) ETF is down 1.3% to roughly $418, while iShares Silver Trust (NYSEARCA: SLV) ETF is off 2.3% near $67 as the market reassesses what the Strait of Hormuz disruption actually means for inflation, rates ... Gold Slides, 30-Year Yield Hits 5.1% as Rate Fears Take Over",2026-05-04T15:45:19Z,24/7 Wall St.
GLD,investment,2026-05-05T11:41:11.307908,"Gold Falls as the Dollar and Yields Climb, But Remains Rangebound","Gold traded lower early Monday as the dollar and yields rose, but the precious metal remains within",2026-05-04T13:06:01Z,MT Newswires
SPY,investment,2026-05-05T11:41:20.317496,10 S&P 500 Stocks Come Out Of Nowhere And Now Rank High With Investors,"Move aside Magnificent 7. Some of the ""other 493"" stocks in the S&P 500 are making a huge run.",2026-05-05T11:29:49Z,Investor's Business Daily
SPY,investment,2026-05-05T11:41:20.317509,The Stock Market Is Doing Something for Only the 4th Time in 156 Years -- and History Is Very Clear About What Happens Next,Stock market indicators rarely get this extreme.,2026-05-04T20:20:00Z,Motley Fool
SPY,investment,2026-05-05T11:41:20.317512,3 Leveraged ETF Areas of April That Are Up At least 150%,"Leveraged ETFs tied to Intel, Bloom Energy and AAOI skyrocketed in April, riding AI demand, earnings strength and surging energy trends.",2026-05-04T16:00:00Z,Zacks
QQQ,investment,2026-05-05T11:41:20.411200,Can Nancy Pelosi’s Favorite AI Stock Hope to Regain Its Momentum?,"Investors are watching Tempus AI (NASDAQ:TEM) ahead of first-quarter results due after the close tomorrow. The stock burst into investor consciousness in January 2025 after Nancy Pelosi disclosed a position, ran past $100, and has since shed nearly half its value. From Pelosi Halo to Show-Me Story Pelosi’s market-beating track record has turned her trades ... Can Nancy Pelosi’s Favorite AI Stock Hope to Regain Its Momentum?",2026-05-04T18:56:13Z,24/7 Wall St.
QQQ,investment,2026-05-05T11:41:20.411213,AI Trade Sends Asian Tech Shares Up 4.7% To Record,Asian equities rallied near all-time highs as chipmakers surged and investors weighed AI momentum against oil and geopolitical risks.,2026-05-04T18:14:53Z,GuruFocus.com
QQQ,investment,2026-05-05T11:41:20.411216,Exchange-Traded Funds Lower as US Equities Drop After Midday,Broad Market Indicators Broad-market exchange-traded fund IWM and IVV fell. Actively traded In,2026-05-04T17:09:23Z,MT Newswires
VTI,investment,2026-05-05T11:41:20.546818,The Cheap Way to Own the Entire U.S. Stock Market Right Now,You don't have to overthink investing. Keep it simple.,2026-05-04T10:01:00Z,Motley Fool
VTI,investment,2026-05-05T11:41:20.546831,Tech ETFs Dominate as $11.4B Floods Into U.S. Equity Funds,"<p>Here are the daily ETF fund flows for April 30, 2026.</p>",2026-04-30T21:00:04Z,etf.com
VTI,investment,2026-05-05T11:41:20.546834,1 No-Brainer ETF to Buy Right Now for Less Than $500,"U.S. corporate earnings, valuation, and the market rotation away from tech stocks make this Vanguard ETF look like a winner.",2026-04-30T17:22:00Z,Motley Fool
ARKK,investment,2026-05-05T11:41:20.726045,Cathie Wood Is Shrugging Off CapEx Fears and Buying the Dip in Meta Platforms Stock,Cathie Wood's move signals that the market may be treating the spending surge as a temporary overhang on an otherwise intact long-term growth thesis.,2026-05-04T20:49:49Z,Barchart
ARKK,investment,2026-05-05T11:41:20.726059,"Cathie Wood Dumps $72 Million of AMD, Doubles Down on Alphabet and Meta",Cathie Wood's Latest Move Sparks Questions for Advanced Micro Devices Bulls,2026-05-04T17:21:08Z,GuruFocus.com
ARKK,investment,2026-05-05T11:41:20.726062,Cathie Wood buys $28.7 million of tumbling megacap stock,"Cathie Wood is doubling down on her buy-the-dip strategy. The Ark Invest chief just picked up shares of a megacap tech name that fell 9% after reporting results. In 2025, the flagship Ark Innovation ETF gained 35.49%, far outpacing the S&P 500’s return of 17.88% in the same period. But so ...",2026-05-04T00:03:00Z,TheStreet
GLD,investment,2026-05-05T11:41:20.818811,Update: Gold Falls as the Dollar and Yields Climb,"(Updates prices.) Gold traded lower midafternoon Monday as the dollar and yields rose, forcing th",2026-05-04T18:00:08Z,MT Newswires
GLD,investment,2026-05-05T11:41:20.818825,"Gold Slides, 30-Year Yield Hits 5.1% as Rate Fears Take Over","The PHLX Gold/Silver Sector (^XAU) is under pressure Monday as precious metals pull back across the board. SPDR Gold Shares (NYSEARCA: GLD) ETF is down 1.3% to roughly $418, while iShares Silver Trust (NYSEARCA: SLV) ETF is off 2.3% near $67 as the market reassesses what the Strait of Hormuz disruption actually means for inflation, rates ... Gold Slides, 30-Year Yield Hits 5.1% as Rate Fears Take Over",2026-05-04T15:45:19Z,24/7 Wall St.
GLD,investment,2026-05-05T11:41:20.818827,"Gold Falls as the Dollar and Yields Climb, But Remains Rangebound","Gold traded lower early Monday as the dollar and yields rose, but the precious metal remains within",2026-05-04T13:06:01Z,MT Newswires
SPY,investment,2026-05-05T11:41:29.280633,10 S&P 500 Stocks Come Out Of Nowhere And Now Rank High With Investors,"Move aside Magnificent 7. Some of the ""other 493"" stocks in the S&P 500 are making a huge run.",2026-05-05T11:29:49Z,Investor's Business Daily
SPY,investment,2026-05-05T11:41:29.280646,The Stock Market Is Doing Something for Only the 4th Time in 156 Years -- and History Is Very Clear About What Happens Next,Stock market indicators rarely get this extreme.,2026-05-04T20:20:00Z,Motley Fool
SPY,investment,2026-05-05T11:41:29.280649,3 Leveraged ETF Areas of April That Are Up At least 150%,"Leveraged ETFs tied to Intel, Bloom Energy and AAOI skyrocketed in April, riding AI demand, earnings strength and surging energy trends.",2026-05-04T16:00:00Z,Zacks
QQQ,investment,2026-05-05T11:41:29.381713,Can Nancy Pelosi’s Favorite AI Stock Hope to Regain Its Momentum?,"Investors are watching Tempus AI (NASDAQ:TEM) ahead of first-quarter results due after the close tomorrow. The stock burst into investor consciousness in January 2025 after Nancy Pelosi disclosed a position, ran past $100, and has since shed nearly half its value. From Pelosi Halo to Show-Me Story Pelosi’s market-beating track record has turned her trades ... Can Nancy Pelosi’s Favorite AI Stock Hope to Regain Its Momentum?",2026-05-04T18:56:13Z,24/7 Wall St.
QQQ,investment,2026-05-05T11:41:29.381725,AI Trade Sends Asian Tech Shares Up 4.7% To Record,Asian equities rallied near all-time highs as chipmakers surged and investors weighed AI momentum against oil and geopolitical risks.,2026-05-04T18:14:53Z,GuruFocus.com
QQQ,investment,2026-05-05T11:41:29.381728,Exchange-Traded Funds Lower as US Equities Drop After Midday,Broad Market Indicators Broad-market exchange-traded fund IWM and IVV fell. Actively traded In,2026-05-04T17:09:23Z,MT Newswires
VTI,investment,2026-05-05T11:41:29.494055,The Cheap Way to Own the Entire U.S. Stock Market Right Now,You don't have to overthink investing. Keep it simple.,2026-05-04T10:01:00Z,Motley Fool
VTI,investment,2026-05-05T11:41:29.494067,Tech ETFs Dominate as $11.4B Floods Into U.S. Equity Funds,"<p>Here are the daily ETF fund flows for April 30, 2026.</p>",2026-04-30T21:00:04Z,etf.com
VTI,investment,2026-05-05T11:41:29.494069,1 No-Brainer ETF to Buy Right Now for Less Than $500,"U.S. corporate earnings, valuation, and the market rotation away from tech stocks make this Vanguard ETF look like a winner.",2026-04-30T17:22:00Z,Motley Fool
ARKK,investment,2026-05-05T11:41:29.604991,Cathie Wood Is Shrugging Off CapEx Fears and Buying the Dip in Meta Platforms Stock,Cathie Wood's move signals that the market may be treating the spending surge as a temporary overhang on an otherwise intact long-term growth thesis.,2026-05-04T20:49:49Z,Barchart
ARKK,investment,2026-05-05T11:41:29.605005,"Cathie Wood Dumps $72 Million of AMD, Doubles Down on Alphabet and Meta",Cathie Wood's Latest Move Sparks Questions for Advanced Micro Devices Bulls,2026-05-04T17:21:08Z,GuruFocus.com
ARKK,investment,2026-05-05T11:41:29.605007,Cathie Wood buys $28.7 million of tumbling megacap stock,"Cathie Wood is doubling down on her buy-the-dip strategy. The Ark Invest chief just picked up shares of a megacap tech name that fell 9% after reporting results. In 2025, the flagship Ark Innovation ETF gained 35.49%, far outpacing the S&P 500’s return of 17.88% in the same period. But so ...",2026-05-04T00:03:00Z,TheStreet
GLD,investment,2026-05-05T11:41:29.717921,Update: Gold Falls as the Dollar and Yields Climb,"(Updates prices.) Gold traded lower midafternoon Monday as the dollar and yields rose, forcing th",2026-05-04T18:00:08Z,MT Newswires
GLD,investment,2026-05-05T11:41:29.717933,"Gold Slides, 30-Year Yield Hits 5.1% as Rate Fears Take Over","The PHLX Gold/Silver Sector (^XAU) is under pressure Monday as precious metals pull back across the board. SPDR Gold Shares (NYSEARCA: GLD) ETF is down 1.3% to roughly $418, while iShares Silver Trust (NYSEARCA: SLV) ETF is off 2.3% near $67 as the market reassesses what the Strait of Hormuz disruption actually means for inflation, rates ... Gold Slides, 30-Year Yield Hits 5.1% as Rate Fears Take Over",2026-05-04T15:45:19Z,24/7 Wall St.
GLD,investment,2026-05-05T11:41:29.717936,"Gold Falls as the Dollar and Yields Climb, But Remains Rangebound","Gold traded lower early Monday as the dollar and yields rose, but the precious metal remains within",2026-05-04T13:06:01Z,MT Newswires
SPY,investment,2026-05-05T11:41:38.790382,10 S&P 500 Stocks Come Out Of Nowhere And Now Rank High With Investors,"Move aside Magnificent 7. Some of the ""other 493"" stocks in the S&P 500 are making a huge run.",2026-05-05T11:29:49Z,Investor's Business Daily
SPY,investment,2026-05-05T11:41:38.790395,The Stock Market Is Doing Something for Only the 4th Time in 156 Years -- and History Is Very Clear About What Happens Next,Stock market indicators rarely get this extreme.,2026-05-04T20:20:00Z,Motley Fool
SPY,investment,2026-05-05T11:41:38.790398,3 Leveraged ETF Areas of April That Are Up At least 150%,"Leveraged ETFs tied to Intel, Bloom Energy and AAOI skyrocketed in April, riding AI demand, earnings strength and surging energy trends.",2026-05-04T16:00:00Z,Zacks
QQQ,investment,2026-05-05T11:41:38.896218,Can Nancy Pelosi’s Favorite AI Stock Hope to Regain Its Momentum?,"Investors are watching Tempus AI (NASDAQ:TEM) ahead of first-quarter results due after the close tomorrow. The stock burst into investor consciousness in January 2025 after Nancy Pelosi disclosed a position, ran past $100, and has since shed nearly half its value. From Pelosi Halo to Show-Me Story Pelosi’s market-beating track record has turned her trades ... Can Nancy Pelosi’s Favorite AI Stock Hope to Regain Its Momentum?",2026-05-04T18:56:13Z,24/7 Wall St.
QQQ,investment,2026-05-05T11:41:38.896230,AI Trade Sends Asian Tech Shares Up 4.7% To Record,Asian equities rallied near all-time highs as chipmakers surged and investors weighed AI momentum against oil and geopolitical risks.,2026-05-04T18:14:53Z,GuruFocus.com
QQQ,investment,2026-05-05T11:41:38.896233,Exchange-Traded Funds Lower as US Equities Drop After Midday,Broad Market Indicators Broad-market exchange-traded fund IWM and IVV fell. Actively traded In,2026-05-04T17:09:23Z,MT Newswires
VTI,investment,2026-05-05T11:41:38.991364,The Cheap Way to Own the Entire U.S. Stock Market Right Now,You don't have to overthink investing. Keep it simple.,2026-05-04T10:01:00Z,Motley Fool
VTI,investment,2026-05-05T11:41:38.991378,Tech ETFs Dominate as $11.4B Floods Into U.S. Equity Funds,"<p>Here are the daily ETF fund flows for April 30, 2026.</p>",2026-04-30T21:00:04Z,etf.com
VTI,investment,2026-05-05T11:41:38.991381,1 No-Brainer ETF to Buy Right Now for Less Than $500,"U.S. corporate earnings, valuation, and the market rotation away from tech stocks make this Vanguard ETF look like a winner.",2026-04-30T17:22:00Z,Motley Fool
ARKK,investment,2026-05-05T11:41:39.086884,Cathie Wood Is Shrugging Off CapEx Fears and Buying the Dip in Meta Platforms Stock,Cathie Wood's move signals that the market may be treating the spending surge as a temporary overhang on an otherwise intact long-term growth thesis.,2026-05-04T20:49:49Z,Barchart
ARKK,investment,2026-05-05T11:41:39.086897,"Cathie Wood Dumps $72 Million of AMD, Doubles Down on Alphabet and Meta",Cathie Wood's Latest Move Sparks Questions for Advanced Micro Devices Bulls,2026-05-04T17:21:08Z,GuruFocus.com
ARKK,investment,2026-05-05T11:41:39.086900,Cathie Wood buys $28.7 million of tumbling megacap stock,"Cathie Wood is doubling down on her buy-the-dip strategy. The Ark Invest chief just picked up shares of a megacap tech name that fell 9% after reporting results. In 2025, the flagship Ark Innovation ETF gained 35.49%, far outpacing the S&P 500’s return of 17.88% in the same period. But so ...",2026-05-04T00:03:00Z,TheStreet
GLD,investment,2026-05-05T11:41:39.184971,Update: Gold Falls as the Dollar and Yields Climb,"(Updates prices.) Gold traded lower midafternoon Monday as the dollar and yields rose, forcing th",2026-05-04T18:00:08Z,MT Newswires
GLD,investment,2026-05-05T11:41:39.184985,"Gold Slides, 30-Year Yield Hits 5.1% as Rate Fears Take Over","The PHLX Gold/Silver Sector (^XAU) is under pressure Monday as precious metals pull back across the board. SPDR Gold Shares (NYSEARCA: GLD) ETF is down 1.3% to roughly $418, while iShares Silver Trust (NYSEARCA: SLV) ETF is off 2.3% near $67 as the market reassesses what the Strait of Hormuz disruption actually means for inflation, rates ... Gold Slides, 30-Year Yield Hits 5.1% as Rate Fears Take Over",2026-05-04T15:45:19Z,24/7 Wall St.
GLD,investment,2026-05-05T11:41:39.184988,"Gold Falls as the Dollar and Yields Climb, But Remains Rangebound","Gold traded lower early Monday as the dollar and yields rose, but the precious metal remains within",2026-05-04T13:06:01Z,MT Newswires
SPY,investment,2026-05-05T11:41:48.482615,10 S&P 500 Stocks Come Out Of Nowhere And Now Rank High With Investors,"Move aside Magnificent 7. Some of the ""other 493"" stocks in the S&P 500 are making a huge run.",2026-05-05T11:29:49Z,Investor's Business Daily
SPY,investment,2026-05-05T11:41:48.482627,The Stock Market Is Doing Something for Only the 4th Time in 156 Years -- and History Is Very Clear About What Happens Next,Stock market indicators rarely get this extreme.,2026-05-04T20:20:00Z,Motley Fool
SPY,investment,2026-05-05T11:41:48.482630,3 Leveraged ETF Areas of April That Are Up At least 150%,"Leveraged ETFs tied to Intel, Bloom Energy and AAOI skyrocketed in April, riding AI demand, earnings strength and surging energy trends.",2026-05-04T16:00:00Z,Zacks
QQQ,investment,2026-05-05T11:41:48.615309,Can Nancy Pelosi’s Favorite AI Stock Hope to Regain Its Momentum?,"Investors are watching Tempus AI (NASDAQ:TEM) ahead of first-quarter results due after the close tomorrow. The stock burst into investor consciousness in January 2025 after Nancy Pelosi disclosed a position, ran past $100, and has since shed nearly half its value. From Pelosi Halo to Show-Me Story Pelosi’s market-beating track record has turned her trades ... Can Nancy Pelosi’s Favorite AI Stock Hope to Regain Its Momentum?",2026-05-04T18:56:13Z,24/7 Wall St.
QQQ,investment,2026-05-05T11:41:48.615321,AI Trade Sends Asian Tech Shares Up 4.7% To Record,Asian equities rallied near all-time highs as chipmakers surged and investors weighed AI momentum against oil and geopolitical risks.,2026-05-04T18:14:53Z,GuruFocus.com
QQQ,investment,2026-05-05T11:41:48.615324,Exchange-Traded Funds Lower as US Equities Drop After Midday,Broad Market Indicators Broad-market exchange-traded fund IWM and IVV fell. Actively traded In,2026-05-04T17:09:23Z,MT Newswires
VTI,investment,2026-05-05T11:41:48.704988,The Cheap Way to Own the Entire U.S. Stock Market Right Now,You don't have to overthink investing. Keep it simple.,2026-05-04T10:01:00Z,Motley Fool
VTI,investment,2026-05-05T11:41:48.705001,Tech ETFs Dominate as $11.4B Floods Into U.S. Equity Funds,"<p>Here are the daily ETF fund flows for April 30, 2026.</p>",2026-04-30T21:00:04Z,etf.com
VTI,investment,2026-05-05T11:41:48.705004,1 No-Brainer ETF to Buy Right Now for Less Than $500,"U.S. corporate earnings, valuation, and the market rotation away from tech stocks make this Vanguard ETF look like a winner.",2026-04-30T17:22:00Z,Motley Fool
ARKK,investment,2026-05-05T11:41:48.802643,Cathie Wood Is Shrugging Off CapEx Fears and Buying the Dip in Meta Platforms Stock,Cathie Wood's move signals that the market may be treating the spending surge as a temporary overhang on an otherwise intact long-term growth thesis.,2026-05-04T20:49:49Z,Barchart
ARKK,investment,2026-05-05T11:41:48.802657,"Cathie Wood Dumps $72 Million of AMD, Doubles Down on Alphabet and Meta",Cathie Wood's Latest Move Sparks Questions for Advanced Micro Devices Bulls,2026-05-04T17:21:08Z,GuruFocus.com
ARKK,investment,2026-05-05T11:41:48.802659,Cathie Wood buys $28.7 million of tumbling megacap stock,"Cathie Wood is doubling down on her buy-the-dip strategy. The Ark Invest chief just picked up shares of a megacap tech name that fell 9% after reporting results. In 2025, the flagship Ark Innovation ETF gained 35.49%, far outpacing the S&P 500’s return of 17.88% in the same period. But so ...",2026-05-04T00:03:00Z,TheStreet
GLD,investment,2026-05-05T11:41:48.916469,Update: Gold Falls as the Dollar and Yields Climb,"(Updates prices.) Gold traded lower midafternoon Monday as the dollar and yields rose, forcing th",2026-05-04T18:00:08Z,MT Newswires
GLD,investment,2026-05-05T11:41:48.916482,"Gold Slides, 30-Year Yield Hits 5.1% as Rate Fears Take Over","The PHLX Gold/Silver Sector (^XAU) is under pressure Monday as precious metals pull back across the board. SPDR Gold Shares (NYSEARCA: GLD) ETF is down 1.3% to roughly $418, while iShares Silver Trust (NYSEARCA: SLV) ETF is off 2.3% near $67 as the market reassesses what the Strait of Hormuz disruption actually means for inflation, rates ... Gold Slides, 30-Year Yield Hits 5.1% as Rate Fears Take Over",2026-05-04T15:45:19Z,24/7 Wall St.
GLD,investment,2026-05-05T11:41:48.916484,"Gold Falls as the Dollar and Yields Climb, But Remains Rangebound","Gold traded lower early Monday as the dollar and yields rose, but the precious metal remains within",2026-05-04T13:06:01Z,MT Newswires
SPY,investment,2026-05-05T11:41:57.108807,10 S&P 500 Stocks Come Out Of Nowhere And Now Rank High With Investors,"Move aside Magnificent 7. Some of the ""other 493"" stocks in the S&P 500 are making a huge run.",2026-05-05T11:29:49Z,Investor's Business Daily
SPY,investment,2026-05-05T11:41:57.108820,The Stock Market Is Doing Something for Only the 4th Time in 156 Years -- and History Is Very Clear About What Happens Next,Stock market indicators rarely get this extreme.,2026-05-04T20:20:00Z,Motley Fool
SPY,investment,2026-05-05T11:41:57.108823,3 Leveraged ETF Areas of April That Are Up At least 150%,"Leveraged ETFs tied to Intel, Bloom Energy and AAOI skyrocketed in April, riding AI demand, earnings strength and surging energy trends.",2026-05-04T16:00:00Z,Zacks
QQQ,investment,2026-05-05T11:41:57.233301,Can Nancy Pelosi’s Favorite AI Stock Hope to Regain Its Momentum?,"Investors are watching Tempus AI (NASDAQ:TEM) ahead of first-quarter results due after the close tomorrow. The stock burst into investor consciousness in January 2025 after Nancy Pelosi disclosed a position, ran past $100, and has since shed nearly half its value. From Pelosi Halo to Show-Me Story Pelosi’s market-beating track record has turned her trades ... Can Nancy Pelosi’s Favorite AI Stock Hope to Regain Its Momentum?",2026-05-04T18:56:13Z,24/7 Wall St.
QQQ,investment,2026-05-05T11:41:57.233314,AI Trade Sends Asian Tech Shares Up 4.7% To Record,Asian equities rallied near all-time highs as chipmakers surged and investors weighed AI momentum against oil and geopolitical risks.,2026-05-04T18:14:53Z,GuruFocus.com
QQQ,investment,2026-05-05T11:41:57.233317,Exchange-Traded Funds Lower as US Equities Drop After Midday,Broad Market Indicators Broad-market exchange-traded fund IWM and IVV fell. Actively traded In,2026-05-04T17:09:23Z,MT Newswires
VTI,investment,2026-05-05T11:41:57.367582,The Cheap Way to Own the Entire U.S. Stock Market Right Now,You don't have to overthink investing. Keep it simple.,2026-05-04T10:01:00Z,Motley Fool
VTI,investment,2026-05-05T11:41:57.367596,Tech ETFs Dominate as $11.4B Floods Into U.S. Equity Funds,"<p>Here are the daily ETF fund flows for April 30, 2026.</p>",2026-04-30T21:00:04Z,etf.com
VTI,investment,2026-05-05T11:41:57.367599,1 No-Brainer ETF to Buy Right Now for Less Than $500,"U.S. corporate earnings, valuation, and the market rotation away from tech stocks make this Vanguard ETF look like a winner.",2026-04-30T17:22:00Z,Motley Fool
ARKK,investment,2026-05-05T11:41:57.467441,Cathie Wood Is Shrugging Off CapEx Fears and Buying the Dip in Meta Platforms Stock,Cathie Wood's move signals that the market may be treating the spending surge as a temporary overhang on an otherwise intact long-term growth thesis.,2026-05-04T20:49:49Z,Barchart
ARKK,investment,2026-05-05T11:41:57.467454,"Cathie Wood Dumps $72 Million of AMD, Doubles Down on Alphabet and Meta",Cathie Wood's Latest Move Sparks Questions for Advanced Micro Devices Bulls,2026-05-04T17:21:08Z,GuruFocus.com
ARKK,investment,2026-05-05T11:41:57.467456,Cathie Wood buys $28.7 million of tumbling megacap stock,"Cathie Wood is doubling down on her buy-the-dip strategy. The Ark Invest chief just picked up shares of a megacap tech name that fell 9% after reporting results. In 2025, the flagship Ark Innovation ETF gained 35.49%, far outpacing the S&P 500’s return of 17.88% in the same period. But so ...",2026-05-04T00:03:00Z,TheStreet
GLD,investment,2026-05-05T11:41:57.574822,Update: Gold Falls as the Dollar and Yields Climb,"(Updates prices.) Gold traded lower midafternoon Monday as the dollar and yields rose, forcing th",2026-05-04T18:00:08Z,MT Newswires
GLD,investment,2026-05-05T11:41:57.574835,"Gold Slides, 30-Year Yield Hits 5.1% as Rate Fears Take Over","The PHLX Gold/Silver Sector (^XAU) is under pressure Monday as precious metals pull back across the board. SPDR Gold Shares (NYSEARCA: GLD) ETF is down 1.3% to roughly $418, while iShares Silver Trust (NYSEARCA: SLV) ETF is off 2.3% near $67 as the market reassesses what the Strait of Hormuz disruption actually means for inflation, rates ... Gold Slides, 30-Year Yield Hits 5.1% as Rate Fears Take Over",2026-05-04T15:45:19Z,24/7 Wall St.
GLD,investment,2026-05-05T11:41:57.574838,"Gold Falls as the Dollar and Yields Climb, But Remains Rangebound","Gold traded lower early Monday as the dollar and yields rose, but the precious metal remains within",2026-05-04T13:06:01Z,MT Newswires
SPY,investment,2026-05-05T11:42:07.062921,10 S&P 500 Stocks Come Out Of Nowhere And Now Rank High With Investors,"Move aside Magnificent 7. Some of the ""other 493"" stocks in the S&P 500 are making a huge run.",2026-05-05T11:29:49Z,Investor's Business Daily
SPY,investment,2026-05-05T11:42:07.062935,The Stock Market Is Doing Something for Only the 4th Time in 156 Years -- and History Is Very Clear About What Happens Next,Stock market indicators rarely get this extreme.,2026-05-04T20:20:00Z,Motley Fool
SPY,investment,2026-05-05T11:42:07.062939,3 Leveraged ETF Areas of April That Are Up At least 150%,"Leveraged ETFs tied to Intel, Bloom Energy and AAOI skyrocketed in April, riding AI demand, earnings strength and surging energy trends.",2026-05-04T16:00:00Z,Zacks
QQQ,investment,2026-05-05T11:42:07.246228,Can Nancy Pelosi’s Favorite AI Stock Hope to Regain Its Momentum?,"Investors are watching Tempus AI (NASDAQ:TEM) ahead of first-quarter results due after the close tomorrow. The stock burst into investor consciousness in January 2025 after Nancy Pelosi disclosed a position, ran past $100, and has since shed nearly half its value. From Pelosi Halo to Show-Me Story Pelosi’s market-beating track record has turned her trades ... Can Nancy Pelosi’s Favorite AI Stock Hope to Regain Its Momentum?",2026-05-04T18:56:13Z,24/7 Wall St.
QQQ,investment,2026-05-05T11:42:07.246242,AI Trade Sends Asian Tech Shares Up 4.7% To Record,Asian equities rallied near all-time highs as chipmakers surged and investors weighed AI momentum against oil and geopolitical risks.,2026-05-04T18:14:53Z,GuruFocus.com
QQQ,investment,2026-05-05T11:42:07.246245,Exchange-Traded Funds Lower as US Equities Drop After Midday,Broad Market Indicators Broad-market exchange-traded fund IWM and IVV fell. Actively traded In,2026-05-04T17:09:23Z,MT Newswires
VTI,investment,2026-05-05T11:42:07.399118,The Cheap Way to Own the Entire U.S. Stock Market Right Now,You don't have to overthink investing. Keep it simple.,2026-05-04T10:01:00Z,Motley Fool
VTI,investment,2026-05-05T11:42:07.399131,Tech ETFs Dominate as $11.4B Floods Into U.S. Equity Funds,"<p>Here are the daily ETF fund flows for April 30, 2026.</p>",2026-04-30T21:00:04Z,etf.com
VTI,investment,2026-05-05T11:42:07.399134,1 No-Brainer ETF to Buy Right Now for Less Than $500,"U.S. corporate earnings, valuation, and the market rotation away from tech stocks make this Vanguard ETF look like a winner.",2026-04-30T17:22:00Z,Motley Fool
ARKK,investment,2026-05-05T11:42:07.492566,Cathie Wood Is Shrugging Off CapEx Fears and Buying the Dip in Meta Platforms Stock,Cathie Wood's move signals that the market may be treating the spending surge as a temporary overhang on an otherwise intact long-term growth thesis.,2026-05-04T20:49:49Z,Barchart
ARKK,investment,2026-05-05T11:42:07.492579,"Cathie Wood Dumps $72 Million of AMD, Doubles Down on Alphabet and Meta",Cathie Wood's Latest Move Sparks Questions for Advanced Micro Devices Bulls,2026-05-04T17:21:08Z,GuruFocus.com
ARKK,investment,2026-05-05T11:42:07.492582,Cathie Wood buys $28.7 million of tumbling megacap stock,"Cathie Wood is doubling down on her buy-the-dip strategy. The Ark Invest chief just picked up shares of a megacap tech name that fell 9% after reporting results. In 2025, the flagship Ark Innovation ETF gained 35.49%, far outpacing the S&P 500’s return of 17.88% in the same period. But so ...",2026-05-04T00:03:00Z,TheStreet
GLD,investment,2026-05-05T11:42:07.603929,Update: Gold Falls as the Dollar and Yields Climb,"(Updates prices.) Gold traded lower midafternoon Monday as the dollar and yields rose, forcing th",2026-05-04T18:00:08Z,MT Newswires
GLD,investment,2026-05-05T11:42:07.603943,"Gold Slides, 30-Year Yield Hits 5.1% as Rate Fears Take Over","The PHLX Gold/Silver Sector (^XAU) is under pressure Monday as precious metals pull back across the board. SPDR Gold Shares (NYSEARCA: GLD) ETF is down 1.3% to roughly $418, while iShares Silver Trust (NYSEARCA: SLV) ETF is off 2.3% near $67 as the market reassesses what the Strait of Hormuz disruption actually means for inflation, rates ... Gold Slides, 30-Year Yield Hits 5.1% as Rate Fears Take Over",2026-05-04T15:45:19Z,24/7 Wall St.
GLD,investment,2026-05-05T11:42:07.603946,"Gold Falls as the Dollar and Yields Climb, But Remains Rangebound","Gold traded lower early Monday as the dollar and yields rose, but the precious metal remains within",2026-05-04T13:06:01Z,MT Newswires
SPY,investment,2026-05-05T11:42:16.081262,10 S&P 500 Stocks Come Out Of Nowhere And Now Rank High With Investors,"Move aside Magnificent 7. Some of the ""other 493"" stocks in the S&P 500 are making a huge run.",2026-05-05T11:29:49Z,Investor's Business Daily
SPY,investment,2026-05-05T11:42:16.081276,The Stock Market Is Doing Something for Only the 4th Time in 156 Years -- and History Is Very Clear About What Happens Next,Stock market indicators rarely get this extreme.,2026-05-04T20:20:00Z,Motley Fool
SPY,investment,2026-05-05T11:42:16.081279,3 Leveraged ETF Areas of April That Are Up At least 150%,"Leveraged ETFs tied to Intel, Bloom Energy and AAOI skyrocketed in April, riding AI demand, earnings strength and surging energy trends.",2026-05-04T16:00:00Z,Zacks
QQQ,investment,2026-05-05T11:42:16.173796,Can Nancy Pelosi’s Favorite AI Stock Hope to Regain Its Momentum?,"Investors are watching Tempus AI (NASDAQ:TEM) ahead of first-quarter results due after the close tomorrow. The stock burst into investor consciousness in January 2025 after Nancy Pelosi disclosed a position, ran past $100, and has since shed nearly half its value. From Pelosi Halo to Show-Me Story Pelosi’s market-beating track record has turned her trades ... Can Nancy Pelosi’s Favorite AI Stock Hope to Regain Its Momentum?",2026-05-04T18:56:13Z,24/7 Wall St.
QQQ,investment,2026-05-05T11:42:16.173810,AI Trade Sends Asian Tech Shares Up 4.7% To Record,Asian equities rallied near all-time highs as chipmakers surged and investors weighed AI momentum against oil and geopolitical risks.,2026-05-04T18:14:53Z,GuruFocus.com
QQQ,investment,2026-05-05T11:42:16.173813,Exchange-Traded Funds Lower as US Equities Drop After Midday,Broad Market Indicators Broad-market exchange-traded fund IWM and IVV fell. Actively traded In,2026-05-04T17:09:23Z,MT Newswires
VTI,investment,2026-05-05T11:42:16.266221,The Cheap Way to Own the Entire U.S. Stock Market Right Now,You don't have to overthink investing. Keep it simple.,2026-05-04T10:01:00Z,Motley Fool
VTI,investment,2026-05-05T11:42:16.266234,Tech ETFs Dominate as $11.4B Floods Into U.S. Equity Funds,"<p>Here are the daily ETF fund flows for April 30, 2026.</p>",2026-04-30T21:00:04Z,etf.com
VTI,investment,2026-05-05T11:42:16.266238,1 No-Brainer ETF to Buy Right Now for Less Than $500,"U.S. corporate earnings, valuation, and the market rotation away from tech stocks make this Vanguard ETF look like a winner.",2026-04-30T17:22:00Z,Motley Fool
ARKK,investment,2026-05-05T11:42:16.381830,Cathie Wood Is Shrugging Off CapEx Fears and Buying the Dip in Meta Platforms Stock,Cathie Wood's move signals that the market may be treating the spending surge as a temporary overhang on an otherwise intact long-term growth thesis.,2026-05-04T20:49:49Z,Barchart
ARKK,investment,2026-05-05T11:42:16.381844,"Cathie Wood Dumps $72 Million of AMD, Doubles Down on Alphabet and Meta",Cathie Wood's Latest Move Sparks Questions for Advanced Micro Devices Bulls,2026-05-04T17:21:08Z,GuruFocus.com
ARKK,investment,2026-05-05T11:42:16.381847,Cathie Wood buys $28.7 million of tumbling megacap stock,"Cathie Wood is doubling down on her buy-the-dip strategy. The Ark Invest chief just picked up shares of a megacap tech name that fell 9% after reporting results. In 2025, the flagship Ark Innovation ETF gained 35.49%, far outpacing the S&P 500’s return of 17.88% in the same period. But so ...",2026-05-04T00:03:00Z,TheStreet
GLD,investment,2026-05-05T11:42:16.468563,Update: Gold Falls as the Dollar and Yields Climb,"(Updates prices.) Gold traded lower midafternoon Monday as the dollar and yields rose, forcing th",2026-05-04T18:00:08Z,MT Newswires
GLD,investment,2026-05-05T11:42:16.468576,"Gold Slides, 30-Year Yield Hits 5.1% as Rate Fears Take Over","The PHLX Gold/Silver Sector (^XAU) is under pressure Monday as precious metals pull back across the board. SPDR Gold Shares (NYSEARCA: GLD) ETF is down 1.3% to roughly $418, while iShares Silver Trust (NYSEARCA: SLV) ETF is off 2.3% near $67 as the market reassesses what the Strait of Hormuz disruption actually means for inflation, rates ... Gold Slides, 30-Year Yield Hits 5.1% as Rate Fears Take Over",2026-05-04T15:45:19Z,24/7 Wall St.
GLD,investment,2026-05-05T11:42:16.468579,"Gold Falls as the Dollar and Yields Climb, But Remains Rangebound","Gold traded lower early Monday as the dollar and yields rose, but the precious metal remains within",2026-05-04T13:06:01Z,MT Newswires
SPY,investment,2026-05-05T15:57:22.580862,"MAGS Is Up 181% Since Launch, but 2026 Reveals Its Hidden Weakness","Concentrated bets on a handful of mega-cap technology names drove most of the S&P 500’s returns over the past three years, and Roundhill built MAGS to deliver that exposure in one ticker without forcing investors to guess which name will lead next. The Single-Decision Mega-Cap Tech Sleeve The Roundhill Magnificent Seven ETF (NYSEARCA:MAGS) holds seven ... MAGS Is Up 181% Since Launch, but 2026 Reveals Its Hidden Weakness",2026-05-05T15:00:57Z,24/7 Wall St.
SPY,investment,2026-05-05T15:57:22.580875,This Boring ETF Owns Some Of The Toughest Businesses In America,"Consumer sentiment sits at 53.3 in March 2026, deep in the pessimistic zone, while retail sales just hit a fresh high of $752.1 billion. That gap between how Americans feel and how much they spend is the entire reason a fund like the Consumer Staples Select Sector SPDR Fund (NYSEARCA:XLP) exists. People grumble, then they ... This Boring ETF Owns Some Of The Toughest Businesses In America",2026-05-05T14:45:46Z,24/7 Wall St.
SPY,investment,2026-05-05T15:57:22.580878,"Exchange-Traded Funds, Equity Futures Higher Pre-Bell Tuesday Amid Corporate Earnings Rush",The broad market exchange-traded fund SPDR S&P 500 ETF Trust (SPY) was up 0.4% and the actively trad,2026-05-05T12:22:41Z,MT Newswires
QQQ,investment,2026-05-05T15:57:22.726254,Gratus Wealth Trims QQEW Stake by $22 Million -- Is Equal-Weight Nasdaq Still Worth Holding?,"This ETF tracks the Nasdaq-100 with an equal-weight strategy, offering diversified exposure to large-cap U.S. growth equities.",2026-05-05T15:29:54Z,Motley Fool
QQQ,investment,2026-05-05T15:57:22.726268,The venture fund paying 8% yield while quietly liquidating in five years,"The BlackRock Science and Technology Term Trust (NYSE:BSTZ) is an unusual tech vehicle: a closed-end fund with a 2031 liquidation date, an expense ratio near 1.4%, and over 30% of its portfolio invested in private, pre-IPO companies. Income investors are drawn to the roughly 8% yield, but the structure under the hood is doing more ... The venture fund paying 8% yield while quietly liquidating in five years",2026-05-05T15:04:19Z,24/7 Wall St.
VTI,investment,2026-05-05T15:57:22.884571,The Cheap Way to Own the Entire U.S. Stock Market Right Now,You don't have to overthink investing. Keep it simple.,2026-05-04T10:01:00Z,Motley Fool
VTI,investment,2026-05-05T15:57:22.884584,Tech ETFs Dominate as $11.4B Floods Into U.S. Equity Funds,"<p>Here are the daily ETF fund flows for April 30, 2026.</p>",2026-04-30T21:00:04Z,etf.com
VTI,investment,2026-05-05T15:57:22.884587,1 No-Brainer ETF to Buy Right Now for Less Than $500,"U.S. corporate earnings, valuation, and the market rotation away from tech stocks make this Vanguard ETF look like a winner.",2026-04-30T17:22:00Z,Motley Fool
ARKK,investment,2026-05-05T15:57:23.047000,Cathie Wood Is Shrugging Off CapEx Fears and Buying the Dip in Meta Platforms Stock,Cathie Wood's move signals that the market may be treating the spending surge as a temporary overhang on an otherwise intact long-term growth thesis.,2026-05-04T20:49:49Z,Barchart
ARKK,investment,2026-05-05T15:57:23.047014,"Cathie Wood Dumps $72 Million of AMD, Doubles Down on Alphabet and Meta",Cathie Wood's Latest Move Sparks Questions for Advanced Micro Devices Bulls,2026-05-04T17:21:08Z,GuruFocus.com
ARKK,investment,2026-05-05T15:57:23.047016,3 ETFs to Play the Enterprise Software Slump,"Enterprise software providers have reached a major hurdle with AI, but this could mean a buy opportunity for investors willing to take on risk.",2026-05-04T14:05:00Z,MarketBeat
GLD,investment,2026-05-05T15:57:23.153268,Gold Rises Early As Treasury Yields Ease,Gold prices rose off a five-week low early Tuesday as treasury yields eased off a 10-month high.,2026-05-05T13:08:16Z,MT Newswires
GLD,investment,2026-05-05T15:57:23.153283,Update: Gold Falls as the Dollar and Yields Climb,"(Updates prices.) Gold traded lower midafternoon Monday as the dollar and yields rose, forcing th",2026-05-04T18:00:08Z,MT Newswires
SPY,investment,2026-05-05T15:57:33.476798,"MAGS Is Up 181% Since Launch, but 2026 Reveals Its Hidden Weakness","Concentrated bets on a handful of mega-cap technology names drove most of the S&P 500’s returns over the past three years, and Roundhill built MAGS to deliver that exposure in one ticker without forcing investors to guess which name will lead next. The Single-Decision Mega-Cap Tech Sleeve The Roundhill Magnificent Seven ETF (NYSEARCA:MAGS) holds seven ... MAGS Is Up 181% Since Launch, but 2026 Reveals Its Hidden Weakness",2026-05-05T15:00:57Z,24/7 Wall St.
SPY,investment,2026-05-05T15:57:33.476811,This Boring ETF Owns Some Of The Toughest Businesses In America,"Consumer sentiment sits at 53.3 in March 2026, deep in the pessimistic zone, while retail sales just hit a fresh high of $752.1 billion. That gap between how Americans feel and how much they spend is the entire reason a fund like the Consumer Staples Select Sector SPDR Fund (NYSEARCA:XLP) exists. People grumble, then they ... This Boring ETF Owns Some Of The Toughest Businesses In America",2026-05-05T14:45:46Z,24/7 Wall St.
SPY,investment,2026-05-05T15:57:33.476813,"Exchange-Traded Funds, Equity Futures Higher Pre-Bell Tuesday Amid Corporate Earnings Rush",The broad market exchange-traded fund SPDR S&P 500 ETF Trust (SPY) was up 0.4% and the actively trad,2026-05-05T12:22:41Z,MT Newswires
QQQ,investment,2026-05-05T15:57:33.590720,Gratus Wealth Trims QQEW Stake by $22 Million -- Is Equal-Weight Nasdaq Still Worth Holding?,"This ETF tracks the Nasdaq-100 with an equal-weight strategy, offering diversified exposure to large-cap U.S. growth equities.",2026-05-05T15:29:54Z,Motley Fool
QQQ,investment,2026-05-05T15:57:33.590733,The venture fund paying 8% yield while quietly liquidating in five years,"The BlackRock Science and Technology Term Trust (NYSE:BSTZ) is an unusual tech vehicle: a closed-end fund with a 2031 liquidation date, an expense ratio near 1.4%, and over 30% of its portfolio invested in private, pre-IPO companies. Income investors are drawn to the roughly 8% yield, but the structure under the hood is doing more ... The venture fund paying 8% yield while quietly liquidating in five years",2026-05-05T15:04:19Z,24/7 Wall St.
VTI,investment,2026-05-05T15:57:33.805344,The Cheap Way to Own the Entire U.S. Stock Market Right Now,You don't have to overthink investing. Keep it simple.,2026-05-04T10:01:00Z,Motley Fool
VTI,investment,2026-05-05T15:57:33.805357,Tech ETFs Dominate as $11.4B Floods Into U.S. Equity Funds,"<p>Here are the daily ETF fund flows for April 30, 2026.</p>",2026-04-30T21:00:04Z,etf.com
VTI,investment,2026-05-05T15:57:33.805359,1 No-Brainer ETF to Buy Right Now for Less Than $500,"U.S. corporate earnings, valuation, and the market rotation away from tech stocks make this Vanguard ETF look like a winner.",2026-04-30T17:22:00Z,Motley Fool
ARKK,investment,2026-05-05T15:57:33.943234,Cathie Wood Is Shrugging Off CapEx Fears and Buying the Dip in Meta Platforms Stock,Cathie Wood's move signals that the market may be treating the spending surge as a temporary overhang on an otherwise intact long-term growth thesis.,2026-05-04T20:49:49Z,Barchart
ARKK,investment,2026-05-05T15:57:33.943247,"Cathie Wood Dumps $72 Million of AMD, Doubles Down on Alphabet and Meta",Cathie Wood's Latest Move Sparks Questions for Advanced Micro Devices Bulls,2026-05-04T17:21:08Z,GuruFocus.com
ARKK,investment,2026-05-05T15:57:33.943249,3 ETFs to Play the Enterprise Software Slump,"Enterprise software providers have reached a major hurdle with AI, but this could mean a buy opportunity for investors willing to take on risk.",2026-05-04T14:05:00Z,MarketBeat
GLD,investment,2026-05-05T15:57:34.063071,Gold Rises Early As Treasury Yields Ease,Gold prices rose off a five-week low early Tuesday as treasury yields eased off a 10-month high.,2026-05-05T13:08:16Z,MT Newswires
GLD,investment,2026-05-05T15:57:34.063087,Update: Gold Falls as the Dollar and Yields Climb,"(Updates prices.) Gold traded lower midafternoon Monday as the dollar and yields rose, forcing th",2026-05-04T18:00:08Z,MT Newswires
SPY,investment,2026-05-05T15:57:43.451913,"MAGS Is Up 181% Since Launch, but 2026 Reveals Its Hidden Weakness","Concentrated bets on a handful of mega-cap technology names drove most of the S&P 500’s returns over the past three years, and Roundhill built MAGS to deliver that exposure in one ticker without forcing investors to guess which name will lead next. The Single-Decision Mega-Cap Tech Sleeve The Roundhill Magnificent Seven ETF (NYSEARCA:MAGS) holds seven ... MAGS Is Up 181% Since Launch, but 2026 Reveals Its Hidden Weakness",2026-05-05T15:00:57Z,24/7 Wall St.
SPY,investment,2026-05-05T15:57:43.451927,This Boring ETF Owns Some Of The Toughest Businesses In America,"Consumer sentiment sits at 53.3 in March 2026, deep in the pessimistic zone, while retail sales just hit a fresh high of $752.1 billion. That gap between how Americans feel and how much they spend is the entire reason a fund like the Consumer Staples Select Sector SPDR Fund (NYSEARCA:XLP) exists. People grumble, then they ... This Boring ETF Owns Some Of The Toughest Businesses In America",2026-05-05T14:45:46Z,24/7 Wall St.
SPY,investment,2026-05-05T15:57:43.451930,"Exchange-Traded Funds, Equity Futures Higher Pre-Bell Tuesday Amid Corporate Earnings Rush",The broad market exchange-traded fund SPDR S&P 500 ETF Trust (SPY) was up 0.4% and the actively trad,2026-05-05T12:22:41Z,MT Newswires
QQQ,investment,2026-05-05T15:57:43.564533,Gratus Wealth Trims QQEW Stake by $22 Million -- Is Equal-Weight Nasdaq Still Worth Holding?,"This ETF tracks the Nasdaq-100 with an equal-weight strategy, offering diversified exposure to large-cap U.S. growth equities.",2026-05-05T15:29:54Z,Motley Fool
QQQ,investment,2026-05-05T15:57:43.564547,The venture fund paying 8% yield while quietly liquidating in five years,"The BlackRock Science and Technology Term Trust (NYSE:BSTZ) is an unusual tech vehicle: a closed-end fund with a 2031 liquidation date, an expense ratio near 1.4%, and over 30% of its portfolio invested in private, pre-IPO companies. Income investors are drawn to the roughly 8% yield, but the structure under the hood is doing more ... The venture fund paying 8% yield while quietly liquidating in five years",2026-05-05T15:04:19Z,24/7 Wall St.
VTI,investment,2026-05-05T15:57:43.660577,The Cheap Way to Own the Entire U.S. Stock Market Right Now,You don't have to overthink investing. Keep it simple.,2026-05-04T10:01:00Z,Motley Fool
VTI,investment,2026-05-05T15:57:43.660590,Tech ETFs Dominate as $11.4B Floods Into U.S. Equity Funds,"<p>Here are the daily ETF fund flows for April 30, 2026.</p>",2026-04-30T21:00:04Z,etf.com
VTI,investment,2026-05-05T15:57:43.660592,1 No-Brainer ETF to Buy Right Now for Less Than $500,"U.S. corporate earnings, valuation, and the market rotation away from tech stocks make this Vanguard ETF look like a winner.",2026-04-30T17:22:00Z,Motley Fool
ARKK,investment,2026-05-05T15:57:43.772474,Cathie Wood Is Shrugging Off CapEx Fears and Buying the Dip in Meta Platforms Stock,Cathie Wood's move signals that the market may be treating the spending surge as a temporary overhang on an otherwise intact long-term growth thesis.,2026-05-04T20:49:49Z,Barchart
ARKK,investment,2026-05-05T15:57:43.772487,"Cathie Wood Dumps $72 Million of AMD, Doubles Down on Alphabet and Meta",Cathie Wood's Latest Move Sparks Questions for Advanced Micro Devices Bulls,2026-05-04T17:21:08Z,GuruFocus.com
ARKK,investment,2026-05-05T15:57:43.772489,3 ETFs to Play the Enterprise Software Slump,"Enterprise software providers have reached a major hurdle with AI, but this could mean a buy opportunity for investors willing to take on risk.",2026-05-04T14:05:00Z,MarketBeat
GLD,investment,2026-05-05T15:57:43.917595,Gold Rises Early As Treasury Yields Ease,Gold prices rose off a five-week low early Tuesday as treasury yields eased off a 10-month high.,2026-05-05T13:08:16Z,MT Newswires
GLD,investment,2026-05-05T15:57:43.917612,Update: Gold Falls as the Dollar and Yields Climb,"(Updates prices.) Gold traded lower midafternoon Monday as the dollar and yields rose, forcing th",2026-05-04T18:00:08Z,MT Newswires
SPY,investment,2026-05-05T15:57:53.709638,"MAGS Is Up 181% Since Launch, but 2026 Reveals Its Hidden Weakness","Concentrated bets on a handful of mega-cap technology names drove most of the S&P 500’s returns over the past three years, and Roundhill built MAGS to deliver that exposure in one ticker without forcing investors to guess which name will lead next. The Single-Decision Mega-Cap Tech Sleeve The Roundhill Magnificent Seven ETF (NYSEARCA:MAGS) holds seven ... MAGS Is Up 181% Since Launch, but 2026 Reveals Its Hidden Weakness",2026-05-05T15:00:57Z,24/7 Wall St.
SPY,investment,2026-05-05T15:57:53.709650,This Boring ETF Owns Some Of The Toughest Businesses In America,"Consumer sentiment sits at 53.3 in March 2026, deep in the pessimistic zone, while retail sales just hit a fresh high of $752.1 billion. That gap between how Americans feel and how much they spend is the entire reason a fund like the Consumer Staples Select Sector SPDR Fund (NYSEARCA:XLP) exists. People grumble, then they ... This Boring ETF Owns Some Of The Toughest Businesses In America",2026-05-05T14:45:46Z,24/7 Wall St.
SPY,investment,2026-05-05T15:57:53.709653,"Exchange-Traded Funds, Equity Futures Higher Pre-Bell Tuesday Amid Corporate Earnings Rush",The broad market exchange-traded fund SPDR S&P 500 ETF Trust (SPY) was up 0.4% and the actively trad,2026-05-05T12:22:41Z,MT Newswires
QQQ,investment,2026-05-05T15:57:53.864802,Gratus Wealth Trims QQEW Stake by $22 Million -- Is Equal-Weight Nasdaq Still Worth Holding?,"This ETF tracks the Nasdaq-100 with an equal-weight strategy, offering diversified exposure to large-cap U.S. growth equities.",2026-05-05T15:29:54Z,Motley Fool
QQQ,investment,2026-05-05T15:57:53.864815,The venture fund paying 8% yield while quietly liquidating in five years,"The BlackRock Science and Technology Term Trust (NYSE:BSTZ) is an unusual tech vehicle: a closed-end fund with a 2031 liquidation date, an expense ratio near 1.4%, and over 30% of its portfolio invested in private, pre-IPO companies. Income investors are drawn to the roughly 8% yield, but the structure under the hood is doing more ... The venture fund paying 8% yield while quietly liquidating in five years",2026-05-05T15:04:19Z,24/7 Wall St.
VTI,investment,2026-05-05T15:57:53.997416,The Cheap Way to Own the Entire U.S. Stock Market Right Now,You don't have to overthink investing. Keep it simple.,2026-05-04T10:01:00Z,Motley Fool
VTI,investment,2026-05-05T15:57:53.997429,Tech ETFs Dominate as $11.4B Floods Into U.S. Equity Funds,"<p>Here are the daily ETF fund flows for April 30, 2026.</p>",2026-04-30T21:00:04Z,etf.com
VTI,investment,2026-05-05T15:57:53.997432,1 No-Brainer ETF to Buy Right Now for Less Than $500,"U.S. corporate earnings, valuation, and the market rotation away from tech stocks make this Vanguard ETF look like a winner.",2026-04-30T17:22:00Z,Motley Fool
ARKK,investment,2026-05-05T15:57:54.108743,Cathie Wood Is Shrugging Off CapEx Fears and Buying the Dip in Meta Platforms Stock,Cathie Wood's move signals that the market may be treating the spending surge as a temporary overhang on an otherwise intact long-term growth thesis.,2026-05-04T20:49:49Z,Barchart
ARKK,investment,2026-05-05T15:57:54.108756,"Cathie Wood Dumps $72 Million of AMD, Doubles Down on Alphabet and Meta",Cathie Wood's Latest Move Sparks Questions for Advanced Micro Devices Bulls,2026-05-04T17:21:08Z,GuruFocus.com
ARKK,investment,2026-05-05T15:57:54.108759,3 ETFs to Play the Enterprise Software Slump,"Enterprise software providers have reached a major hurdle with AI, but this could mean a buy opportunity for investors willing to take on risk.",2026-05-04T14:05:00Z,MarketBeat
GLD,investment,2026-05-05T15:57:54.199572,Gold Rises Early As Treasury Yields Ease,Gold prices rose off a five-week low early Tuesday as treasury yields eased off a 10-month high.,2026-05-05T13:08:16Z,MT Newswires
GLD,investment,2026-05-05T15:57:54.199588,Update: Gold Falls as the Dollar and Yields Climb,"(Updates prices.) Gold traded lower midafternoon Monday as the dollar and yields rose, forcing th",2026-05-04T18:00:08Z,MT Newswires
SPY,investment,2026-05-05T15:58:02.658770,"MAGS Is Up 181% Since Launch, but 2026 Reveals Its Hidden Weakness","Concentrated bets on a handful of mega-cap technology names drove most of the S&P 500’s returns over the past three years, and Roundhill built MAGS to deliver that exposure in one ticker without forcing investors to guess which name will lead next. The Single-Decision Mega-Cap Tech Sleeve The Roundhill Magnificent Seven ETF (NYSEARCA:MAGS) holds seven ... MAGS Is Up 181% Since Launch, but 2026 Reveals Its Hidden Weakness",2026-05-05T15:00:57Z,24/7 Wall St.
SPY,investment,2026-05-05T15:58:02.658782,This Boring ETF Owns Some Of The Toughest Businesses In America,"Consumer sentiment sits at 53.3 in March 2026, deep in the pessimistic zone, while retail sales just hit a fresh high of $752.1 billion. That gap between how Americans feel and how much they spend is the entire reason a fund like the Consumer Staples Select Sector SPDR Fund (NYSEARCA:XLP) exists. People grumble, then they ... This Boring ETF Owns Some Of The Toughest Businesses In America",2026-05-05T14:45:46Z,24/7 Wall St.
SPY,investment,2026-05-05T15:58:02.658785,"Exchange-Traded Funds, Equity Futures Higher Pre-Bell Tuesday Amid Corporate Earnings Rush",The broad market exchange-traded fund SPDR S&P 500 ETF Trust (SPY) was up 0.4% and the actively trad,2026-05-05T12:22:41Z,MT Newswires
QQQ,investment,2026-05-05T15:58:02.776584,Gratus Wealth Trims QQEW Stake by $22 Million -- Is Equal-Weight Nasdaq Still Worth Holding?,"This ETF tracks the Nasdaq-100 with an equal-weight strategy, offering diversified exposure to large-cap U.S. growth equities.",2026-05-05T15:29:54Z,Motley Fool
QQQ,investment,2026-05-05T15:58:02.776596,The venture fund paying 8% yield while quietly liquidating in five years,"The BlackRock Science and Technology Term Trust (NYSE:BSTZ) is an unusual tech vehicle: a closed-end fund with a 2031 liquidation date, an expense ratio near 1.4%, and over 30% of its portfolio invested in private, pre-IPO companies. Income investors are drawn to the roughly 8% yield, but the structure under the hood is doing more ... The venture fund paying 8% yield while quietly liquidating in five years",2026-05-05T15:04:19Z,24/7 Wall St.
VTI,investment,2026-05-05T15:58:02.870077,The Cheap Way to Own the Entire U.S. Stock Market Right Now,You don't have to overthink investing. Keep it simple.,2026-05-04T10:01:00Z,Motley Fool
VTI,investment,2026-05-05T15:58:02.870089,Tech ETFs Dominate as $11.4B Floods Into U.S. Equity Funds,"<p>Here are the daily ETF fund flows for April 30, 2026.</p>",2026-04-30T21:00:04Z,etf.com
VTI,investment,2026-05-05T15:58:02.870092,1 No-Brainer ETF to Buy Right Now for Less Than $500,"U.S. corporate earnings, valuation, and the market rotation away from tech stocks make this Vanguard ETF look like a winner.",2026-04-30T17:22:00Z,Motley Fool
ARKK,investment,2026-05-05T15:58:02.971903,Cathie Wood Is Shrugging Off CapEx Fears and Buying the Dip in Meta Platforms Stock,Cathie Wood's move signals that the market may be treating the spending surge as a temporary overhang on an otherwise intact long-term growth thesis.,2026-05-04T20:49:49Z,Barchart
ARKK,investment,2026-05-05T15:58:02.971916,"Cathie Wood Dumps $72 Million of AMD, Doubles Down on Alphabet and Meta",Cathie Wood's Latest Move Sparks Questions for Advanced Micro Devices Bulls,2026-05-04T17:21:08Z,GuruFocus.com
ARKK,investment,2026-05-05T15:58:02.971919,3 ETFs to Play the Enterprise Software Slump,"Enterprise software providers have reached a major hurdle with AI, but this could mean a buy opportunity for investors willing to take on risk.",2026-05-04T14:05:00Z,MarketBeat
GLD,investment,2026-05-05T15:58:03.091861,Gold Rises Early As Treasury Yields Ease,Gold prices rose off a five-week low early Tuesday as treasury yields eased off a 10-month high.,2026-05-05T13:08:16Z,MT Newswires
GLD,investment,2026-05-05T15:58:03.091883,Update: Gold Falls as the Dollar and Yields Climb,"(Updates prices.) Gold traded lower midafternoon Monday as the dollar and yields rose, forcing th",2026-05-04T18:00:08Z,MT Newswires
SPY,investment,2026-05-05T15:58:12.462577,"MAGS Is Up 181% Since Launch, but 2026 Reveals Its Hidden Weakness","Concentrated bets on a handful of mega-cap technology names drove most of the S&P 500’s returns over the past three years, and Roundhill built MAGS to deliver that exposure in one ticker without forcing investors to guess which name will lead next. The Single-Decision Mega-Cap Tech Sleeve The Roundhill Magnificent Seven ETF (NYSEARCA:MAGS) holds seven ... MAGS Is Up 181% Since Launch, but 2026 Reveals Its Hidden Weakness",2026-05-05T15:00:57Z,24/7 Wall St.
SPY,investment,2026-05-05T15:58:12.462589,This Boring ETF Owns Some Of The Toughest Businesses In America,"Consumer sentiment sits at 53.3 in March 2026, deep in the pessimistic zone, while retail sales just hit a fresh high of $752.1 billion. That gap between how Americans feel and how much they spend is the entire reason a fund like the Consumer Staples Select Sector SPDR Fund (NYSEARCA:XLP) exists. People grumble, then they ... This Boring ETF Owns Some Of The Toughest Businesses In America",2026-05-05T14:45:46Z,24/7 Wall St.
SPY,investment,2026-05-05T15:58:12.462592,"Exchange-Traded Funds, Equity Futures Higher Pre-Bell Tuesday Amid Corporate Earnings Rush",The broad market exchange-traded fund SPDR S&P 500 ETF Trust (SPY) was up 0.4% and the actively trad,2026-05-05T12:22:41Z,MT Newswires
QQQ,investment,2026-05-05T15:58:12.572582,Gratus Wealth Trims QQEW Stake by $22 Million -- Is Equal-Weight Nasdaq Still Worth Holding?,"This ETF tracks the Nasdaq-100 with an equal-weight strategy, offering diversified exposure to large-cap U.S. growth equities.",2026-05-05T15:29:54Z,Motley Fool
QQQ,investment,2026-05-05T15:58:12.572595,The venture fund paying 8% yield while quietly liquidating in five years,"The BlackRock Science and Technology Term Trust (NYSE:BSTZ) is an unusual tech vehicle: a closed-end fund with a 2031 liquidation date, an expense ratio near 1.4%, and over 30% of its portfolio invested in private, pre-IPO companies. Income investors are drawn to the roughly 8% yield, but the structure under the hood is doing more ... The venture fund paying 8% yield while quietly liquidating in five years",2026-05-05T15:04:19Z,24/7 Wall St.
VTI,investment,2026-05-05T15:58:12.661773,The Cheap Way to Own the Entire U.S. Stock Market Right Now,You don't have to overthink investing. Keep it simple.,2026-05-04T10:01:00Z,Motley Fool
VTI,investment,2026-05-05T15:58:12.661786,Tech ETFs Dominate as $11.4B Floods Into U.S. Equity Funds,"<p>Here are the daily ETF fund flows for April 30, 2026.</p>",2026-04-30T21:00:04Z,etf.com
VTI,investment,2026-05-05T15:58:12.661789,1 No-Brainer ETF to Buy Right Now for Less Than $500,"U.S. corporate earnings, valuation, and the market rotation away from tech stocks make this Vanguard ETF look like a winner.",2026-04-30T17:22:00Z,Motley Fool
ARKK,investment,2026-05-05T15:58:12.775456,Cathie Wood Is Shrugging Off CapEx Fears and Buying the Dip in Meta Platforms Stock,Cathie Wood's move signals that the market may be treating the spending surge as a temporary overhang on an otherwise intact long-term growth thesis.,2026-05-04T20:49:49Z,Barchart
ARKK,investment,2026-05-05T15:58:12.775469,"Cathie Wood Dumps $72 Million of AMD, Doubles Down on Alphabet and Meta",Cathie Wood's Latest Move Sparks Questions for Advanced Micro Devices Bulls,2026-05-04T17:21:08Z,GuruFocus.com
ARKK,investment,2026-05-05T15:58:12.775472,3 ETFs to Play the Enterprise Software Slump,"Enterprise software providers have reached a major hurdle with AI, but this could mean a buy opportunity for investors willing to take on risk.",2026-05-04T14:05:00Z,MarketBeat
GLD,investment,2026-05-05T15:58:12.918336,Gold Rises Early As Treasury Yields Ease,Gold prices rose off a five-week low early Tuesday as treasury yields eased off a 10-month high.,2026-05-05T13:08:16Z,MT Newswires
GLD,investment,2026-05-05T15:58:12.918351,Update: Gold Falls as the Dollar and Yields Climb,"(Updates prices.) Gold traded lower midafternoon Monday as the dollar and yields rose, forcing th",2026-05-04T18:00:08Z,MT Newswires
SPY,investment,2026-05-05T15:58:22.415812,"MAGS Is Up 181% Since Launch, but 2026 Reveals Its Hidden Weakness","Concentrated bets on a handful of mega-cap technology names drove most of the S&P 500’s returns over the past three years, and Roundhill built MAGS to deliver that exposure in one ticker without forcing investors to guess which name will lead next. The Single-Decision Mega-Cap Tech Sleeve The Roundhill Magnificent Seven ETF (NYSEARCA:MAGS) holds seven ... MAGS Is Up 181% Since Launch, but 2026 Reveals Its Hidden Weakness",2026-05-05T15:00:57Z,24/7 Wall St.
SPY,investment,2026-05-05T15:58:22.415824,This Boring ETF Owns Some Of The Toughest Businesses In America,"Consumer sentiment sits at 53.3 in March 2026, deep in the pessimistic zone, while retail sales just hit a fresh high of $752.1 billion. That gap between how Americans feel and how much they spend is the entire reason a fund like the Consumer Staples Select Sector SPDR Fund (NYSEARCA:XLP) exists. People grumble, then they ... This Boring ETF Owns Some Of The Toughest Businesses In America",2026-05-05T14:45:46Z,24/7 Wall St.
SPY,investment,2026-05-05T15:58:22.415826,"Exchange-Traded Funds, Equity Futures Higher Pre-Bell Tuesday Amid Corporate Earnings Rush",The broad market exchange-traded fund SPDR S&P 500 ETF Trust (SPY) was up 0.4% and the actively trad,2026-05-05T12:22:41Z,MT Newswires
QQQ,investment,2026-05-05T15:58:22.540262,Gratus Wealth Trims QQEW Stake by $22 Million -- Is Equal-Weight Nasdaq Still Worth Holding?,"This ETF tracks the Nasdaq-100 with an equal-weight strategy, offering diversified exposure to large-cap U.S. growth equities.",2026-05-05T15:29:54Z,Motley Fool
QQQ,investment,2026-05-05T15:58:22.540275,The venture fund paying 8% yield while quietly liquidating in five years,"The BlackRock Science and Technology Term Trust (NYSE:BSTZ) is an unusual tech vehicle: a closed-end fund with a 2031 liquidation date, an expense ratio near 1.4%, and over 30% of its portfolio invested in private, pre-IPO companies. Income investors are drawn to the roughly 8% yield, but the structure under the hood is doing more ... The venture fund paying 8% yield while quietly liquidating in five years",2026-05-05T15:04:19Z,24/7 Wall St.
VTI,investment,2026-05-05T15:58:22.655650,The Cheap Way to Own the Entire U.S. Stock Market Right Now,You don't have to overthink investing. Keep it simple.,2026-05-04T10:01:00Z,Motley Fool
VTI,investment,2026-05-05T15:58:22.655665,Tech ETFs Dominate as $11.4B Floods Into U.S. Equity Funds,"<p>Here are the daily ETF fund flows for April 30, 2026.</p>",2026-04-30T21:00:04Z,etf.com
VTI,investment,2026-05-05T15:58:22.655668,1 No-Brainer ETF to Buy Right Now for Less Than $500,"U.S. corporate earnings, valuation, and the market rotation away from tech stocks make this Vanguard ETF look like a winner.",2026-04-30T17:22:00Z,Motley Fool
ARKK,investment,2026-05-05T15:58:22.756303,Cathie Wood Is Shrugging Off CapEx Fears and Buying the Dip in Meta Platforms Stock,Cathie Wood's move signals that the market may be treating the spending surge as a temporary overhang on an otherwise intact long-term growth thesis.,2026-05-04T20:49:49Z,Barchart
ARKK,investment,2026-05-05T15:58:22.756315,"Cathie Wood Dumps $72 Million of AMD, Doubles Down on Alphabet and Meta",Cathie Wood's Latest Move Sparks Questions for Advanced Micro Devices Bulls,2026-05-04T17:21:08Z,GuruFocus.com
ARKK,investment,2026-05-05T15:58:22.756318,3 ETFs to Play the Enterprise Software Slump,"Enterprise software providers have reached a major hurdle with AI, but this could mean a buy opportunity for investors willing to take on risk.",2026-05-04T14:05:00Z,MarketBeat
GLD,investment,2026-05-05T15:58:22.875289,Gold Rises Early As Treasury Yields Ease,Gold prices rose off a five-week low early Tuesday as treasury yields eased off a 10-month high.,2026-05-05T13:08:16Z,MT Newswires
GLD,investment,2026-05-05T15:58:22.875304,Update: Gold Falls as the Dollar and Yields Climb,"(Updates prices.) Gold traded lower midafternoon Monday as the dollar and yields rose, forcing th",2026-05-04T18:00:08Z,MT Newswires
SPY,investment,2026-05-05T15:58:32.111564,"MAGS Is Up 181% Since Launch, but 2026 Reveals Its Hidden Weakness","Concentrated bets on a handful of mega-cap technology names drove most of the S&P 500’s returns over the past three years, and Roundhill built MAGS to deliver that exposure in one ticker without forcing investors to guess which name will lead next. The Single-Decision Mega-Cap Tech Sleeve The Roundhill Magnificent Seven ETF (NYSEARCA:MAGS) holds seven ... MAGS Is Up 181% Since Launch, but 2026 Reveals Its Hidden Weakness",2026-05-05T15:00:57Z,24/7 Wall St.
SPY,investment,2026-05-05T15:58:32.111577,This Boring ETF Owns Some Of The Toughest Businesses In America,"Consumer sentiment sits at 53.3 in March 2026, deep in the pessimistic zone, while retail sales just hit a fresh high of $752.1 billion. That gap between how Americans feel and how much they spend is the entire reason a fund like the Consumer Staples Select Sector SPDR Fund (NYSEARCA:XLP) exists. People grumble, then they ... This Boring ETF Owns Some Of The Toughest Businesses In America",2026-05-05T14:45:46Z,24/7 Wall St.
SPY,investment,2026-05-05T15:58:32.111579,"Exchange-Traded Funds, Equity Futures Higher Pre-Bell Tuesday Amid Corporate Earnings Rush",The broad market exchange-traded fund SPDR S&P 500 ETF Trust (SPY) was up 0.4% and the actively trad,2026-05-05T12:22:41Z,MT Newswires
QQQ,investment,2026-05-05T15:58:32.218549,Gratus Wealth Trims QQEW Stake by $22 Million -- Is Equal-Weight Nasdaq Still Worth Holding?,"This ETF tracks the Nasdaq-100 with an equal-weight strategy, offering diversified exposure to large-cap U.S. growth equities.",2026-05-05T15:29:54Z,Motley Fool
QQQ,investment,2026-05-05T15:58:32.218561,The venture fund paying 8% yield while quietly liquidating in five years,"The BlackRock Science and Technology Term Trust (NYSE:BSTZ) is an unusual tech vehicle: a closed-end fund with a 2031 liquidation date, an expense ratio near 1.4%, and over 30% of its portfolio invested in private, pre-IPO companies. Income investors are drawn to the roughly 8% yield, but the structure under the hood is doing more ... The venture fund paying 8% yield while quietly liquidating in five years",2026-05-05T15:04:19Z,24/7 Wall St.
VTI,investment,2026-05-05T15:58:32.336353,The Cheap Way to Own the Entire U.S. Stock Market Right Now,You don't have to overthink investing. Keep it simple.,2026-05-04T10:01:00Z,Motley Fool
VTI,investment,2026-05-05T15:58:32.336365,Tech ETFs Dominate as $11.4B Floods Into U.S. Equity Funds,"<p>Here are the daily ETF fund flows for April 30, 2026.</p>",2026-04-30T21:00:04Z,etf.com
VTI,investment,2026-05-05T15:58:32.336368,1 No-Brainer ETF to Buy Right Now for Less Than $500,"U.S. corporate earnings, valuation, and the market rotation away from tech stocks make this Vanguard ETF look like a winner.",2026-04-30T17:22:00Z,Motley Fool
ARKK,investment,2026-05-05T15:58:32.482297,Cathie Wood Is Shrugging Off CapEx Fears and Buying the Dip in Meta Platforms Stock,Cathie Wood's move signals that the market may be treating the spending surge as a temporary overhang on an otherwise intact long-term growth thesis.,2026-05-04T20:49:49Z,Barchart
ARKK,investment,2026-05-05T15:58:32.482310,"Cathie Wood Dumps $72 Million of AMD, Doubles Down on Alphabet and Meta",Cathie Wood's Latest Move Sparks Questions for Advanced Micro Devices Bulls,2026-05-04T17:21:08Z,GuruFocus.com
ARKK,investment,2026-05-05T15:58:32.482313,3 ETFs to Play the Enterprise Software Slump,"Enterprise software providers have reached a major hurdle with AI, but this could mean a buy opportunity for investors willing to take on risk.",2026-05-04T14:05:00Z,MarketBeat
GLD,investment,2026-05-05T15:58:32.614394,Gold Rises Early As Treasury Yields Ease,Gold prices rose off a five-week low early Tuesday as treasury yields eased off a 10-month high.,2026-05-05T13:08:16Z,MT Newswires
GLD,investment,2026-05-05T15:58:32.614410,Update: Gold Falls as the Dollar and Yields Climb,"(Updates prices.) Gold traded lower midafternoon Monday as the dollar and yields rose, forcing th",2026-05-04T18:00:08Z,MT Newswires
SPY,investment,2026-05-05T15:58:41.725439,"MAGS Is Up 181% Since Launch, but 2026 Reveals Its Hidden Weakness","Concentrated bets on a handful of mega-cap technology names drove most of the S&P 500’s returns over the past three years, and Roundhill built MAGS to deliver that exposure in one ticker without forcing investors to guess which name will lead next. The Single-Decision Mega-Cap Tech Sleeve The Roundhill Magnificent Seven ETF (NYSEARCA:MAGS) holds seven ... MAGS Is Up 181% Since Launch, but 2026 Reveals Its Hidden Weakness",2026-05-05T15:00:57Z,24/7 Wall St.
SPY,investment,2026-05-05T15:58:41.725456,This Boring ETF Owns Some Of The Toughest Businesses In America,"Consumer sentiment sits at 53.3 in March 2026, deep in the pessimistic zone, while retail sales just hit a fresh high of $752.1 billion. That gap between how Americans feel and how much they spend is the entire reason a fund like the Consumer Staples Select Sector SPDR Fund (NYSEARCA:XLP) exists. People grumble, then they ... This Boring ETF Owns Some Of The Toughest Businesses In America",2026-05-05T14:45:46Z,24/7 Wall St.
SPY,investment,2026-05-05T15:58:41.725459,"Exchange-Traded Funds, Equity Futures Higher Pre-Bell Tuesday Amid Corporate Earnings Rush",The broad market exchange-traded fund SPDR S&P 500 ETF Trust (SPY) was up 0.4% and the actively trad,2026-05-05T12:22:41Z,MT Newswires
QQQ,investment,2026-05-05T15:58:41.821783,Gratus Wealth Trims QQEW Stake by $22 Million -- Is Equal-Weight Nasdaq Still Worth Holding?,"This ETF tracks the Nasdaq-100 with an equal-weight strategy, offering diversified exposure to large-cap U.S. growth equities.",2026-05-05T15:29:54Z,Motley Fool
QQQ,investment,2026-05-05T15:58:41.821796,The venture fund paying 8% yield while quietly liquidating in five years,"The BlackRock Science and Technology Term Trust (NYSE:BSTZ) is an unusual tech vehicle: a closed-end fund with a 2031 liquidation date, an expense ratio near 1.4%, and over 30% of its portfolio invested in private, pre-IPO companies. Income investors are drawn to the roughly 8% yield, but the structure under the hood is doing more ... The venture fund paying 8% yield while quietly liquidating in five years",2026-05-05T15:04:19Z,24/7 Wall St.
VTI,investment,2026-05-05T15:58:41.918152,The Cheap Way to Own the Entire U.S. Stock Market Right Now,You don't have to overthink investing. Keep it simple.,2026-05-04T10:01:00Z,Motley Fool
VTI,investment,2026-05-05T15:58:41.918187,Tech ETFs Dominate as $11.4B Floods Into U.S. Equity Funds,"<p>Here are the daily ETF fund flows for April 30, 2026.</p>",2026-04-30T21:00:04Z,etf.com
VTI,investment,2026-05-05T15:58:41.918189,1 No-Brainer ETF to Buy Right Now for Less Than $500,"U.S. corporate earnings, valuation, and the market rotation away from tech stocks make this Vanguard ETF look like a winner.",2026-04-30T17:22:00Z,Motley Fool
ARKK,investment,2026-05-05T15:58:42.017018,Cathie Wood Is Shrugging Off CapEx Fears and Buying the Dip in Meta Platforms Stock,Cathie Wood's move signals that the market may be treating the spending surge as a temporary overhang on an otherwise intact long-term growth thesis.,2026-05-04T20:49:49Z,Barchart
ARKK,investment,2026-05-05T15:58:42.017031,"Cathie Wood Dumps $72 Million of AMD, Doubles Down on Alphabet and Meta",Cathie Wood's Latest Move Sparks Questions for Advanced Micro Devices Bulls,2026-05-04T17:21:08Z,GuruFocus.com
ARKK,investment,2026-05-05T15:58:42.017034,3 ETFs to Play the Enterprise Software Slump,"Enterprise software providers have reached a major hurdle with AI, but this could mean a buy opportunity for investors willing to take on risk.",2026-05-04T14:05:00Z,MarketBeat
GLD,investment,2026-05-05T15:58:42.117371,Gold Rises Early As Treasury Yields Ease,Gold prices rose off a five-week low early Tuesday as treasury yields eased off a 10-month high.,2026-05-05T13:08:16Z,MT Newswires
GLD,investment,2026-05-05T15:58:42.117386,Update: Gold Falls as the Dollar and Yields Climb,"(Updates prices.) Gold traded lower midafternoon Monday as the dollar and yields rose, forcing th",2026-05-04T18:00:08Z,MT Newswires
SPY,investment,2026-05-05T15:58:51.662750,"MAGS Is Up 181% Since Launch, but 2026 Reveals Its Hidden Weakness","Concentrated bets on a handful of mega-cap technology names drove most of the S&P 500’s returns over the past three years, and Roundhill built MAGS to deliver that exposure in one ticker without forcing investors to guess which name will lead next. The Single-Decision Mega-Cap Tech Sleeve The Roundhill Magnificent Seven ETF (NYSEARCA:MAGS) holds seven ... MAGS Is Up 181% Since Launch, but 2026 Reveals Its Hidden Weakness",2026-05-05T15:00:57Z,24/7 Wall St.
SPY,investment,2026-05-05T15:58:51.662763,This Boring ETF Owns Some Of The Toughest Businesses In America,"Consumer sentiment sits at 53.3 in March 2026, deep in the pessimistic zone, while retail sales just hit a fresh high of $752.1 billion. That gap between how Americans feel and how much they spend is the entire reason a fund like the Consumer Staples Select Sector SPDR Fund (NYSEARCA:XLP) exists. People grumble, then they ... This Boring ETF Owns Some Of The Toughest Businesses In America",2026-05-05T14:45:46Z,24/7 Wall St.
SPY,investment,2026-05-05T15:58:51.662766,"Exchange-Traded Funds, Equity Futures Higher Pre-Bell Tuesday Amid Corporate Earnings Rush",The broad market exchange-traded fund SPDR S&P 500 ETF Trust (SPY) was up 0.4% and the actively trad,2026-05-05T12:22:41Z,MT Newswires
QQQ,investment,2026-05-05T15:58:51.867332,Gratus Wealth Trims QQEW Stake by $22 Million -- Is Equal-Weight Nasdaq Still Worth Holding?,"This ETF tracks the Nasdaq-100 with an equal-weight strategy, offering diversified exposure to large-cap U.S. growth equities.",2026-05-05T15:29:54Z,Motley Fool
QQQ,investment,2026-05-05T15:58:51.867345,The venture fund paying 8% yield while quietly liquidating in five years,"The BlackRock Science and Technology Term Trust (NYSE:BSTZ) is an unusual tech vehicle: a closed-end fund with a 2031 liquidation date, an expense ratio near 1.4%, and over 30% of its portfolio invested in private, pre-IPO companies. Income investors are drawn to the roughly 8% yield, but the structure under the hood is doing more ... The venture fund paying 8% yield while quietly liquidating in five years",2026-05-05T15:04:19Z,24/7 Wall St.
VTI,investment,2026-05-05T15:58:51.984018,The Cheap Way to Own the Entire U.S. Stock Market Right Now,You don't have to overthink investing. Keep it simple.,2026-05-04T10:01:00Z,Motley Fool
VTI,investment,2026-05-05T15:58:51.984031,Tech ETFs Dominate as $11.4B Floods Into U.S. Equity Funds,"<p>Here are the daily ETF fund flows for April 30, 2026.</p>",2026-04-30T21:00:04Z,etf.com
VTI,investment,2026-05-05T15:58:51.984033,1 No-Brainer ETF to Buy Right Now for Less Than $500,"U.S. corporate earnings, valuation, and the market rotation away from tech stocks make this Vanguard ETF look like a winner.",2026-04-30T17:22:00Z,Motley Fool
ARKK,investment,2026-05-05T15:58:52.104296,Cathie Wood Is Shrugging Off CapEx Fears and Buying the Dip in Meta Platforms Stock,Cathie Wood's move signals that the market may be treating the spending surge as a temporary overhang on an otherwise intact long-term growth thesis.,2026-05-04T20:49:49Z,Barchart
ARKK,investment,2026-05-05T15:58:52.104309,"Cathie Wood Dumps $72 Million of AMD, Doubles Down on Alphabet and Meta",Cathie Wood's Latest Move Sparks Questions for Advanced Micro Devices Bulls,2026-05-04T17:21:08Z,GuruFocus.com
ARKK,investment,2026-05-05T15:58:52.104312,3 ETFs to Play the Enterprise Software Slump,"Enterprise software providers have reached a major hurdle with AI, but this could mean a buy opportunity for investors willing to take on risk.",2026-05-04T14:05:00Z,MarketBeat
GLD,investment,2026-05-05T15:58:52.203249,Gold Rises Early As Treasury Yields Ease,Gold prices rose off a five-week low early Tuesday as treasury yields eased off a 10-month high.,2026-05-05T13:08:16Z,MT Newswires
GLD,investment,2026-05-05T15:58:52.203265,Update: Gold Falls as the Dollar and Yields Climb,"(Updates prices.) Gold traded lower midafternoon Monday as the dollar and yields rose, forcing th",2026-05-04T18:00:08Z,MT Newswires
SPY,investment,2026-05-05T19:03:30.466418,BlueChip Exits Full International Equity ETF Stake Worth $4 Million,"This ETF provides diversified international equity exposure, targeting investors seeking efficient access to global markets.",2026-05-05T18:52:49Z,Motley Fool
SPY,investment,2026-05-05T19:03:30.466434,"If Your Portfolio Is Too American, VXUS Is The Simple Fix","If you opened your brokerage statement this year and noticed your portfolio looked suspiciously like the S&P 500 with a few extra tech names sprinkled in, you are not alone. American investors have spent the last decade being rewarded for ignoring everything outside their own borders, and the muscle memory is hard to break. Vanguard ... If Your Portfolio Is Too American, VXUS Is The Simple Fix",2026-05-05T17:20:48Z,24/7 Wall St.
SPY,investment,2026-05-05T19:03:30.466436,Long-Term S&P 500 Holding or Greater Liquidity? VOO vs. SPY,"The Vanguard S&P 500 ETF (VOO) and the SPDR S&P 500 ETF Trust (SPY) both give investors access to the same S&P 500 benchmark. The key difference is not what they own, but whether an investor values lower long-term costs or the deeper liquidity that can matter when trading larger positions.",2026-05-05T15:52:49Z,Motley Fool
QQQ,investment,2026-05-05T19:03:30.594261,This ETF Is Are Outpacing Tech Stocks While Paying High Dividends,"You wouldn’t expect a fund stuffed with European utilities, tobacco companies, and Canadian fertilizer to keep pace with the Nasdaq-100 in 2026, but here we are. Fidelity International High Dividend ETF (NYSEARCA:FIDI) is up about 8% year-to-date, edging out Invesco QQQ Trust (NASDAQ:QQQ) at roughly 8% as well. The lead is small, and the one-year ... This ETF Is Are Outpacing Tech Stocks While Paying High Dividends",2026-05-05T17:33:55Z,24/7 Wall St.
QQQ,investment,2026-05-05T19:03:30.594276,Exchange-Traded Funds Rise as US Equities Advance After Midday,Broad Market Indicators Broad-market exchange-traded fund IWM and IVV were higher. Actively tr,2026-05-05T17:13:08Z,MT Newswires
QQQ,investment,2026-05-05T19:03:30.594279,Gratus Wealth Trims QQEW Stake by $22 Million -- Is Equal-Weight Nasdaq Still Worth Holding?,"This ETF tracks the Nasdaq-100 with an equal-weight strategy, offering diversified exposure to large-cap U.S. growth equities.",2026-05-05T15:29:54Z,Motley Fool
VTI,investment,2026-05-05T19:03:30.722213,The Cheap Way to Own the Entire U.S. Stock Market Right Now,You don't have to overthink investing. Keep it simple.,2026-05-04T10:01:00Z,Motley Fool
VTI,investment,2026-05-05T19:03:30.722215,Tech ETFs Dominate as $11.4B Floods Into U.S. Equity Funds,"<p>Here are the daily ETF fund flows for April 30, 2026.</p>",2026-04-30T21:00:04Z,etf.com
ARKK,investment,2026-05-05T19:03:30.829420,Cathie Wood Is Shrugging Off CapEx Fears and Buying the Dip in Meta Platforms Stock,Cathie Wood's move signals that the market may be treating the spending surge as a temporary overhang on an otherwise intact long-term growth thesis.,2026-05-04T20:49:49Z,Barchart
ARKK,investment,2026-05-05T19:03:30.829435,"Cathie Wood Dumps $72 Million of AMD, Doubles Down on Alphabet and Meta",Cathie Wood's Latest Move Sparks Questions for Advanced Micro Devices Bulls,2026-05-04T17:21:08Z,GuruFocus.com
ARKK,investment,2026-05-05T19:03:30.829438,3 ETFs to Play the Enterprise Software Slump,"Enterprise software providers have reached a major hurdle with AI, but this could mean a buy opportunity for investors willing to take on risk.",2026-05-04T14:05:00Z,MarketBeat
GLD,investment,2026-05-05T19:03:30.937995,Update: Gold Rises As Treasury Yields Ease,"(Updates prices.) Gold traded higher midafternoon on Tuesday, rising off a five-week low as treas",2026-05-05T18:00:19Z,MT Newswires
GLD,investment,2026-05-05T19:03:30.938010,Gold Rises Early As Treasury Yields Ease,Gold prices rose off a five-week low early Tuesday as treasury yields eased off a 10-month high.,2026-05-05T13:08:16Z,MT Newswires
GLD,investment,2026-05-05T19:03:30.938013,"Exchange-Traded Funds, Equity Futures Higher Pre-Bell Tuesday Amid Corporate Earnings Rush",The broad market exchange-traded fund SPDR S&P 500 ETF Trust (SPY) was up 0.4% and the actively trad,2026-05-05T12:22:41Z,MT Newswires
SPY,investment,2026-05-05T19:03:40.114060,BlueChip Exits Full International Equity ETF Stake Worth $4 Million,"This ETF provides diversified international equity exposure, targeting investors seeking efficient access to global markets.",2026-05-05T18:52:49Z,Motley Fool
SPY,investment,2026-05-05T19:03:40.114075,"If Your Portfolio Is Too American, VXUS Is The Simple Fix","If you opened your brokerage statement this year and noticed your portfolio looked suspiciously like the S&P 500 with a few extra tech names sprinkled in, you are not alone. American investors have spent the last decade being rewarded for ignoring everything outside their own borders, and the muscle memory is hard to break. Vanguard ... If Your Portfolio Is Too American, VXUS Is The Simple Fix",2026-05-05T17:20:48Z,24/7 Wall St.
SPY,investment,2026-05-05T19:03:40.114077,Long-Term S&P 500 Holding or Greater Liquidity? VOO vs. SPY,"The Vanguard S&P 500 ETF (VOO) and the SPDR S&P 500 ETF Trust (SPY) both give investors access to the same S&P 500 benchmark. The key difference is not what they own, but whether an investor values lower long-term costs or the deeper liquidity that can matter when trading larger positions.",2026-05-05T15:52:49Z,Motley Fool
QQQ,investment,2026-05-05T19:03:40.285213,This ETF Is Are Outpacing Tech Stocks While Paying High Dividends,"You wouldn’t expect a fund stuffed with European utilities, tobacco companies, and Canadian fertilizer to keep pace with the Nasdaq-100 in 2026, but here we are. Fidelity International High Dividend ETF (NYSEARCA:FIDI) is up about 8% year-to-date, edging out Invesco QQQ Trust (NASDAQ:QQQ) at roughly 8% as well. The lead is small, and the one-year ... This ETF Is Are Outpacing Tech Stocks While Paying High Dividends",2026-05-05T17:33:55Z,24/7 Wall St.
QQQ,investment,2026-05-05T19:03:40.285228,Exchange-Traded Funds Rise as US Equities Advance After Midday,Broad Market Indicators Broad-market exchange-traded fund IWM and IVV were higher. Actively tr,2026-05-05T17:13:08Z,MT Newswires
QQQ,investment,2026-05-05T19:03:40.285231,Gratus Wealth Trims QQEW Stake by $22 Million -- Is Equal-Weight Nasdaq Still Worth Holding?,"This ETF tracks the Nasdaq-100 with an equal-weight strategy, offering diversified exposure to large-cap U.S. growth equities.",2026-05-05T15:29:54Z,Motley Fool
VTI,investment,2026-05-05T19:03:40.403429,The Cheap Way to Own the Entire U.S. Stock Market Right Now,You don't have to overthink investing. Keep it simple.,2026-05-04T10:01:00Z,Motley Fool
VTI,investment,2026-05-05T19:03:40.403432,Tech ETFs Dominate as $11.4B Floods Into U.S. Equity Funds,"<p>Here are the daily ETF fund flows for April 30, 2026.</p>",2026-04-30T21:00:04Z,etf.com
ARKK,investment,2026-05-05T19:03:40.515056,Cathie Wood Is Shrugging Off CapEx Fears and Buying the Dip in Meta Platforms Stock,Cathie Wood's move signals that the market may be treating the spending surge as a temporary overhang on an otherwise intact long-term growth thesis.,2026-05-04T20:49:49Z,Barchart
ARKK,investment,2026-05-05T19:03:40.515071,"Cathie Wood Dumps $72 Million of AMD, Doubles Down on Alphabet and Meta",Cathie Wood's Latest Move Sparks Questions for Advanced Micro Devices Bulls,2026-05-04T17:21:08Z,GuruFocus.com
ARKK,investment,2026-05-05T19:03:40.515073,3 ETFs to Play the Enterprise Software Slump,"Enterprise software providers have reached a major hurdle with AI, but this could mean a buy opportunity for investors willing to take on risk.",2026-05-04T14:05:00Z,MarketBeat
GLD,investment,2026-05-05T19:03:40.625921,Update: Gold Rises As Treasury Yields Ease,"(Updates prices.) Gold traded higher midafternoon on Tuesday, rising off a five-week low as treas",2026-05-05T18:00:19Z,MT Newswires
GLD,investment,2026-05-05T19:03:40.625936,Gold Rises Early As Treasury Yields Ease,Gold prices rose off a five-week low early Tuesday as treasury yields eased off a 10-month high.,2026-05-05T13:08:16Z,MT Newswires
GLD,investment,2026-05-05T19:03:40.625938,"Exchange-Traded Funds, Equity Futures Higher Pre-Bell Tuesday Amid Corporate Earnings Rush",The broad market exchange-traded fund SPDR S&P 500 ETF Trust (SPY) was up 0.4% and the actively trad,2026-05-05T12:22:41Z,MT Newswires
SPY,investment,2026-05-05T19:03:49.632205,BlueChip Exits Full International Equity ETF Stake Worth $4 Million,"This ETF provides diversified international equity exposure, targeting investors seeking efficient access to global markets.",2026-05-05T18:52:49Z,Motley Fool
SPY,investment,2026-05-05T19:03:49.632220,"If Your Portfolio Is Too American, VXUS Is The Simple Fix","If you opened your brokerage statement this year and noticed your portfolio looked suspiciously like the S&P 500 with a few extra tech names sprinkled in, you are not alone. American investors have spent the last decade being rewarded for ignoring everything outside their own borders, and the muscle memory is hard to break. Vanguard ... If Your Portfolio Is Too American, VXUS Is The Simple Fix",2026-05-05T17:20:48Z,24/7 Wall St.
SPY,investment,2026-05-05T19:03:49.632222,Long-Term S&P 500 Holding or Greater Liquidity? VOO vs. SPY,"The Vanguard S&P 500 ETF (VOO) and the SPDR S&P 500 ETF Trust (SPY) both give investors access to the same S&P 500 benchmark. The key difference is not what they own, but whether an investor values lower long-term costs or the deeper liquidity that can matter when trading larger positions.",2026-05-05T15:52:49Z,Motley Fool
QQQ,investment,2026-05-05T19:03:49.734864,This ETF Is Are Outpacing Tech Stocks While Paying High Dividends,"You wouldn’t expect a fund stuffed with European utilities, tobacco companies, and Canadian fertilizer to keep pace with the Nasdaq-100 in 2026, but here we are. Fidelity International High Dividend ETF (NYSEARCA:FIDI) is up about 8% year-to-date, edging out Invesco QQQ Trust (NASDAQ:QQQ) at roughly 8% as well. The lead is small, and the one-year ... This ETF Is Are Outpacing Tech Stocks While Paying High Dividends",2026-05-05T17:33:55Z,24/7 Wall St.
QQQ,investment,2026-05-05T19:03:49.734878,Exchange-Traded Funds Rise as US Equities Advance After Midday,Broad Market Indicators Broad-market exchange-traded fund IWM and IVV were higher. Actively tr,2026-05-05T17:13:08Z,MT Newswires
QQQ,investment,2026-05-05T19:03:49.734881,Gratus Wealth Trims QQEW Stake by $22 Million -- Is Equal-Weight Nasdaq Still Worth Holding?,"This ETF tracks the Nasdaq-100 with an equal-weight strategy, offering diversified exposure to large-cap U.S. growth equities.",2026-05-05T15:29:54Z,Motley Fool
VTI,investment,2026-05-05T19:03:49.830959,The Cheap Way to Own the Entire U.S. Stock Market Right Now,You don't have to overthink investing. Keep it simple.,2026-05-04T10:01:00Z,Motley Fool
VTI,investment,2026-05-05T19:03:49.830961,Tech ETFs Dominate as $11.4B Floods Into U.S. Equity Funds,"<p>Here are the daily ETF fund flows for April 30, 2026.</p>",2026-04-30T21:00:04Z,etf.com
ARKK,investment,2026-05-05T19:03:49.930025,Cathie Wood Is Shrugging Off CapEx Fears and Buying the Dip in Meta Platforms Stock,Cathie Wood's move signals that the market may be treating the spending surge as a temporary overhang on an otherwise intact long-term growth thesis.,2026-05-04T20:49:49Z,Barchart
ARKK,investment,2026-05-05T19:03:49.930040,"Cathie Wood Dumps $72 Million of AMD, Doubles Down on Alphabet and Meta",Cathie Wood's Latest Move Sparks Questions for Advanced Micro Devices Bulls,2026-05-04T17:21:08Z,GuruFocus.com
ARKK,investment,2026-05-05T19:03:49.930043,3 ETFs to Play the Enterprise Software Slump,"Enterprise software providers have reached a major hurdle with AI, but this could mean a buy opportunity for investors willing to take on risk.",2026-05-04T14:05:00Z,MarketBeat
GLD,investment,2026-05-05T19:03:50.038554,Update: Gold Rises As Treasury Yields Ease,"(Updates prices.) Gold traded higher midafternoon on Tuesday, rising off a five-week low as treas",2026-05-05T18:00:19Z,MT Newswires
GLD,investment,2026-05-05T19:03:50.038572,Gold Rises Early As Treasury Yields Ease,Gold prices rose off a five-week low early Tuesday as treasury yields eased off a 10-month high.,2026-05-05T13:08:16Z,MT Newswires
GLD,investment,2026-05-05T19:03:50.038576,"Exchange-Traded Funds, Equity Futures Higher Pre-Bell Tuesday Amid Corporate Earnings Rush",The broad market exchange-traded fund SPDR S&P 500 ETF Trust (SPY) was up 0.4% and the actively trad,2026-05-05T12:22:41Z,MT Newswires
SPY,investment,2026-05-05T19:03:59.361176,BlueChip Exits Full International Equity ETF Stake Worth $4 Million,"This ETF provides diversified international equity exposure, targeting investors seeking efficient access to global markets.",2026-05-05T18:52:49Z,Motley Fool
SPY,investment,2026-05-05T19:03:59.361190,"If Your Portfolio Is Too American, VXUS Is The Simple Fix","If you opened your brokerage statement this year and noticed your portfolio looked suspiciously like the S&P 500 with a few extra tech names sprinkled in, you are not alone. American investors have spent the last decade being rewarded for ignoring everything outside their own borders, and the muscle memory is hard to break. Vanguard ... If Your Portfolio Is Too American, VXUS Is The Simple Fix",2026-05-05T17:20:48Z,24/7 Wall St.
SPY,investment,2026-05-05T19:03:59.361193,Long-Term S&P 500 Holding or Greater Liquidity? VOO vs. SPY,"The Vanguard S&P 500 ETF (VOO) and the SPDR S&P 500 ETF Trust (SPY) both give investors access to the same S&P 500 benchmark. The key difference is not what they own, but whether an investor values lower long-term costs or the deeper liquidity that can matter when trading larger positions.",2026-05-05T15:52:49Z,Motley Fool
QQQ,investment,2026-05-05T19:03:59.479516,This ETF Is Are Outpacing Tech Stocks While Paying High Dividends,"You wouldn’t expect a fund stuffed with European utilities, tobacco companies, and Canadian fertilizer to keep pace with the Nasdaq-100 in 2026, but here we are. Fidelity International High Dividend ETF (NYSEARCA:FIDI) is up about 8% year-to-date, edging out Invesco QQQ Trust (NASDAQ:QQQ) at roughly 8% as well. The lead is small, and the one-year ... This ETF Is Are Outpacing Tech Stocks While Paying High Dividends",2026-05-05T17:33:55Z,24/7 Wall St.
QQQ,investment,2026-05-05T19:03:59.479530,Exchange-Traded Funds Rise as US Equities Advance After Midday,Broad Market Indicators Broad-market exchange-traded fund IWM and IVV were higher. Actively tr,2026-05-05T17:13:08Z,MT Newswires
QQQ,investment,2026-05-05T19:03:59.479532,Gratus Wealth Trims QQEW Stake by $22 Million -- Is Equal-Weight Nasdaq Still Worth Holding?,"This ETF tracks the Nasdaq-100 with an equal-weight strategy, offering diversified exposure to large-cap U.S. growth equities.",2026-05-05T15:29:54Z,Motley Fool
VTI,investment,2026-05-05T19:03:59.578906,The Cheap Way to Own the Entire U.S. Stock Market Right Now,You don't have to overthink investing. Keep it simple.,2026-05-04T10:01:00Z,Motley Fool
VTI,investment,2026-05-05T19:03:59.578909,Tech ETFs Dominate as $11.4B Floods Into U.S. Equity Funds,"<p>Here are the daily ETF fund flows for April 30, 2026.</p>",2026-04-30T21:00:04Z,etf.com
ARKK,investment,2026-05-05T19:03:59.672132,Cathie Wood Is Shrugging Off CapEx Fears and Buying the Dip in Meta Platforms Stock,Cathie Wood's move signals that the market may be treating the spending surge as a temporary overhang on an otherwise intact long-term growth thesis.,2026-05-04T20:49:49Z,Barchart
ARKK,investment,2026-05-05T19:03:59.672146,"Cathie Wood Dumps $72 Million of AMD, Doubles Down on Alphabet and Meta",Cathie Wood's Latest Move Sparks Questions for Advanced Micro Devices Bulls,2026-05-04T17:21:08Z,GuruFocus.com
ARKK,investment,2026-05-05T19:03:59.672149,3 ETFs to Play the Enterprise Software Slump,"Enterprise software providers have reached a major hurdle with AI, but this could mean a buy opportunity for investors willing to take on risk.",2026-05-04T14:05:00Z,MarketBeat
GLD,investment,2026-05-05T19:03:59.766097,Update: Gold Rises As Treasury Yields Ease,"(Updates prices.) Gold traded higher midafternoon on Tuesday, rising off a five-week low as treas",2026-05-05T18:00:19Z,MT Newswires
GLD,investment,2026-05-05T19:03:59.766112,Gold Rises Early As Treasury Yields Ease,Gold prices rose off a five-week low early Tuesday as treasury yields eased off a 10-month high.,2026-05-05T13:08:16Z,MT Newswires
GLD,investment,2026-05-05T19:03:59.766115,"Exchange-Traded Funds, Equity Futures Higher Pre-Bell Tuesday Amid Corporate Earnings Rush",The broad market exchange-traded fund SPDR S&P 500 ETF Trust (SPY) was up 0.4% and the actively trad,2026-05-05T12:22:41Z,MT Newswires
SPY,investment,2026-05-05T19:04:09.104193,BlueChip Exits Full International Equity ETF Stake Worth $4 Million,"This ETF provides diversified international equity exposure, targeting investors seeking efficient access to global markets.",2026-05-05T18:52:49Z,Motley Fool
SPY,investment,2026-05-05T19:04:09.104209,"If Your Portfolio Is Too American, VXUS Is The Simple Fix","If you opened your brokerage statement this year and noticed your portfolio looked suspiciously like the S&P 500 with a few extra tech names sprinkled in, you are not alone. American investors have spent the last decade being rewarded for ignoring everything outside their own borders, and the muscle memory is hard to break. Vanguard ... If Your Portfolio Is Too American, VXUS Is The Simple Fix",2026-05-05T17:20:48Z,24/7 Wall St.
SPY,investment,2026-05-05T19:04:09.104211,Long-Term S&P 500 Holding or Greater Liquidity? VOO vs. SPY,"The Vanguard S&P 500 ETF (VOO) and the SPDR S&P 500 ETF Trust (SPY) both give investors access to the same S&P 500 benchmark. The key difference is not what they own, but whether an investor values lower long-term costs or the deeper liquidity that can matter when trading larger positions.",2026-05-05T15:52:49Z,Motley Fool
QQQ,investment,2026-05-05T19:04:09.199547,This ETF Is Are Outpacing Tech Stocks While Paying High Dividends,"You wouldn’t expect a fund stuffed with European utilities, tobacco companies, and Canadian fertilizer to keep pace with the Nasdaq-100 in 2026, but here we are. Fidelity International High Dividend ETF (NYSEARCA:FIDI) is up about 8% year-to-date, edging out Invesco QQQ Trust (NASDAQ:QQQ) at roughly 8% as well. The lead is small, and the one-year ... This ETF Is Are Outpacing Tech Stocks While Paying High Dividends",2026-05-05T17:33:55Z,24/7 Wall St.
QQQ,investment,2026-05-05T19:04:09.199562,Exchange-Traded Funds Rise as US Equities Advance After Midday,Broad Market Indicators Broad-market exchange-traded fund IWM and IVV were higher. Actively tr,2026-05-05T17:13:08Z,MT Newswires
QQQ,investment,2026-05-05T19:04:09.199565,Gratus Wealth Trims QQEW Stake by $22 Million -- Is Equal-Weight Nasdaq Still Worth Holding?,"This ETF tracks the Nasdaq-100 with an equal-weight strategy, offering diversified exposure to large-cap U.S. growth equities.",2026-05-05T15:29:54Z,Motley Fool
VTI,investment,2026-05-05T19:04:09.290635,The Cheap Way to Own the Entire U.S. Stock Market Right Now,You don't have to overthink investing. Keep it simple.,2026-05-04T10:01:00Z,Motley Fool
VTI,investment,2026-05-05T19:04:09.290637,Tech ETFs Dominate as $11.4B Floods Into U.S. Equity Funds,"<p>Here are the daily ETF fund flows for April 30, 2026.</p>",2026-04-30T21:00:04Z,etf.com
ARKK,investment,2026-05-05T19:04:09.383151,Cathie Wood Is Shrugging Off CapEx Fears and Buying the Dip in Meta Platforms Stock,Cathie Wood's move signals that the market may be treating the spending surge as a temporary overhang on an otherwise intact long-term growth thesis.,2026-05-04T20:49:49Z,Barchart
ARKK,investment,2026-05-05T19:04:09.383166,"Cathie Wood Dumps $72 Million of AMD, Doubles Down on Alphabet and Meta",Cathie Wood's Latest Move Sparks Questions for Advanced Micro Devices Bulls,2026-05-04T17:21:08Z,GuruFocus.com
ARKK,investment,2026-05-05T19:04:09.383169,3 ETFs to Play the Enterprise Software Slump,"Enterprise software providers have reached a major hurdle with AI, but this could mean a buy opportunity for investors willing to take on risk.",2026-05-04T14:05:00Z,MarketBeat
GLD,investment,2026-05-05T19:04:09.479827,Update: Gold Rises As Treasury Yields Ease,"(Updates prices.) Gold traded higher midafternoon on Tuesday, rising off a five-week low as treas",2026-05-05T18:00:19Z,MT Newswires
GLD,investment,2026-05-05T19:04:09.479842,Gold Rises Early As Treasury Yields Ease,Gold prices rose off a five-week low early Tuesday as treasury yields eased off a 10-month high.,2026-05-05T13:08:16Z,MT Newswires
GLD,investment,2026-05-05T19:04:09.479844,"Exchange-Traded Funds, Equity Futures Higher Pre-Bell Tuesday Amid Corporate Earnings Rush",The broad market exchange-traded fund SPDR S&P 500 ETF Trust (SPY) was up 0.4% and the actively trad,2026-05-05T12:22:41Z,MT Newswires
SPY,investment,2026-05-05T19:04:18.663274,BlueChip Exits Full International Equity ETF Stake Worth $4 Million,"This ETF provides diversified international equity exposure, targeting investors seeking efficient access to global markets.",2026-05-05T18:52:49Z,Motley Fool
SPY,investment,2026-05-05T19:04:18.663290,"If Your Portfolio Is Too American, VXUS Is The Simple Fix","If you opened your brokerage statement this year and noticed your portfolio looked suspiciously like the S&P 500 with a few extra tech names sprinkled in, you are not alone. American investors have spent the last decade being rewarded for ignoring everything outside their own borders, and the muscle memory is hard to break. Vanguard ... If Your Portfolio Is Too American, VXUS Is The Simple Fix",2026-05-05T17:20:48Z,24/7 Wall St.
SPY,investment,2026-05-05T19:04:18.663293,Long-Term S&P 500 Holding or Greater Liquidity? VOO vs. SPY,"The Vanguard S&P 500 ETF (VOO) and the SPDR S&P 500 ETF Trust (SPY) both give investors access to the same S&P 500 benchmark. The key difference is not what they own, but whether an investor values lower long-term costs or the deeper liquidity that can matter when trading larger positions.",2026-05-05T15:52:49Z,Motley Fool
QQQ,investment,2026-05-05T19:04:18.777971,This ETF Is Are Outpacing Tech Stocks While Paying High Dividends,"You wouldn’t expect a fund stuffed with European utilities, tobacco companies, and Canadian fertilizer to keep pace with the Nasdaq-100 in 2026, but here we are. Fidelity International High Dividend ETF (NYSEARCA:FIDI) is up about 8% year-to-date, edging out Invesco QQQ Trust (NASDAQ:QQQ) at roughly 8% as well. The lead is small, and the one-year ... This ETF Is Are Outpacing Tech Stocks While Paying High Dividends",2026-05-05T17:33:55Z,24/7 Wall St.
QQQ,investment,2026-05-05T19:04:18.777987,Exchange-Traded Funds Rise as US Equities Advance After Midday,Broad Market Indicators Broad-market exchange-traded fund IWM and IVV were higher. Actively tr,2026-05-05T17:13:08Z,MT Newswires
QQQ,investment,2026-05-05T19:04:18.777990,Gratus Wealth Trims QQEW Stake by $22 Million -- Is Equal-Weight Nasdaq Still Worth Holding?,"This ETF tracks the Nasdaq-100 with an equal-weight strategy, offering diversified exposure to large-cap U.S. growth equities.",2026-05-05T15:29:54Z,Motley Fool
VTI,investment,2026-05-05T19:04:18.871394,The Cheap Way to Own the Entire U.S. Stock Market Right Now,You don't have to overthink investing. Keep it simple.,2026-05-04T10:01:00Z,Motley Fool
VTI,investment,2026-05-05T19:04:18.871397,Tech ETFs Dominate as $11.4B Floods Into U.S. Equity Funds,"<p>Here are the daily ETF fund flows for April 30, 2026.</p>",2026-04-30T21:00:04Z,etf.com
ARKK,investment,2026-05-05T19:04:18.972984,Cathie Wood Is Shrugging Off CapEx Fears and Buying the Dip in Meta Platforms Stock,Cathie Wood's move signals that the market may be treating the spending surge as a temporary overhang on an otherwise intact long-term growth thesis.,2026-05-04T20:49:49Z,Barchart
ARKK,investment,2026-05-05T19:04:18.973000,"Cathie Wood Dumps $72 Million of AMD, Doubles Down on Alphabet and Meta",Cathie Wood's Latest Move Sparks Questions for Advanced Micro Devices Bulls,2026-05-04T17:21:08Z,GuruFocus.com
ARKK,investment,2026-05-05T19:04:18.973002,3 ETFs to Play the Enterprise Software Slump,"Enterprise software providers have reached a major hurdle with AI, but this could mean a buy opportunity for investors willing to take on risk.",2026-05-04T14:05:00Z,MarketBeat
GLD,investment,2026-05-05T19:04:19.079147,Update: Gold Rises As Treasury Yields Ease,"(Updates prices.) Gold traded higher midafternoon on Tuesday, rising off a five-week low as treas",2026-05-05T18:00:19Z,MT Newswires
GLD,investment,2026-05-05T19:04:19.079163,Gold Rises Early As Treasury Yields Ease,Gold prices rose off a five-week low early Tuesday as treasury yields eased off a 10-month high.,2026-05-05T13:08:16Z,MT Newswires
GLD,investment,2026-05-05T19:04:19.079165,"Exchange-Traded Funds, Equity Futures Higher Pre-Bell Tuesday Amid Corporate Earnings Rush",The broad market exchange-traded fund SPDR S&P 500 ETF Trust (SPY) was up 0.4% and the actively trad,2026-05-05T12:22:41Z,MT Newswires
SPY,investment,2026-05-05T19:04:28.161347,BlueChip Exits Full International Equity ETF Stake Worth $4 Million,"This ETF provides diversified international equity exposure, targeting investors seeking efficient access to global markets.",2026-05-05T18:52:49Z,Motley Fool
SPY,investment,2026-05-05T19:04:28.161362,"If Your Portfolio Is Too American, VXUS Is The Simple Fix","If you opened your brokerage statement this year and noticed your portfolio looked suspiciously like the S&P 500 with a few extra tech names sprinkled in, you are not alone. American investors have spent the last decade being rewarded for ignoring everything outside their own borders, and the muscle memory is hard to break. Vanguard ... If Your Portfolio Is Too American, VXUS Is The Simple Fix",2026-05-05T17:20:48Z,24/7 Wall St.
SPY,investment,2026-05-05T19:04:28.161364,Long-Term S&P 500 Holding or Greater Liquidity? VOO vs. SPY,"The Vanguard S&P 500 ETF (VOO) and the SPDR S&P 500 ETF Trust (SPY) both give investors access to the same S&P 500 benchmark. The key difference is not what they own, but whether an investor values lower long-term costs or the deeper liquidity that can matter when trading larger positions.",2026-05-05T15:52:49Z,Motley Fool
QQQ,investment,2026-05-05T19:04:28.260025,This ETF Is Are Outpacing Tech Stocks While Paying High Dividends,"You wouldn’t expect a fund stuffed with European utilities, tobacco companies, and Canadian fertilizer to keep pace with the Nasdaq-100 in 2026, but here we are. Fidelity International High Dividend ETF (NYSEARCA:FIDI) is up about 8% year-to-date, edging out Invesco QQQ Trust (NASDAQ:QQQ) at roughly 8% as well. The lead is small, and the one-year ... This ETF Is Are Outpacing Tech Stocks While Paying High Dividends",2026-05-05T17:33:55Z,24/7 Wall St.
QQQ,investment,2026-05-05T19:04:28.260040,Exchange-Traded Funds Rise as US Equities Advance After Midday,Broad Market Indicators Broad-market exchange-traded fund IWM and IVV were higher. Actively tr,2026-05-05T17:13:08Z,MT Newswires
QQQ,investment,2026-05-05T19:04:28.260042,Gratus Wealth Trims QQEW Stake by $22 Million -- Is Equal-Weight Nasdaq Still Worth Holding?,"This ETF tracks the Nasdaq-100 with an equal-weight strategy, offering diversified exposure to large-cap U.S. growth equities.",2026-05-05T15:29:54Z,Motley Fool
VTI,investment,2026-05-05T19:04:28.354727,The Cheap Way to Own the Entire U.S. Stock Market Right Now,You don't have to overthink investing. Keep it simple.,2026-05-04T10:01:00Z,Motley Fool
VTI,investment,2026-05-05T19:04:28.354730,Tech ETFs Dominate as $11.4B Floods Into U.S. Equity Funds,"<p>Here are the daily ETF fund flows for April 30, 2026.</p>",2026-04-30T21:00:04Z,etf.com
ARKK,investment,2026-05-05T19:04:28.458405,Cathie Wood Is Shrugging Off CapEx Fears and Buying the Dip in Meta Platforms Stock,Cathie Wood's move signals that the market may be treating the spending surge as a temporary overhang on an otherwise intact long-term growth thesis.,2026-05-04T20:49:49Z,Barchart
ARKK,investment,2026-05-05T19:04:28.458420,"Cathie Wood Dumps $72 Million of AMD, Doubles Down on Alphabet and Meta",Cathie Wood's Latest Move Sparks Questions for Advanced Micro Devices Bulls,2026-05-04T17:21:08Z,GuruFocus.com
ARKK,investment,2026-05-05T19:04:28.458423,3 ETFs to Play the Enterprise Software Slump,"Enterprise software providers have reached a major hurdle with AI, but this could mean a buy opportunity for investors willing to take on risk.",2026-05-04T14:05:00Z,MarketBeat
GLD,investment,2026-05-05T19:04:28.560873,Update: Gold Rises As Treasury Yields Ease,"(Updates prices.) Gold traded higher midafternoon on Tuesday, rising off a five-week low as treas",2026-05-05T18:00:19Z,MT Newswires
GLD,investment,2026-05-05T19:04:28.560888,Gold Rises Early As Treasury Yields Ease,Gold prices rose off a five-week low early Tuesday as treasury yields eased off a 10-month high.,2026-05-05T13:08:16Z,MT Newswires
GLD,investment,2026-05-05T19:04:28.560890,"Exchange-Traded Funds, Equity Futures Higher Pre-Bell Tuesday Amid Corporate Earnings Rush",The broad market exchange-traded fund SPDR S&P 500 ETF Trust (SPY) was up 0.4% and the actively trad,2026-05-05T12:22:41Z,MT Newswires
SPY,investment,2026-05-05T19:04:37.928492,BlueChip Exits Full International Equity ETF Stake Worth $4 Million,"This ETF provides diversified international equity exposure, targeting investors seeking efficient access to global markets.",2026-05-05T18:52:49Z,Motley Fool
SPY,investment,2026-05-05T19:04:37.928508,"If Your Portfolio Is Too American, VXUS Is The Simple Fix","If you opened your brokerage statement this year and noticed your portfolio looked suspiciously like the S&P 500 with a few extra tech names sprinkled in, you are not alone. American investors have spent the last decade being rewarded for ignoring everything outside their own borders, and the muscle memory is hard to break. Vanguard ... If Your Portfolio Is Too American, VXUS Is The Simple Fix",2026-05-05T17:20:48Z,24/7 Wall St.
SPY,investment,2026-05-05T19:04:37.928510,Long-Term S&P 500 Holding or Greater Liquidity? VOO vs. SPY,"The Vanguard S&P 500 ETF (VOO) and the SPDR S&P 500 ETF Trust (SPY) both give investors access to the same S&P 500 benchmark. The key difference is not what they own, but whether an investor values lower long-term costs or the deeper liquidity that can matter when trading larger positions.",2026-05-05T15:52:49Z,Motley Fool
QQQ,investment,2026-05-05T19:04:38.043243,This ETF Is Are Outpacing Tech Stocks While Paying High Dividends,"You wouldn’t expect a fund stuffed with European utilities, tobacco companies, and Canadian fertilizer to keep pace with the Nasdaq-100 in 2026, but here we are. Fidelity International High Dividend ETF (NYSEARCA:FIDI) is up about 8% year-to-date, edging out Invesco QQQ Trust (NASDAQ:QQQ) at roughly 8% as well. The lead is small, and the one-year ... This ETF Is Are Outpacing Tech Stocks While Paying High Dividends",2026-05-05T17:33:55Z,24/7 Wall St.
QQQ,investment,2026-05-05T19:04:38.043259,Exchange-Traded Funds Rise as US Equities Advance After Midday,Broad Market Indicators Broad-market exchange-traded fund IWM and IVV were higher. Actively tr,2026-05-05T17:13:08Z,MT Newswires
QQQ,investment,2026-05-05T19:04:38.043262,Gratus Wealth Trims QQEW Stake by $22 Million -- Is Equal-Weight Nasdaq Still Worth Holding?,"This ETF tracks the Nasdaq-100 with an equal-weight strategy, offering diversified exposure to large-cap U.S. growth equities.",2026-05-05T15:29:54Z,Motley Fool
VTI,investment,2026-05-05T19:04:38.146978,The Cheap Way to Own the Entire U.S. Stock Market Right Now,You don't have to overthink investing. Keep it simple.,2026-05-04T10:01:00Z,Motley Fool
VTI,investment,2026-05-05T19:04:38.146981,Tech ETFs Dominate as $11.4B Floods Into U.S. Equity Funds,"<p>Here are the daily ETF fund flows for April 30, 2026.</p>",2026-04-30T21:00:04Z,etf.com
ARKK,investment,2026-05-05T19:04:38.286737,Cathie Wood Is Shrugging Off CapEx Fears and Buying the Dip in Meta Platforms Stock,Cathie Wood's move signals that the market may be treating the spending surge as a temporary overhang on an otherwise intact long-term growth thesis.,2026-05-04T20:49:49Z,Barchart
ARKK,investment,2026-05-05T19:04:38.286754,"Cathie Wood Dumps $72 Million of AMD, Doubles Down on Alphabet and Meta",Cathie Wood's Latest Move Sparks Questions for Advanced Micro Devices Bulls,2026-05-04T17:21:08Z,GuruFocus.com
ARKK,investment,2026-05-05T19:04:38.286756,3 ETFs to Play the Enterprise Software Slump,"Enterprise software providers have reached a major hurdle with AI, but this could mean a buy opportunity for investors willing to take on risk.",2026-05-04T14:05:00Z,MarketBeat
GLD,investment,2026-05-05T19:04:38.471616,Update: Gold Rises As Treasury Yields Ease,"(Updates prices.) Gold traded higher midafternoon on Tuesday, rising off a five-week low as treas",2026-05-05T18:00:19Z,MT Newswires
GLD,investment,2026-05-05T19:04:38.471631,Gold Rises Early As Treasury Yields Ease,Gold prices rose off a five-week low early Tuesday as treasury yields eased off a 10-month high.,2026-05-05T13:08:16Z,MT Newswires
GLD,investment,2026-05-05T19:04:38.471633,"Exchange-Traded Funds, Equity Futures Higher Pre-Bell Tuesday Amid Corporate Earnings Rush",The broad market exchange-traded fund SPDR S&P 500 ETF Trust (SPY) was up 0.4% and the actively trad,2026-05-05T12:22:41Z,MT Newswires
SPY,investment,2026-05-05T19:04:48.177566,BlueChip Exits Full International Equity ETF Stake Worth $4 Million,"This ETF provides diversified international equity exposure, targeting investors seeking efficient access to global markets.",2026-05-05T18:52:49Z,Motley Fool
SPY,investment,2026-05-05T19:04:48.177580,"If Your Portfolio Is Too American, VXUS Is The Simple Fix","If you opened your brokerage statement this year and noticed your portfolio looked suspiciously like the S&P 500 with a few extra tech names sprinkled in, you are not alone. American investors have spent the last decade being rewarded for ignoring everything outside their own borders, and the muscle memory is hard to break. Vanguard ... If Your Portfolio Is Too American, VXUS Is The Simple Fix",2026-05-05T17:20:48Z,24/7 Wall St.
SPY,investment,2026-05-05T19:04:48.177582,Long-Term S&P 500 Holding or Greater Liquidity? VOO vs. SPY,"The Vanguard S&P 500 ETF (VOO) and the SPDR S&P 500 ETF Trust (SPY) both give investors access to the same S&P 500 benchmark. The key difference is not what they own, but whether an investor values lower long-term costs or the deeper liquidity that can matter when trading larger positions.",2026-05-05T15:52:49Z,Motley Fool
QQQ,investment,2026-05-05T19:04:48.291677,This ETF Is Are Outpacing Tech Stocks While Paying High Dividends,"You wouldn’t expect a fund stuffed with European utilities, tobacco companies, and Canadian fertilizer to keep pace with the Nasdaq-100 in 2026, but here we are. Fidelity International High Dividend ETF (NYSEARCA:FIDI) is up about 8% year-to-date, edging out Invesco QQQ Trust (NASDAQ:QQQ) at roughly 8% as well. The lead is small, and the one-year ... This ETF Is Are Outpacing Tech Stocks While Paying High Dividends",2026-05-05T17:33:55Z,24/7 Wall St.
QQQ,investment,2026-05-05T19:04:48.291690,Exchange-Traded Funds Rise as US Equities Advance After Midday,Broad Market Indicators Broad-market exchange-traded fund IWM and IVV were higher. Actively tr,2026-05-05T17:13:08Z,MT Newswires
QQQ,investment,2026-05-05T19:04:48.291693,Gratus Wealth Trims QQEW Stake by $22 Million -- Is Equal-Weight Nasdaq Still Worth Holding?,"This ETF tracks the Nasdaq-100 with an equal-weight strategy, offering diversified exposure to large-cap U.S. growth equities.",2026-05-05T15:29:54Z,Motley Fool
VTI,investment,2026-05-05T19:04:48.399011,The Cheap Way to Own the Entire U.S. Stock Market Right Now,You don't have to overthink investing. Keep it simple.,2026-05-04T10:01:00Z,Motley Fool
VTI,investment,2026-05-05T19:04:48.399014,Tech ETFs Dominate as $11.4B Floods Into U.S. Equity Funds,"<p>Here are the daily ETF fund flows for April 30, 2026.</p>",2026-04-30T21:00:04Z,etf.com
ARKK,investment,2026-05-05T19:04:48.502049,Cathie Wood Is Shrugging Off CapEx Fears and Buying the Dip in Meta Platforms Stock,Cathie Wood's move signals that the market may be treating the spending surge as a temporary overhang on an otherwise intact long-term growth thesis.,2026-05-04T20:49:49Z,Barchart
ARKK,investment,2026-05-05T19:04:48.502065,"Cathie Wood Dumps $72 Million of AMD, Doubles Down on Alphabet and Meta",Cathie Wood's Latest Move Sparks Questions for Advanced Micro Devices Bulls,2026-05-04T17:21:08Z,GuruFocus.com
ARKK,investment,2026-05-05T19:04:48.502067,3 ETFs to Play the Enterprise Software Slump,"Enterprise software providers have reached a major hurdle with AI, but this could mean a buy opportunity for investors willing to take on risk.",2026-05-04T14:05:00Z,MarketBeat
GLD,investment,2026-05-05T19:04:48.608204,Update: Gold Rises As Treasury Yields Ease,"(Updates prices.) Gold traded higher midafternoon on Tuesday, rising off a five-week low as treas",2026-05-05T18:00:19Z,MT Newswires
GLD,investment,2026-05-05T19:04:48.608219,Gold Rises Early As Treasury Yields Ease,Gold prices rose off a five-week low early Tuesday as treasury yields eased off a 10-month high.,2026-05-05T13:08:16Z,MT Newswires
GLD,investment,2026-05-05T19:04:48.608221,"Exchange-Traded Funds, Equity Futures Higher Pre-Bell Tuesday Amid Corporate Earnings Rush",The broad market exchange-traded fund SPDR S&P 500 ETF Trust (SPY) was up 0.4% and the actively trad,2026-05-05T12:22:41Z,MT Newswires
SPY,investment,2026-05-05T19:04:58.003608,BlueChip Exits Full International Equity ETF Stake Worth $4 Million,"This ETF provides diversified international equity exposure, targeting investors seeking efficient access to global markets.",2026-05-05T18:52:49Z,Motley Fool
SPY,investment,2026-05-05T19:04:58.003623,"If Your Portfolio Is Too American, VXUS Is The Simple Fix","If you opened your brokerage statement this year and noticed your portfolio looked suspiciously like the S&P 500 with a few extra tech names sprinkled in, you are not alone. American investors have spent the last decade being rewarded for ignoring everything outside their own borders, and the muscle memory is hard to break. Vanguard ... If Your Portfolio Is Too American, VXUS Is The Simple Fix",2026-05-05T17:20:48Z,24/7 Wall St.
SPY,investment,2026-05-05T19:04:58.003625,Long-Term S&P 500 Holding or Greater Liquidity? VOO vs. SPY,"The Vanguard S&P 500 ETF (VOO) and the SPDR S&P 500 ETF Trust (SPY) both give investors access to the same S&P 500 benchmark. The key difference is not what they own, but whether an investor values lower long-term costs or the deeper liquidity that can matter when trading larger positions.",2026-05-05T15:52:49Z,Motley Fool
QQQ,investment,2026-05-05T19:04:58.110410,This ETF Is Are Outpacing Tech Stocks While Paying High Dividends,"You wouldn’t expect a fund stuffed with European utilities, tobacco companies, and Canadian fertilizer to keep pace with the Nasdaq-100 in 2026, but here we are. Fidelity International High Dividend ETF (NYSEARCA:FIDI) is up about 8% year-to-date, edging out Invesco QQQ Trust (NASDAQ:QQQ) at roughly 8% as well. The lead is small, and the one-year ... This ETF Is Are Outpacing Tech Stocks While Paying High Dividends",2026-05-05T17:33:55Z,24/7 Wall St.
QQQ,investment,2026-05-05T19:04:58.110426,Exchange-Traded Funds Rise as US Equities Advance After Midday,Broad Market Indicators Broad-market exchange-traded fund IWM and IVV were higher. Actively tr,2026-05-05T17:13:08Z,MT Newswires
QQQ,investment,2026-05-05T19:04:58.110428,Gratus Wealth Trims QQEW Stake by $22 Million -- Is Equal-Weight Nasdaq Still Worth Holding?,"This ETF tracks the Nasdaq-100 with an equal-weight strategy, offering diversified exposure to large-cap U.S. growth equities.",2026-05-05T15:29:54Z,Motley Fool
VTI,investment,2026-05-05T19:04:58.227735,The Cheap Way to Own the Entire U.S. Stock Market Right Now,You don't have to overthink investing. Keep it simple.,2026-05-04T10:01:00Z,Motley Fool
VTI,investment,2026-05-05T19:04:58.227738,Tech ETFs Dominate as $11.4B Floods Into U.S. Equity Funds,"<p>Here are the daily ETF fund flows for April 30, 2026.</p>",2026-04-30T21:00:04Z,etf.com
ARKK,investment,2026-05-05T19:04:58.341697,Cathie Wood Is Shrugging Off CapEx Fears and Buying the Dip in Meta Platforms Stock,Cathie Wood's move signals that the market may be treating the spending surge as a temporary overhang on an otherwise intact long-term growth thesis.,2026-05-04T20:49:49Z,Barchart
ARKK,investment,2026-05-05T19:04:58.341729,"Cathie Wood Dumps $72 Million of AMD, Doubles Down on Alphabet and Meta",Cathie Wood's Latest Move Sparks Questions for Advanced Micro Devices Bulls,2026-05-04T17:21:08Z,GuruFocus.com
ARKK,investment,2026-05-05T19:04:58.341732,3 ETFs to Play the Enterprise Software Slump,"Enterprise software providers have reached a major hurdle with AI, but this could mean a buy opportunity for investors willing to take on risk.",2026-05-04T14:05:00Z,MarketBeat
GLD,investment,2026-05-05T19:04:58.466626,Update: Gold Rises As Treasury Yields Ease,"(Updates prices.) Gold traded higher midafternoon on Tuesday, rising off a five-week low as treas",2026-05-05T18:00:19Z,MT Newswires
GLD,investment,2026-05-05T19:04:58.466642,Gold Rises Early As Treasury Yields Ease,Gold prices rose off a five-week low early Tuesday as treasury yields eased off a 10-month high.,2026-05-05T13:08:16Z,MT Newswires
GLD,investment,2026-05-05T19:04:58.466644,"Exchange-Traded Funds, Equity Futures Higher Pre-Bell Tuesday Amid Corporate Earnings Rush",The broad market exchange-traded fund SPDR S&P 500 ETF Trust (SPY) was up 0.4% and the actively trad,2026-05-05T12:22:41Z,MT Newswires
SPY,investment,2026-05-06T06:32:43.449693,BlueChip Exits Full International Equity ETF Stake Worth $4 Million,"This ETF provides diversified international equity exposure, targeting investors seeking efficient access to global markets.",2026-05-05T18:52:49Z,Motley Fool
SPY,investment,2026-05-06T06:32:43.449700,"If Your Portfolio Is Too American, VXUS Is The Simple Fix","If you opened your brokerage statement this year and noticed your portfolio looked suspiciously like the S&P 500 with a few extra tech names sprinkled in, you are not alone. American investors have spent the last decade being rewarded for ignoring everything outside their own borders, and the muscle memory is hard to break. Vanguard ... If Your Portfolio Is Too American, VXUS Is The Simple Fix",2026-05-05T17:20:48Z,24/7 Wall St.
SPY,investment,2026-05-06T06:32:43.449702,Long-Term S&P 500 Holding or Greater Liquidity? VOO vs. SPY,"The Vanguard S&P 500 ETF (VOO) and the SPDR S&P 500 ETF Trust (SPY) both give investors access to the same S&P 500 benchmark. The key difference is not what they own, but whether an investor values lower long-term costs or the deeper liquidity that can matter when trading larger positions.",2026-05-05T15:52:49Z,Motley Fool
QQQ,investment,2026-05-06T06:32:43.542629,This ETF Is Are Outpacing Tech Stocks While Paying High Dividends,"You wouldn’t expect a fund stuffed with European utilities, tobacco companies, and Canadian fertilizer to keep pace with the Nasdaq-100 in 2026, but here we are. Fidelity International High Dividend ETF (NYSEARCA:FIDI) is up about 8% year-to-date, edging out Invesco QQQ Trust (NASDAQ:QQQ) at roughly 8% as well. The lead is small, and the one-year ... This ETF Is Are Outpacing Tech Stocks While Paying High Dividends",2026-05-05T17:33:55Z,24/7 Wall St.
QQQ,investment,2026-05-06T06:32:43.542636,Exchange-Traded Funds Rise as US Equities Advance After Midday,Broad Market Indicators Broad-market exchange-traded fund IWM and IVV were higher. Actively tr,2026-05-05T17:13:08Z,MT Newswires
QQQ,investment,2026-05-06T06:32:43.542639,Gratus Wealth Trims QQEW Stake by $22 Million -- Is Equal-Weight Nasdaq Still Worth Holding?,"This ETF tracks the Nasdaq-100 with an equal-weight strategy, offering diversified exposure to large-cap U.S. growth equities.",2026-05-05T15:29:54Z,Motley Fool
VTI,investment,2026-05-06T06:32:43.637676,The Cheap Way to Own the Entire U.S. Stock Market Right Now,You don't have to overthink investing. Keep it simple.,2026-05-04T10:01:00Z,Motley Fool
VTI,investment,2026-05-06T06:32:43.637680,Tech ETFs Dominate as $11.4B Floods Into U.S. Equity Funds,"<p>Here are the daily ETF fund flows for April 30, 2026.</p>",2026-04-30T21:00:04Z,etf.com
ARKK,investment,2026-05-06T06:32:43.742890,Cathie Wood Remains Convinced on CoreWeave After 78% YTD Rally in CRWV Stock,"Wood invested and divested CoreWeave, as the stock is up 78.65% this year.",2026-05-05T18:53:45Z,Barchart
ARKK,investment,2026-05-06T06:32:43.742896,Intellia Therapeutics Stock Is Down Nearly 95% From Its Record Highs but Cathie Wood Keeps Buying,"Despite Intellia's severe stock drop from its 2021 peak, Cathie Wood is buying big.",2026-05-05T18:05:20Z,Barchart
ARKK,investment,2026-05-06T06:32:43.742899,Cathie Wood Is Shrugging Off CapEx Fears and Buying the Dip in Meta Platforms Stock,Cathie Wood's move signals that the market may be treating the spending surge as a temporary overhang on an otherwise intact long-term growth thesis.,2026-05-04T20:49:49Z,Barchart
GLD,investment,2026-05-06T06:32:43.845570,Update: Gold Rises As Treasury Yields Ease,"(Updates prices.) Gold traded higher midafternoon on Tuesday, rising off a five-week low as treas",2026-05-05T18:00:19Z,MT Newswires
GLD,investment,2026-05-06T06:32:43.845577,Gold Rises Early As Treasury Yields Ease,Gold prices rose off a five-week low early Tuesday as treasury yields eased off a 10-month high.,2026-05-05T13:08:16Z,MT Newswires
GLD,investment,2026-05-06T06:32:43.845579,"Exchange-Traded Funds, Equity Futures Higher Pre-Bell Tuesday Amid Corporate Earnings Rush",The broad market exchange-traded fund SPDR S&P 500 ETF Trust (SPY) was up 0.4% and the actively trad,2026-05-05T12:22:41Z,MT Newswires
SPY,investment,2026-05-06T06:32:53.648836,BlueChip Exits Full International Equity ETF Stake Worth $4 Million,"This ETF provides diversified international equity exposure, targeting investors seeking efficient access to global markets.",2026-05-05T18:52:49Z,Motley Fool
SPY,investment,2026-05-06T06:32:53.648844,"If Your Portfolio Is Too American, VXUS Is The Simple Fix","If you opened your brokerage statement this year and noticed your portfolio looked suspiciously like the S&P 500 with a few extra tech names sprinkled in, you are not alone. American investors have spent the last decade being rewarded for ignoring everything outside their own borders, and the muscle memory is hard to break. Vanguard ... If Your Portfolio Is Too American, VXUS Is The Simple Fix",2026-05-05T17:20:48Z,24/7 Wall St.
SPY,investment,2026-05-06T06:32:53.648846,Long-Term S&P 500 Holding or Greater Liquidity? VOO vs. SPY,"The Vanguard S&P 500 ETF (VOO) and the SPDR S&P 500 ETF Trust (SPY) both give investors access to the same S&P 500 benchmark. The key difference is not what they own, but whether an investor values lower long-term costs or the deeper liquidity that can matter when trading larger positions.",2026-05-05T15:52:49Z,Motley Fool
QQQ,investment,2026-05-06T06:32:53.741587,This ETF Is Are Outpacing Tech Stocks While Paying High Dividends,"You wouldn’t expect a fund stuffed with European utilities, tobacco companies, and Canadian fertilizer to keep pace with the Nasdaq-100 in 2026, but here we are. Fidelity International High Dividend ETF (NYSEARCA:FIDI) is up about 8% year-to-date, edging out Invesco QQQ Trust (NASDAQ:QQQ) at roughly 8% as well. The lead is small, and the one-year ... This ETF Is Are Outpacing Tech Stocks While Paying High Dividends",2026-05-05T17:33:55Z,24/7 Wall St.
QQQ,investment,2026-05-06T06:32:53.741595,Exchange-Traded Funds Rise as US Equities Advance After Midday,Broad Market Indicators Broad-market exchange-traded fund IWM and IVV were higher. Actively tr,2026-05-05T17:13:08Z,MT Newswires
QQQ,investment,2026-05-06T06:32:53.741597,Gratus Wealth Trims QQEW Stake by $22 Million -- Is Equal-Weight Nasdaq Still Worth Holding?,"This ETF tracks the Nasdaq-100 with an equal-weight strategy, offering diversified exposure to large-cap U.S. growth equities.",2026-05-05T15:29:54Z,Motley Fool
VTI,investment,2026-05-06T06:32:53.857175,The Cheap Way to Own the Entire U.S. Stock Market Right Now,You don't have to overthink investing. Keep it simple.,2026-05-04T10:01:00Z,Motley Fool
VTI,investment,2026-05-06T06:32:53.857178,Tech ETFs Dominate as $11.4B Floods Into U.S. Equity Funds,"<p>Here are the daily ETF fund flows for April 30, 2026.</p>",2026-04-30T21:00:04Z,etf.com
ARKK,investment,2026-05-06T06:32:53.950040,Cathie Wood Remains Convinced on CoreWeave After 78% YTD Rally in CRWV Stock,"Wood invested and divested CoreWeave, as the stock is up 78.65% this year.",2026-05-05T18:53:45Z,Barchart
ARKK,investment,2026-05-06T06:32:53.950047,Intellia Therapeutics Stock Is Down Nearly 95% From Its Record Highs but Cathie Wood Keeps Buying,"Despite Intellia's severe stock drop from its 2021 peak, Cathie Wood is buying big.",2026-05-05T18:05:20Z,Barchart
ARKK,investment,2026-05-06T06:32:53.950053,Cathie Wood Is Shrugging Off CapEx Fears and Buying the Dip in Meta Platforms Stock,Cathie Wood's move signals that the market may be treating the spending surge as a temporary overhang on an otherwise intact long-term growth thesis.,2026-05-04T20:49:49Z,Barchart
GLD,investment,2026-05-06T06:32:54.056149,Update: Gold Rises As Treasury Yields Ease,"(Updates prices.) Gold traded higher midafternoon on Tuesday, rising off a five-week low as treas",2026-05-05T18:00:19Z,MT Newswires
GLD,investment,2026-05-06T06:32:54.056156,Gold Rises Early As Treasury Yields Ease,Gold prices rose off a five-week low early Tuesday as treasury yields eased off a 10-month high.,2026-05-05T13:08:16Z,MT Newswires
GLD,investment,2026-05-06T06:32:54.056159,"Exchange-Traded Funds, Equity Futures Higher Pre-Bell Tuesday Amid Corporate Earnings Rush",The broad market exchange-traded fund SPDR S&P 500 ETF Trust (SPY) was up 0.4% and the actively trad,2026-05-05T12:22:41Z,MT Newswires
SPY,investment,2026-05-06T06:33:03.345004,BlueChip Exits Full International Equity ETF Stake Worth $4 Million,"This ETF provides diversified international equity exposure, targeting investors seeking efficient access to global markets.",2026-05-05T18:52:49Z,Motley Fool
SPY,investment,2026-05-06T06:33:03.345011,"If Your Portfolio Is Too American, VXUS Is The Simple Fix","If you opened your brokerage statement this year and noticed your portfolio looked suspiciously like the S&P 500 with a few extra tech names sprinkled in, you are not alone. American investors have spent the last decade being rewarded for ignoring everything outside their own borders, and the muscle memory is hard to break. Vanguard ... If Your Portfolio Is Too American, VXUS Is The Simple Fix",2026-05-05T17:20:48Z,24/7 Wall St.
SPY,investment,2026-05-06T06:33:03.345014,Long-Term S&P 500 Holding or Greater Liquidity? VOO vs. SPY,"The Vanguard S&P 500 ETF (VOO) and the SPDR S&P 500 ETF Trust (SPY) both give investors access to the same S&P 500 benchmark. The key difference is not what they own, but whether an investor values lower long-term costs or the deeper liquidity that can matter when trading larger positions.",2026-05-05T15:52:49Z,Motley Fool
QQQ,investment,2026-05-06T06:33:03.463251,This ETF Is Are Outpacing Tech Stocks While Paying High Dividends,"You wouldn’t expect a fund stuffed with European utilities, tobacco companies, and Canadian fertilizer to keep pace with the Nasdaq-100 in 2026, but here we are. Fidelity International High Dividend ETF (NYSEARCA:FIDI) is up about 8% year-to-date, edging out Invesco QQQ Trust (NASDAQ:QQQ) at roughly 8% as well. The lead is small, and the one-year ... This ETF Is Are Outpacing Tech Stocks While Paying High Dividends",2026-05-05T17:33:55Z,24/7 Wall St.
QQQ,investment,2026-05-06T06:33:03.463258,Exchange-Traded Funds Rise as US Equities Advance After Midday,Broad Market Indicators Broad-market exchange-traded fund IWM and IVV were higher. Actively tr,2026-05-05T17:13:08Z,MT Newswires
QQQ,investment,2026-05-06T06:33:03.463261,Gratus Wealth Trims QQEW Stake by $22 Million -- Is Equal-Weight Nasdaq Still Worth Holding?,"This ETF tracks the Nasdaq-100 with an equal-weight strategy, offering diversified exposure to large-cap U.S. growth equities.",2026-05-05T15:29:54Z,Motley Fool
VTI,investment,2026-05-06T06:33:03.553391,The Cheap Way to Own the Entire U.S. Stock Market Right Now,You don't have to overthink investing. Keep it simple.,2026-05-04T10:01:00Z,Motley Fool
VTI,investment,2026-05-06T06:33:03.553394,Tech ETFs Dominate as $11.4B Floods Into U.S. Equity Funds,"<p>Here are the daily ETF fund flows for April 30, 2026.</p>",2026-04-30T21:00:04Z,etf.com
ARKK,investment,2026-05-06T06:33:03.658122,Cathie Wood Remains Convinced on CoreWeave After 78% YTD Rally in CRWV Stock,"Wood invested and divested CoreWeave, as the stock is up 78.65% this year.",2026-05-05T18:53:45Z,Barchart
ARKK,investment,2026-05-06T06:33:03.658129,Intellia Therapeutics Stock Is Down Nearly 95% From Its Record Highs but Cathie Wood Keeps Buying,"Despite Intellia's severe stock drop from its 2021 peak, Cathie Wood is buying big.",2026-05-05T18:05:20Z,Barchart
ARKK,investment,2026-05-06T06:33:03.658135,Cathie Wood Is Shrugging Off CapEx Fears and Buying the Dip in Meta Platforms Stock,Cathie Wood's move signals that the market may be treating the spending surge as a temporary overhang on an otherwise intact long-term growth thesis.,2026-05-04T20:49:49Z,Barchart
GLD,investment,2026-05-06T06:33:03.748567,Update: Gold Rises As Treasury Yields Ease,"(Updates prices.) Gold traded higher midafternoon on Tuesday, rising off a five-week low as treas",2026-05-05T18:00:19Z,MT Newswires
GLD,investment,2026-05-06T06:33:03.748574,Gold Rises Early As Treasury Yields Ease,Gold prices rose off a five-week low early Tuesday as treasury yields eased off a 10-month high.,2026-05-05T13:08:16Z,MT Newswires
GLD,investment,2026-05-06T06:33:03.748576,"Exchange-Traded Funds, Equity Futures Higher Pre-Bell Tuesday Amid Corporate Earnings Rush",The broad market exchange-traded fund SPDR S&P 500 ETF Trust (SPY) was up 0.4% and the actively trad,2026-05-05T12:22:41Z,MT Newswires
SPY,investment,2026-05-06T06:33:13.296549,BlueChip Exits Full International Equity ETF Stake Worth $4 Million,"This ETF provides diversified international equity exposure, targeting investors seeking efficient access to global markets.",2026-05-05T18:52:49Z,Motley Fool
SPY,investment,2026-05-06T06:33:13.296556,"If Your Portfolio Is Too American, VXUS Is The Simple Fix","If you opened your brokerage statement this year and noticed your portfolio looked suspiciously like the S&P 500 with a few extra tech names sprinkled in, you are not alone. American investors have spent the last decade being rewarded for ignoring everything outside their own borders, and the muscle memory is hard to break. Vanguard ... If Your Portfolio Is Too American, VXUS Is The Simple Fix",2026-05-05T17:20:48Z,24/7 Wall St.
SPY,investment,2026-05-06T06:33:13.296558,Long-Term S&P 500 Holding or Greater Liquidity? VOO vs. SPY,"The Vanguard S&P 500 ETF (VOO) and the SPDR S&P 500 ETF Trust (SPY) both give investors access to the same S&P 500 benchmark. The key difference is not what they own, but whether an investor values lower long-term costs or the deeper liquidity that can matter when trading larger positions.",2026-05-05T15:52:49Z,Motley Fool
QQQ,investment,2026-05-06T06:33:13.388557,This ETF Is Are Outpacing Tech Stocks While Paying High Dividends,"You wouldn’t expect a fund stuffed with European utilities, tobacco companies, and Canadian fertilizer to keep pace with the Nasdaq-100 in 2026, but here we are. Fidelity International High Dividend ETF (NYSEARCA:FIDI) is up about 8% year-to-date, edging out Invesco QQQ Trust (NASDAQ:QQQ) at roughly 8% as well. The lead is small, and the one-year ... This ETF Is Are Outpacing Tech Stocks While Paying High Dividends",2026-05-05T17:33:55Z,24/7 Wall St.
QQQ,investment,2026-05-06T06:33:13.388564,Exchange-Traded Funds Rise as US Equities Advance After Midday,Broad Market Indicators Broad-market exchange-traded fund IWM and IVV were higher. Actively tr,2026-05-05T17:13:08Z,MT Newswires
QQQ,investment,2026-05-06T06:33:13.388566,Gratus Wealth Trims QQEW Stake by $22 Million -- Is Equal-Weight Nasdaq Still Worth Holding?,"This ETF tracks the Nasdaq-100 with an equal-weight strategy, offering diversified exposure to large-cap U.S. growth equities.",2026-05-05T15:29:54Z,Motley Fool
VTI,investment,2026-05-06T06:33:13.479243,The Cheap Way to Own the Entire U.S. Stock Market Right Now,You don't have to overthink investing. Keep it simple.,2026-05-04T10:01:00Z,Motley Fool
VTI,investment,2026-05-06T06:33:13.479247,Tech ETFs Dominate as $11.4B Floods Into U.S. Equity Funds,"<p>Here are the daily ETF fund flows for April 30, 2026.</p>",2026-04-30T21:00:04Z,etf.com
ARKK,investment,2026-05-06T06:33:13.582827,Cathie Wood Remains Convinced on CoreWeave After 78% YTD Rally in CRWV Stock,"Wood invested and divested CoreWeave, as the stock is up 78.65% this year.",2026-05-05T18:53:45Z,Barchart
ARKK,investment,2026-05-06T06:33:13.582834,Intellia Therapeutics Stock Is Down Nearly 95% From Its Record Highs but Cathie Wood Keeps Buying,"Despite Intellia's severe stock drop from its 2021 peak, Cathie Wood is buying big.",2026-05-05T18:05:20Z,Barchart
ARKK,investment,2026-05-06T06:33:13.582838,Cathie Wood Is Shrugging Off CapEx Fears and Buying the Dip in Meta Platforms Stock,Cathie Wood's move signals that the market may be treating the spending surge as a temporary overhang on an otherwise intact long-term growth thesis.,2026-05-04T20:49:49Z,Barchart
GLD,investment,2026-05-06T06:33:13.683877,Update: Gold Rises As Treasury Yields Ease,"(Updates prices.) Gold traded higher midafternoon on Tuesday, rising off a five-week low as treas",2026-05-05T18:00:19Z,MT Newswires
GLD,investment,2026-05-06T06:33:13.683884,Gold Rises Early As Treasury Yields Ease,Gold prices rose off a five-week low early Tuesday as treasury yields eased off a 10-month high.,2026-05-05T13:08:16Z,MT Newswires
GLD,investment,2026-05-06T06:33:13.683886,"Exchange-Traded Funds, Equity Futures Higher Pre-Bell Tuesday Amid Corporate Earnings Rush",The broad market exchange-traded fund SPDR S&P 500 ETF Trust (SPY) was up 0.4% and the actively trad,2026-05-05T12:22:41Z,MT Newswires
SPY,investment,2026-05-06T06:33:23.075348,BlueChip Exits Full International Equity ETF Stake Worth $4 Million,"This ETF provides diversified international equity exposure, targeting investors seeking efficient access to global markets.",2026-05-05T18:52:49Z,Motley Fool
SPY,investment,2026-05-06T06:33:23.075357,"If Your Portfolio Is Too American, VXUS Is The Simple Fix","If you opened your brokerage statement this year and noticed your portfolio looked suspiciously like the S&P 500 with a few extra tech names sprinkled in, you are not alone. American investors have spent the last decade being rewarded for ignoring everything outside their own borders, and the muscle memory is hard to break. Vanguard ... If Your Portfolio Is Too American, VXUS Is The Simple Fix",2026-05-05T17:20:48Z,24/7 Wall St.
SPY,investment,2026-05-06T06:33:23.075360,Long-Term S&P 500 Holding or Greater Liquidity? VOO vs. SPY,"The Vanguard S&P 500 ETF (VOO) and the SPDR S&P 500 ETF Trust (SPY) both give investors access to the same S&P 500 benchmark. The key difference is not what they own, but whether an investor values lower long-term costs or the deeper liquidity that can matter when trading larger positions.",2026-05-05T15:52:49Z,Motley Fool
QQQ,investment,2026-05-06T06:33:23.177636,This ETF Is Are Outpacing Tech Stocks While Paying High Dividends,"You wouldn’t expect a fund stuffed with European utilities, tobacco companies, and Canadian fertilizer to keep pace with the Nasdaq-100 in 2026, but here we are. Fidelity International High Dividend ETF (NYSEARCA:FIDI) is up about 8% year-to-date, edging out Invesco QQQ Trust (NASDAQ:QQQ) at roughly 8% as well. The lead is small, and the one-year ... This ETF Is Are Outpacing Tech Stocks While Paying High Dividends",2026-05-05T17:33:55Z,24/7 Wall St.
QQQ,investment,2026-05-06T06:33:23.177643,Exchange-Traded Funds Rise as US Equities Advance After Midday,Broad Market Indicators Broad-market exchange-traded fund IWM and IVV were higher. Actively tr,2026-05-05T17:13:08Z,MT Newswires
QQQ,investment,2026-05-06T06:33:23.177646,Gratus Wealth Trims QQEW Stake by $22 Million -- Is Equal-Weight Nasdaq Still Worth Holding?,"This ETF tracks the Nasdaq-100 with an equal-weight strategy, offering diversified exposure to large-cap U.S. growth equities.",2026-05-05T15:29:54Z,Motley Fool
VTI,investment,2026-05-06T06:33:23.269957,The Cheap Way to Own the Entire U.S. Stock Market Right Now,You don't have to overthink investing. Keep it simple.,2026-05-04T10:01:00Z,Motley Fool
VTI,investment,2026-05-06T06:33:23.269959,Tech ETFs Dominate as $11.4B Floods Into U.S. Equity Funds,"<p>Here are the daily ETF fund flows for April 30, 2026.</p>",2026-04-30T21:00:04Z,etf.com
ARKK,investment,2026-05-06T06:33:23.356239,Cathie Wood Remains Convinced on CoreWeave After 78% YTD Rally in CRWV Stock,"Wood invested and divested CoreWeave, as the stock is up 78.65% this year.",2026-05-05T18:53:45Z,Barchart
ARKK,investment,2026-05-06T06:33:23.356246,Intellia Therapeutics Stock Is Down Nearly 95% From Its Record Highs but Cathie Wood Keeps Buying,"Despite Intellia's severe stock drop from its 2021 peak, Cathie Wood is buying big.",2026-05-05T18:05:20Z,Barchart
ARKK,investment,2026-05-06T06:33:23.356252,Cathie Wood Is Shrugging Off CapEx Fears and Buying the Dip in Meta Platforms Stock,Cathie Wood's move signals that the market may be treating the spending surge as a temporary overhang on an otherwise intact long-term growth thesis.,2026-05-04T20:49:49Z,Barchart
GLD,investment,2026-05-06T06:33:23.445178,Update: Gold Rises As Treasury Yields Ease,"(Updates prices.) Gold traded higher midafternoon on Tuesday, rising off a five-week low as treas",2026-05-05T18:00:19Z,MT Newswires
GLD,investment,2026-05-06T06:33:23.445185,Gold Rises Early As Treasury Yields Ease,Gold prices rose off a five-week low early Tuesday as treasury yields eased off a 10-month high.,2026-05-05T13:08:16Z,MT Newswires
GLD,investment,2026-05-06T06:33:23.445187,"Exchange-Traded Funds, Equity Futures Higher Pre-Bell Tuesday Amid Corporate Earnings Rush",The broad market exchange-traded fund SPDR S&P 500 ETF Trust (SPY) was up 0.4% and the actively trad,2026-05-05T12:22:41Z,MT Newswires
SPY,investment,2026-05-06T06:33:31.770304,BlueChip Exits Full International Equity ETF Stake Worth $4 Million,"This ETF provides diversified international equity exposure, targeting investors seeking efficient access to global markets.",2026-05-05T18:52:49Z,Motley Fool
SPY,investment,2026-05-06T06:33:31.770313,"If Your Portfolio Is Too American, VXUS Is The Simple Fix","If you opened your brokerage statement this year and noticed your portfolio looked suspiciously like the S&P 500 with a few extra tech names sprinkled in, you are not alone. American investors have spent the last decade being rewarded for ignoring everything outside their own borders, and the muscle memory is hard to break. Vanguard ... If Your Portfolio Is Too American, VXUS Is The Simple Fix",2026-05-05T17:20:48Z,24/7 Wall St.
SPY,investment,2026-05-06T06:33:31.770316,Long-Term S&P 500 Holding or Greater Liquidity? VOO vs. SPY,"The Vanguard S&P 500 ETF (VOO) and the SPDR S&P 500 ETF Trust (SPY) both give investors access to the same S&P 500 benchmark. The key difference is not what they own, but whether an investor values lower long-term costs or the deeper liquidity that can matter when trading larger positions.",2026-05-05T15:52:49Z,Motley Fool
QQQ,investment,2026-05-06T06:33:31.876716,This ETF Is Are Outpacing Tech Stocks While Paying High Dividends,"You wouldn’t expect a fund stuffed with European utilities, tobacco companies, and Canadian fertilizer to keep pace with the Nasdaq-100 in 2026, but here we are. Fidelity International High Dividend ETF (NYSEARCA:FIDI) is up about 8% year-to-date, edging out Invesco QQQ Trust (NASDAQ:QQQ) at roughly 8% as well. The lead is small, and the one-year ... This ETF Is Are Outpacing Tech Stocks While Paying High Dividends",2026-05-05T17:33:55Z,24/7 Wall St.
QQQ,investment,2026-05-06T06:33:31.876723,Exchange-Traded Funds Rise as US Equities Advance After Midday,Broad Market Indicators Broad-market exchange-traded fund IWM and IVV were higher. Actively tr,2026-05-05T17:13:08Z,MT Newswires
QQQ,investment,2026-05-06T06:33:31.876725,Gratus Wealth Trims QQEW Stake by $22 Million -- Is Equal-Weight Nasdaq Still Worth Holding?,"This ETF tracks the Nasdaq-100 with an equal-weight strategy, offering diversified exposure to large-cap U.S. growth equities.",2026-05-05T15:29:54Z,Motley Fool
VTI,investment,2026-05-06T06:33:31.982040,The Cheap Way to Own the Entire U.S. Stock Market Right Now,You don't have to overthink investing. Keep it simple.,2026-05-04T10:01:00Z,Motley Fool
VTI,investment,2026-05-06T06:33:31.982043,Tech ETFs Dominate as $11.4B Floods Into U.S. Equity Funds,"<p>Here are the daily ETF fund flows for April 30, 2026.</p>",2026-04-30T21:00:04Z,etf.com
ARKK,investment,2026-05-06T06:33:32.088811,Cathie Wood Remains Convinced on CoreWeave After 78% YTD Rally in CRWV Stock,"Wood invested and divested CoreWeave, as the stock is up 78.65% this year.",2026-05-05T18:53:45Z,Barchart
ARKK,investment,2026-05-06T06:33:32.088821,Intellia Therapeutics Stock Is Down Nearly 95% From Its Record Highs but Cathie Wood Keeps Buying,"Despite Intellia's severe stock drop from its 2021 peak, Cathie Wood is buying big.",2026-05-05T18:05:20Z,Barchart
ARKK,investment,2026-05-06T06:33:32.088833,Cathie Wood Is Shrugging Off CapEx Fears and Buying the Dip in Meta Platforms Stock,Cathie Wood's move signals that the market may be treating the spending surge as a temporary overhang on an otherwise intact long-term growth thesis.,2026-05-04T20:49:49Z,Barchart
GLD,investment,2026-05-06T06:33:32.185942,Update: Gold Rises As Treasury Yields Ease,"(Updates prices.) Gold traded higher midafternoon on Tuesday, rising off a five-week low as treas",2026-05-05T18:00:19Z,MT Newswires
GLD,investment,2026-05-06T06:33:32.185950,Gold Rises Early As Treasury Yields Ease,Gold prices rose off a five-week low early Tuesday as treasury yields eased off a 10-month high.,2026-05-05T13:08:16Z,MT Newswires
GLD,investment,2026-05-06T06:33:32.185953,"Exchange-Traded Funds, Equity Futures Higher Pre-Bell Tuesday Amid Corporate Earnings Rush",The broad market exchange-traded fund SPDR S&P 500 ETF Trust (SPY) was up 0.4% and the actively trad,2026-05-05T12:22:41Z,MT Newswires
SPY,investment,2026-05-06T06:33:41.790611,BlueChip Exits Full International Equity ETF Stake Worth $4 Million,"This ETF provides diversified international equity exposure, targeting investors seeking efficient access to global markets.",2026-05-05T18:52:49Z,Motley Fool
SPY,investment,2026-05-06T06:33:41.790619,"If Your Portfolio Is Too American, VXUS Is The Simple Fix","If you opened your brokerage statement this year and noticed your portfolio looked suspiciously like the S&P 500 with a few extra tech names sprinkled in, you are not alone. American investors have spent the last decade being rewarded for ignoring everything outside their own borders, and the muscle memory is hard to break. Vanguard ... If Your Portfolio Is Too American, VXUS Is The Simple Fix",2026-05-05T17:20:48Z,24/7 Wall St.
SPY,investment,2026-05-06T06:33:41.790621,Long-Term S&P 500 Holding or Greater Liquidity? VOO vs. SPY,"The Vanguard S&P 500 ETF (VOO) and the SPDR S&P 500 ETF Trust (SPY) both give investors access to the same S&P 500 benchmark. The key difference is not what they own, but whether an investor values lower long-term costs or the deeper liquidity that can matter when trading larger positions.",2026-05-05T15:52:49Z,Motley Fool
QQQ,investment,2026-05-06T06:33:41.882349,This ETF Is Are Outpacing Tech Stocks While Paying High Dividends,"You wouldn’t expect a fund stuffed with European utilities, tobacco companies, and Canadian fertilizer to keep pace with the Nasdaq-100 in 2026, but here we are. Fidelity International High Dividend ETF (NYSEARCA:FIDI) is up about 8% year-to-date, edging out Invesco QQQ Trust (NASDAQ:QQQ) at roughly 8% as well. The lead is small, and the one-year ... This ETF Is Are Outpacing Tech Stocks While Paying High Dividends",2026-05-05T17:33:55Z,24/7 Wall St.
QQQ,investment,2026-05-06T06:33:41.882357,Exchange-Traded Funds Rise as US Equities Advance After Midday,Broad Market Indicators Broad-market exchange-traded fund IWM and IVV were higher. Actively tr,2026-05-05T17:13:08Z,MT Newswires
QQQ,investment,2026-05-06T06:33:41.882359,Gratus Wealth Trims QQEW Stake by $22 Million -- Is Equal-Weight Nasdaq Still Worth Holding?,"This ETF tracks the Nasdaq-100 with an equal-weight strategy, offering diversified exposure to large-cap U.S. growth equities.",2026-05-05T15:29:54Z,Motley Fool
VTI,investment,2026-05-06T06:33:41.977920,The Cheap Way to Own the Entire U.S. Stock Market Right Now,You don't have to overthink investing. Keep it simple.,2026-05-04T10:01:00Z,Motley Fool
VTI,investment,2026-05-06T06:33:41.977922,Tech ETFs Dominate as $11.4B Floods Into U.S. Equity Funds,"<p>Here are the daily ETF fund flows for April 30, 2026.</p>",2026-04-30T21:00:04Z,etf.com
ARKK,investment,2026-05-06T06:33:42.068193,Cathie Wood Remains Convinced on CoreWeave After 78% YTD Rally in CRWV Stock,"Wood invested and divested CoreWeave, as the stock is up 78.65% this year.",2026-05-05T18:53:45Z,Barchart
ARKK,investment,2026-05-06T06:33:42.068200,Intellia Therapeutics Stock Is Down Nearly 95% From Its Record Highs but Cathie Wood Keeps Buying,"Despite Intellia's severe stock drop from its 2021 peak, Cathie Wood is buying big.",2026-05-05T18:05:20Z,Barchart
ARKK,investment,2026-05-06T06:33:42.068205,Cathie Wood Is Shrugging Off CapEx Fears and Buying the Dip in Meta Platforms Stock,Cathie Wood's move signals that the market may be treating the spending surge as a temporary overhang on an otherwise intact long-term growth thesis.,2026-05-04T20:49:49Z,Barchart
GLD,investment,2026-05-06T06:33:42.167317,Update: Gold Rises As Treasury Yields Ease,"(Updates prices.) Gold traded higher midafternoon on Tuesday, rising off a five-week low as treas",2026-05-05T18:00:19Z,MT Newswires
GLD,investment,2026-05-06T06:33:42.167324,Gold Rises Early As Treasury Yields Ease,Gold prices rose off a five-week low early Tuesday as treasury yields eased off a 10-month high.,2026-05-05T13:08:16Z,MT Newswires
GLD,investment,2026-05-06T06:33:42.167326,"Exchange-Traded Funds, Equity Futures Higher Pre-Bell Tuesday Amid Corporate Earnings Rush",The broad market exchange-traded fund SPDR S&P 500 ETF Trust (SPY) was up 0.4% and the actively trad,2026-05-05T12:22:41Z,MT Newswires
SPY,investment,2026-05-06T06:33:51.468277,BlueChip Exits Full International Equity ETF Stake Worth $4 Million,"This ETF provides diversified international equity exposure, targeting investors seeking efficient access to global markets.",2026-05-05T18:52:49Z,Motley Fool
SPY,investment,2026-05-06T06:33:51.468286,"If Your Portfolio Is Too American, VXUS Is The Simple Fix","If you opened your brokerage statement this year and noticed your portfolio looked suspiciously like the S&P 500 with a few extra tech names sprinkled in, you are not alone. American investors have spent the last decade being rewarded for ignoring everything outside their own borders, and the muscle memory is hard to break. Vanguard ... If Your Portfolio Is Too American, VXUS Is The Simple Fix",2026-05-05T17:20:48Z,24/7 Wall St.
SPY,investment,2026-05-06T06:33:51.468290,Long-Term S&P 500 Holding or Greater Liquidity? VOO vs. SPY,"The Vanguard S&P 500 ETF (VOO) and the SPDR S&P 500 ETF Trust (SPY) both give investors access to the same S&P 500 benchmark. The key difference is not what they own, but whether an investor values lower long-term costs or the deeper liquidity that can matter when trading larger positions.",2026-05-05T15:52:49Z,Motley Fool
QQQ,investment,2026-05-06T06:33:51.564193,This ETF Is Are Outpacing Tech Stocks While Paying High Dividends,"You wouldn’t expect a fund stuffed with European utilities, tobacco companies, and Canadian fertilizer to keep pace with the Nasdaq-100 in 2026, but here we are. Fidelity International High Dividend ETF (NYSEARCA:FIDI) is up about 8% year-to-date, edging out Invesco QQQ Trust (NASDAQ:QQQ) at roughly 8% as well. The lead is small, and the one-year ... This ETF Is Are Outpacing Tech Stocks While Paying High Dividends",2026-05-05T17:33:55Z,24/7 Wall St.
QQQ,investment,2026-05-06T06:33:51.564202,Exchange-Traded Funds Rise as US Equities Advance After Midday,Broad Market Indicators Broad-market exchange-traded fund IWM and IVV were higher. Actively tr,2026-05-05T17:13:08Z,MT Newswires
QQQ,investment,2026-05-06T06:33:51.564205,Gratus Wealth Trims QQEW Stake by $22 Million -- Is Equal-Weight Nasdaq Still Worth Holding?,"This ETF tracks the Nasdaq-100 with an equal-weight strategy, offering diversified exposure to large-cap U.S. growth equities.",2026-05-05T15:29:54Z,Motley Fool
VTI,investment,2026-05-06T06:33:51.650941,The Cheap Way to Own the Entire U.S. Stock Market Right Now,You don't have to overthink investing. Keep it simple.,2026-05-04T10:01:00Z,Motley Fool
VTI,investment,2026-05-06T06:33:51.650943,Tech ETFs Dominate as $11.4B Floods Into U.S. Equity Funds,"<p>Here are the daily ETF fund flows for April 30, 2026.</p>",2026-04-30T21:00:04Z,etf.com
ARKK,investment,2026-05-06T06:33:51.756692,Cathie Wood Remains Convinced on CoreWeave After 78% YTD Rally in CRWV Stock,"Wood invested and divested CoreWeave, as the stock is up 78.65% this year.",2026-05-05T18:53:45Z,Barchart
ARKK,investment,2026-05-06T06:33:51.756702,Intellia Therapeutics Stock Is Down Nearly 95% From Its Record Highs but Cathie Wood Keeps Buying,"Despite Intellia's severe stock drop from its 2021 peak, Cathie Wood is buying big.",2026-05-05T18:05:20Z,Barchart
ARKK,investment,2026-05-06T06:33:51.756709,Cathie Wood Is Shrugging Off CapEx Fears and Buying the Dip in Meta Platforms Stock,Cathie Wood's move signals that the market may be treating the spending surge as a temporary overhang on an otherwise intact long-term growth thesis.,2026-05-04T20:49:49Z,Barchart
GLD,investment,2026-05-06T06:33:51.859359,Update: Gold Rises As Treasury Yields Ease,"(Updates prices.) Gold traded higher midafternoon on Tuesday, rising off a five-week low as treas",2026-05-05T18:00:19Z,MT Newswires
GLD,investment,2026-05-06T06:33:51.859366,Gold Rises Early As Treasury Yields Ease,Gold prices rose off a five-week low early Tuesday as treasury yields eased off a 10-month high.,2026-05-05T13:08:16Z,MT Newswires
GLD,investment,2026-05-06T06:33:51.859369,"Exchange-Traded Funds, Equity Futures Higher Pre-Bell Tuesday Amid Corporate Earnings Rush",The broad market exchange-traded fund SPDR S&P 500 ETF Trust (SPY) was up 0.4% and the actively trad,2026-05-05T12:22:41Z,MT Newswires
SPY,investment,2026-05-06T06:34:00.358242,BlueChip Exits Full International Equity ETF Stake Worth $4 Million,"This ETF provides diversified international equity exposure, targeting investors seeking efficient access to global markets.",2026-05-05T18:52:49Z,Motley Fool
SPY,investment,2026-05-06T06:34:00.358248,"If Your Portfolio Is Too American, VXUS Is The Simple Fix","If you opened your brokerage statement this year and noticed your portfolio looked suspiciously like the S&P 500 with a few extra tech names sprinkled in, you are not alone. American investors have spent the last decade being rewarded for ignoring everything outside their own borders, and the muscle memory is hard to break. Vanguard ... If Your Portfolio Is Too American, VXUS Is The Simple Fix",2026-05-05T17:20:48Z,24/7 Wall St.
SPY,investment,2026-05-06T06:34:00.358251,Long-Term S&P 500 Holding or Greater Liquidity? VOO vs. SPY,"The Vanguard S&P 500 ETF (VOO) and the SPDR S&P 500 ETF Trust (SPY) both give investors access to the same S&P 500 benchmark. The key difference is not what they own, but whether an investor values lower long-term costs or the deeper liquidity that can matter when trading larger positions.",2026-05-05T15:52:49Z,Motley Fool
QQQ,investment,2026-05-06T06:34:00.451829,This ETF Is Are Outpacing Tech Stocks While Paying High Dividends,"You wouldn’t expect a fund stuffed with European utilities, tobacco companies, and Canadian fertilizer to keep pace with the Nasdaq-100 in 2026, but here we are. Fidelity International High Dividend ETF (NYSEARCA:FIDI) is up about 8% year-to-date, edging out Invesco QQQ Trust (NASDAQ:QQQ) at roughly 8% as well. The lead is small, and the one-year ... This ETF Is Are Outpacing Tech Stocks While Paying High Dividends",2026-05-05T17:33:55Z,24/7 Wall St.
QQQ,investment,2026-05-06T06:34:00.451838,Exchange-Traded Funds Rise as US Equities Advance After Midday,Broad Market Indicators Broad-market exchange-traded fund IWM and IVV were higher. Actively tr,2026-05-05T17:13:08Z,MT Newswires
QQQ,investment,2026-05-06T06:34:00.451841,Gratus Wealth Trims QQEW Stake by $22 Million -- Is Equal-Weight Nasdaq Still Worth Holding?,"This ETF tracks the Nasdaq-100 with an equal-weight strategy, offering diversified exposure to large-cap U.S. growth equities.",2026-05-05T15:29:54Z,Motley Fool
VTI,investment,2026-05-06T06:34:00.536579,The Cheap Way to Own the Entire U.S. Stock Market Right Now,You don't have to overthink investing. Keep it simple.,2026-05-04T10:01:00Z,Motley Fool
VTI,investment,2026-05-06T06:34:00.536583,Tech ETFs Dominate as $11.4B Floods Into U.S. Equity Funds,"<p>Here are the daily ETF fund flows for April 30, 2026.</p>",2026-04-30T21:00:04Z,etf.com
ARKK,investment,2026-05-06T06:34:00.626661,Cathie Wood Remains Convinced on CoreWeave After 78% YTD Rally in CRWV Stock,"Wood invested and divested CoreWeave, as the stock is up 78.65% this year.",2026-05-05T18:53:45Z,Barchart
ARKK,investment,2026-05-06T06:34:00.626670,Intellia Therapeutics Stock Is Down Nearly 95% From Its Record Highs but Cathie Wood Keeps Buying,"Despite Intellia's severe stock drop from its 2021 peak, Cathie Wood is buying big.",2026-05-05T18:05:20Z,Barchart
ARKK,investment,2026-05-06T06:34:00.626677,Cathie Wood Is Shrugging Off CapEx Fears and Buying the Dip in Meta Platforms Stock,Cathie Wood's move signals that the market may be treating the spending surge as a temporary overhang on an otherwise intact long-term growth thesis.,2026-05-04T20:49:49Z,Barchart
GLD,investment,2026-05-06T06:34:00.726548,Update: Gold Rises As Treasury Yields Ease,"(Updates prices.) Gold traded higher midafternoon on Tuesday, rising off a five-week low as treas",2026-05-05T18:00:19Z,MT Newswires
GLD,investment,2026-05-06T06:34:00.726558,Gold Rises Early As Treasury Yields Ease,Gold prices rose off a five-week low early Tuesday as treasury yields eased off a 10-month high.,2026-05-05T13:08:16Z,MT Newswires
GLD,investment,2026-05-06T06:34:00.726561,"Exchange-Traded Funds, Equity Futures Higher Pre-Bell Tuesday Amid Corporate Earnings Rush",The broad market exchange-traded fund SPDR S&P 500 ETF Trust (SPY) was up 0.4% and the actively trad,2026-05-05T12:22:41Z,MT Newswires
SPY,investment,2026-05-06T06:34:10.385896,BlueChip Exits Full International Equity ETF Stake Worth $4 Million,"This ETF provides diversified international equity exposure, targeting investors seeking efficient access to global markets.",2026-05-05T18:52:49Z,Motley Fool
SPY,investment,2026-05-06T06:34:10.385905,"If Your Portfolio Is Too American, VXUS Is The Simple Fix","If you opened your brokerage statement this year and noticed your portfolio looked suspiciously like the S&P 500 with a few extra tech names sprinkled in, you are not alone. American investors have spent the last decade being rewarded for ignoring everything outside their own borders, and the muscle memory is hard to break. Vanguard ... If Your Portfolio Is Too American, VXUS Is The Simple Fix",2026-05-05T17:20:48Z,24/7 Wall St.
SPY,investment,2026-05-06T06:34:10.385908,Long-Term S&P 500 Holding or Greater Liquidity? VOO vs. SPY,"The Vanguard S&P 500 ETF (VOO) and the SPDR S&P 500 ETF Trust (SPY) both give investors access to the same S&P 500 benchmark. The key difference is not what they own, but whether an investor values lower long-term costs or the deeper liquidity that can matter when trading larger positions.",2026-05-05T15:52:49Z,Motley Fool
QQQ,investment,2026-05-06T06:34:10.475013,This ETF Is Are Outpacing Tech Stocks While Paying High Dividends,"You wouldn’t expect a fund stuffed with European utilities, tobacco companies, and Canadian fertilizer to keep pace with the Nasdaq-100 in 2026, but here we are. Fidelity International High Dividend ETF (NYSEARCA:FIDI) is up about 8% year-to-date, edging out Invesco QQQ Trust (NASDAQ:QQQ) at roughly 8% as well. The lead is small, and the one-year ... This ETF Is Are Outpacing Tech Stocks While Paying High Dividends",2026-05-05T17:33:55Z,24/7 Wall St.
QQQ,investment,2026-05-06T06:34:10.475022,Exchange-Traded Funds Rise as US Equities Advance After Midday,Broad Market Indicators Broad-market exchange-traded fund IWM and IVV were higher. Actively tr,2026-05-05T17:13:08Z,MT Newswires
QQQ,investment,2026-05-06T06:34:10.475025,Gratus Wealth Trims QQEW Stake by $22 Million -- Is Equal-Weight Nasdaq Still Worth Holding?,"This ETF tracks the Nasdaq-100 with an equal-weight strategy, offering diversified exposure to large-cap U.S. growth equities.",2026-05-05T15:29:54Z,Motley Fool
VTI,investment,2026-05-06T06:34:10.570403,The Cheap Way to Own the Entire U.S. Stock Market Right Now,You don't have to overthink investing. Keep it simple.,2026-05-04T10:01:00Z,Motley Fool
VTI,investment,2026-05-06T06:34:10.570407,Tech ETFs Dominate as $11.4B Floods Into U.S. Equity Funds,"<p>Here are the daily ETF fund flows for April 30, 2026.</p>",2026-04-30T21:00:04Z,etf.com
ARKK,investment,2026-05-06T06:34:10.666609,Cathie Wood Remains Convinced on CoreWeave After 78% YTD Rally in CRWV Stock,"Wood invested and divested CoreWeave, as the stock is up 78.65% this year.",2026-05-05T18:53:45Z,Barchart
ARKK,investment,2026-05-06T06:34:10.666616,Intellia Therapeutics Stock Is Down Nearly 95% From Its Record Highs but Cathie Wood Keeps Buying,"Despite Intellia's severe stock drop from its 2021 peak, Cathie Wood is buying big.",2026-05-05T18:05:20Z,Barchart
ARKK,investment,2026-05-06T06:34:10.666621,Cathie Wood Is Shrugging Off CapEx Fears and Buying the Dip in Meta Platforms Stock,Cathie Wood's move signals that the market may be treating the spending surge as a temporary overhang on an otherwise intact long-term growth thesis.,2026-05-04T20:49:49Z,Barchart
GLD,investment,2026-05-06T06:34:10.752088,Update: Gold Rises As Treasury Yields Ease,"(Updates prices.) Gold traded higher midafternoon on Tuesday, rising off a five-week low as treas",2026-05-05T18:00:19Z,MT Newswires
GLD,investment,2026-05-06T06:34:10.752097,Gold Rises Early As Treasury Yields Ease,Gold prices rose off a five-week low early Tuesday as treasury yields eased off a 10-month high.,2026-05-05T13:08:16Z,MT Newswires
GLD,investment,2026-05-06T06:34:10.752100,"Exchange-Traded Funds, Equity Futures Higher Pre-Bell Tuesday Amid Corporate Earnings Rush",The broad market exchange-traded fund SPDR S&P 500 ETF Trust (SPY) was up 0.4% and the actively trad,2026-05-05T12:22:41Z,MT Newswires
SPY,investment,2026-05-06T09:15:58.389217,The Market Is Roaring. It’s Time to Bet Against It.,"After earnings season ends, there won‘t be much to entertain investors. Many of them perceive markets as a perpetual movie and themselves as cosplay characters.",2026-05-06T06:00:00Z,Barrons.com
SPY,investment,2026-05-06T09:15:58.389231,BlueChip Exits Full International Equity ETF Stake Worth $4 Million,"This ETF provides diversified international equity exposure, targeting investors seeking efficient access to global markets.",2026-05-05T18:52:49Z,Motley Fool
SPY,investment,2026-05-06T09:15:58.389234,"If Your Portfolio Is Too American, VXUS Is The Simple Fix","If you opened your brokerage statement this year and noticed your portfolio looked suspiciously like the S&P 500 with a few extra tech names sprinkled in, you are not alone. American investors have spent the last decade being rewarded for ignoring everything outside their own borders, and the muscle memory is hard to break. Vanguard ... If Your Portfolio Is Too American, VXUS Is The Simple Fix",2026-05-05T17:20:48Z,24/7 Wall St.
QQQ,investment,2026-05-06T09:15:58.480455,This ETF Is Are Outpacing Tech Stocks While Paying High Dividends,"You wouldn’t expect a fund stuffed with European utilities, tobacco companies, and Canadian fertilizer to keep pace with the Nasdaq-100 in 2026, but here we are. Fidelity International High Dividend ETF (NYSEARCA:FIDI) is up about 8% year-to-date, edging out Invesco QQQ Trust (NASDAQ:QQQ) at roughly 8% as well. The lead is small, and the one-year ... This ETF Is Are Outpacing Tech Stocks While Paying High Dividends",2026-05-05T17:33:55Z,24/7 Wall St.
QQQ,investment,2026-05-06T09:15:58.480468,Exchange-Traded Funds Rise as US Equities Advance After Midday,Broad Market Indicators Broad-market exchange-traded fund IWM and IVV were higher. Actively tr,2026-05-05T17:13:08Z,MT Newswires
QQQ,investment,2026-05-06T09:15:58.480471,Gratus Wealth Trims QQEW Stake by $22 Million -- Is Equal-Weight Nasdaq Still Worth Holding?,"This ETF tracks the Nasdaq-100 with an equal-weight strategy, offering diversified exposure to large-cap U.S. growth equities.",2026-05-05T15:29:54Z,Motley Fool
VTI,investment,2026-05-06T09:15:58.575427,The Cheap Way to Own the Entire U.S. Stock Market Right Now,You don't have to overthink investing. Keep it simple.,2026-05-04T10:01:00Z,Motley Fool
VTI,investment,2026-05-06T09:15:58.575430,Tech ETFs Dominate as $11.4B Floods Into U.S. Equity Funds,"<p>Here are the daily ETF fund flows for April 30, 2026.</p>",2026-04-30T21:00:04Z,etf.com
ARKK,investment,2026-05-06T09:15:58.688822,Cathie Wood Remains Convinced on CoreWeave After 78% YTD Rally in CRWV Stock,"Wood invested and divested CoreWeave, as the stock is up 78.65% this year.",2026-05-05T18:53:45Z,Barchart
ARKK,investment,2026-05-06T09:15:58.688835,Intellia Therapeutics Stock Is Down Nearly 95% From Its Record Highs but Cathie Wood Keeps Buying,"Despite Intellia's severe stock drop from its 2021 peak, Cathie Wood is buying big.",2026-05-05T18:05:20Z,Barchart
ARKK,investment,2026-05-06T09:15:58.688838,Cathie Wood Is Shrugging Off CapEx Fears and Buying the Dip in Meta Platforms Stock,Cathie Wood's move signals that the market may be treating the spending surge as a temporary overhang on an otherwise intact long-term growth thesis.,2026-05-04T20:49:49Z,Barchart
GLD,investment,2026-05-06T09:15:58.775829,Update: Gold Rises As Treasury Yields Ease,"(Updates prices.) Gold traded higher midafternoon on Tuesday, rising off a five-week low as treas",2026-05-05T18:00:19Z,MT Newswires
GLD,investment,2026-05-06T09:15:58.775841,Gold Rises Early As Treasury Yields Ease,Gold prices rose off a five-week low early Tuesday as treasury yields eased off a 10-month high.,2026-05-05T13:08:16Z,MT Newswires
GLD,investment,2026-05-06T09:15:58.775844,"Exchange-Traded Funds, Equity Futures Higher Pre-Bell Tuesday Amid Corporate Earnings Rush",The broad market exchange-traded fund SPDR S&P 500 ETF Trust (SPY) was up 0.4% and the actively trad,2026-05-05T12:22:41Z,MT Newswires
SPY,investment,2026-05-06T09:16:07.844987,The Market Is Roaring. It’s Time to Bet Against It.,"After earnings season ends, there won‘t be much to entertain investors. Many of them perceive markets as a perpetual movie and themselves as cosplay characters.",2026-05-06T06:00:00Z,Barrons.com
SPY,investment,2026-05-06T09:16:07.845001,BlueChip Exits Full International Equity ETF Stake Worth $4 Million,"This ETF provides diversified international equity exposure, targeting investors seeking efficient access to global markets.",2026-05-05T18:52:49Z,Motley Fool
SPY,investment,2026-05-06T09:16:07.845004,"If Your Portfolio Is Too American, VXUS Is The Simple Fix","If you opened your brokerage statement this year and noticed your portfolio looked suspiciously like the S&P 500 with a few extra tech names sprinkled in, you are not alone. American investors have spent the last decade being rewarded for ignoring everything outside their own borders, and the muscle memory is hard to break. Vanguard ... If Your Portfolio Is Too American, VXUS Is The Simple Fix",2026-05-05T17:20:48Z,24/7 Wall St.
QQQ,investment,2026-05-06T09:16:07.952324,This ETF Is Are Outpacing Tech Stocks While Paying High Dividends,"You wouldn’t expect a fund stuffed with European utilities, tobacco companies, and Canadian fertilizer to keep pace with the Nasdaq-100 in 2026, but here we are. Fidelity International High Dividend ETF (NYSEARCA:FIDI) is up about 8% year-to-date, edging out Invesco QQQ Trust (NASDAQ:QQQ) at roughly 8% as well. The lead is small, and the one-year ... This ETF Is Are Outpacing Tech Stocks While Paying High Dividends",2026-05-05T17:33:55Z,24/7 Wall St.
QQQ,investment,2026-05-06T09:16:07.952338,Exchange-Traded Funds Rise as US Equities Advance After Midday,Broad Market Indicators Broad-market exchange-traded fund IWM and IVV were higher. Actively tr,2026-05-05T17:13:08Z,MT Newswires
QQQ,investment,2026-05-06T09:16:07.952341,Gratus Wealth Trims QQEW Stake by $22 Million -- Is Equal-Weight Nasdaq Still Worth Holding?,"This ETF tracks the Nasdaq-100 with an equal-weight strategy, offering diversified exposure to large-cap U.S. growth equities.",2026-05-05T15:29:54Z,Motley Fool
VTI,investment,2026-05-06T09:16:08.040276,The Cheap Way to Own the Entire U.S. Stock Market Right Now,You don't have to overthink investing. Keep it simple.,2026-05-04T10:01:00Z,Motley Fool
VTI,investment,2026-05-06T09:16:08.040279,Tech ETFs Dominate as $11.4B Floods Into U.S. Equity Funds,"<p>Here are the daily ETF fund flows for April 30, 2026.</p>",2026-04-30T21:00:04Z,etf.com
ARKK,investment,2026-05-06T09:16:08.146607,Cathie Wood Remains Convinced on CoreWeave After 78% YTD Rally in CRWV Stock,"Wood invested and divested CoreWeave, as the stock is up 78.65% this year.",2026-05-05T18:53:45Z,Barchart
ARKK,investment,2026-05-06T09:16:08.146620,Intellia Therapeutics Stock Is Down Nearly 95% From Its Record Highs but Cathie Wood Keeps Buying,"Despite Intellia's severe stock drop from its 2021 peak, Cathie Wood is buying big.",2026-05-05T18:05:20Z,Barchart
ARKK,investment,2026-05-06T09:16:08.146623,Cathie Wood Is Shrugging Off CapEx Fears and Buying the Dip in Meta Platforms Stock,Cathie Wood's move signals that the market may be treating the spending surge as a temporary overhang on an otherwise intact long-term growth thesis.,2026-05-04T20:49:49Z,Barchart
GLD,investment,2026-05-06T09:16:08.240451,Update: Gold Rises As Treasury Yields Ease,"(Updates prices.) Gold traded higher midafternoon on Tuesday, rising off a five-week low as treas",2026-05-05T18:00:19Z,MT Newswires
GLD,investment,2026-05-06T09:16:08.240465,Gold Rises Early As Treasury Yields Ease,Gold prices rose off a five-week low early Tuesday as treasury yields eased off a 10-month high.,2026-05-05T13:08:16Z,MT Newswires
GLD,investment,2026-05-06T09:16:08.240467,"Exchange-Traded Funds, Equity Futures Higher Pre-Bell Tuesday Amid Corporate Earnings Rush",The broad market exchange-traded fund SPDR S&P 500 ETF Trust (SPY) was up 0.4% and the actively trad,2026-05-05T12:22:41Z,MT Newswires
SPY,investment,2026-05-06T09:16:17.024532,The Market Is Roaring. It’s Time to Bet Against It.,"After earnings season ends, there won‘t be much to entertain investors. Many of them perceive markets as a perpetual movie and themselves as cosplay characters.",2026-05-06T06:00:00Z,Barrons.com
SPY,investment,2026-05-06T09:16:17.024545,BlueChip Exits Full International Equity ETF Stake Worth $4 Million,"This ETF provides diversified international equity exposure, targeting investors seeking efficient access to global markets.",2026-05-05T18:52:49Z,Motley Fool
SPY,investment,2026-05-06T09:16:17.024548,"If Your Portfolio Is Too American, VXUS Is The Simple Fix","If you opened your brokerage statement this year and noticed your portfolio looked suspiciously like the S&P 500 with a few extra tech names sprinkled in, you are not alone. American investors have spent the last decade being rewarded for ignoring everything outside their own borders, and the muscle memory is hard to break. Vanguard ... If Your Portfolio Is Too American, VXUS Is The Simple Fix",2026-05-05T17:20:48Z,24/7 Wall St.
QQQ,investment,2026-05-06T09:16:17.184384,This ETF Is Are Outpacing Tech Stocks While Paying High Dividends,"You wouldn’t expect a fund stuffed with European utilities, tobacco companies, and Canadian fertilizer to keep pace with the Nasdaq-100 in 2026, but here we are. Fidelity International High Dividend ETF (NYSEARCA:FIDI) is up about 8% year-to-date, edging out Invesco QQQ Trust (NASDAQ:QQQ) at roughly 8% as well. The lead is small, and the one-year ... This ETF Is Are Outpacing Tech Stocks While Paying High Dividends",2026-05-05T17:33:55Z,24/7 Wall St.
QQQ,investment,2026-05-06T09:16:17.184396,Exchange-Traded Funds Rise as US Equities Advance After Midday,Broad Market Indicators Broad-market exchange-traded fund IWM and IVV were higher. Actively tr,2026-05-05T17:13:08Z,MT Newswires
QQQ,investment,2026-05-06T09:16:17.184399,Gratus Wealth Trims QQEW Stake by $22 Million -- Is Equal-Weight Nasdaq Still Worth Holding?,"This ETF tracks the Nasdaq-100 with an equal-weight strategy, offering diversified exposure to large-cap U.S. growth equities.",2026-05-05T15:29:54Z,Motley Fool
VTI,investment,2026-05-06T09:16:17.271928,The Cheap Way to Own the Entire U.S. Stock Market Right Now,You don't have to overthink investing. Keep it simple.,2026-05-04T10:01:00Z,Motley Fool
VTI,investment,2026-05-06T09:16:17.271931,Tech ETFs Dominate as $11.4B Floods Into U.S. Equity Funds,"<p>Here are the daily ETF fund flows for April 30, 2026.</p>",2026-04-30T21:00:04Z,etf.com
ARKK,investment,2026-05-06T09:16:17.360920,Cathie Wood Remains Convinced on CoreWeave After 78% YTD Rally in CRWV Stock,"Wood invested and divested CoreWeave, as the stock is up 78.65% this year.",2026-05-05T18:53:45Z,Barchart
ARKK,investment,2026-05-06T09:16:17.360933,Intellia Therapeutics Stock Is Down Nearly 95% From Its Record Highs but Cathie Wood Keeps Buying,"Despite Intellia's severe stock drop from its 2021 peak, Cathie Wood is buying big.",2026-05-05T18:05:20Z,Barchart
ARKK,investment,2026-05-06T09:16:17.360936,Cathie Wood Is Shrugging Off CapEx Fears and Buying the Dip in Meta Platforms Stock,Cathie Wood's move signals that the market may be treating the spending surge as a temporary overhang on an otherwise intact long-term growth thesis.,2026-05-04T20:49:49Z,Barchart
GLD,investment,2026-05-06T09:16:17.453758,Update: Gold Rises As Treasury Yields Ease,"(Updates prices.) Gold traded higher midafternoon on Tuesday, rising off a five-week low as treas",2026-05-05T18:00:19Z,MT Newswires
GLD,investment,2026-05-06T09:16:17.453772,Gold Rises Early As Treasury Yields Ease,Gold prices rose off a five-week low early Tuesday as treasury yields eased off a 10-month high.,2026-05-05T13:08:16Z,MT Newswires
GLD,investment,2026-05-06T09:16:17.453775,"Exchange-Traded Funds, Equity Futures Higher Pre-Bell Tuesday Amid Corporate Earnings Rush",The broad market exchange-traded fund SPDR S&P 500 ETF Trust (SPY) was up 0.4% and the actively trad,2026-05-05T12:22:41Z,MT Newswires
SPY,investment,2026-05-06T09:16:26.267045,The Market Is Roaring. It’s Time to Bet Against It.,"After earnings season ends, there won‘t be much to entertain investors. Many of them perceive markets as a perpetual movie and themselves as cosplay characters.",2026-05-06T06:00:00Z,Barrons.com
SPY,investment,2026-05-06T09:16:26.267058,BlueChip Exits Full International Equity ETF Stake Worth $4 Million,"This ETF provides diversified international equity exposure, targeting investors seeking efficient access to global markets.",2026-05-05T18:52:49Z,Motley Fool
SPY,investment,2026-05-06T09:16:26.267061,"If Your Portfolio Is Too American, VXUS Is The Simple Fix","If you opened your brokerage statement this year and noticed your portfolio looked suspiciously like the S&P 500 with a few extra tech names sprinkled in, you are not alone. American investors have spent the last decade being rewarded for ignoring everything outside their own borders, and the muscle memory is hard to break. Vanguard ... If Your Portfolio Is Too American, VXUS Is The Simple Fix",2026-05-05T17:20:48Z,24/7 Wall St.
QQQ,investment,2026-05-06T09:16:26.358359,This ETF Is Are Outpacing Tech Stocks While Paying High Dividends,"You wouldn’t expect a fund stuffed with European utilities, tobacco companies, and Canadian fertilizer to keep pace with the Nasdaq-100 in 2026, but here we are. Fidelity International High Dividend ETF (NYSEARCA:FIDI) is up about 8% year-to-date, edging out Invesco QQQ Trust (NASDAQ:QQQ) at roughly 8% as well. The lead is small, and the one-year ... This ETF Is Are Outpacing Tech Stocks While Paying High Dividends",2026-05-05T17:33:55Z,24/7 Wall St.
QQQ,investment,2026-05-06T09:16:26.358372,Exchange-Traded Funds Rise as US Equities Advance After Midday,Broad Market Indicators Broad-market exchange-traded fund IWM and IVV were higher. Actively tr,2026-05-05T17:13:08Z,MT Newswires
QQQ,investment,2026-05-06T09:16:26.358375,Gratus Wealth Trims QQEW Stake by $22 Million -- Is Equal-Weight Nasdaq Still Worth Holding?,"This ETF tracks the Nasdaq-100 with an equal-weight strategy, offering diversified exposure to large-cap U.S. growth equities.",2026-05-05T15:29:54Z,Motley Fool
VTI,investment,2026-05-06T09:16:26.459101,The Cheap Way to Own the Entire U.S. Stock Market Right Now,You don't have to overthink investing. Keep it simple.,2026-05-04T10:01:00Z,Motley Fool
VTI,investment,2026-05-06T09:16:26.459104,Tech ETFs Dominate as $11.4B Floods Into U.S. Equity Funds,"<p>Here are the daily ETF fund flows for April 30, 2026.</p>",2026-04-30T21:00:04Z,etf.com
ARKK,investment,2026-05-06T09:16:26.550354,Cathie Wood Remains Convinced on CoreWeave After 78% YTD Rally in CRWV Stock,"Wood invested and divested CoreWeave, as the stock is up 78.65% this year.",2026-05-05T18:53:45Z,Barchart
ARKK,investment,2026-05-06T09:16:26.550368,Intellia Therapeutics Stock Is Down Nearly 95% From Its Record Highs but Cathie Wood Keeps Buying,"Despite Intellia's severe stock drop from its 2021 peak, Cathie Wood is buying big.",2026-05-05T18:05:20Z,Barchart
ARKK,investment,2026-05-06T09:16:26.550370,Cathie Wood Is Shrugging Off CapEx Fears and Buying the Dip in Meta Platforms Stock,Cathie Wood's move signals that the market may be treating the spending surge as a temporary overhang on an otherwise intact long-term growth thesis.,2026-05-04T20:49:49Z,Barchart
GLD,investment,2026-05-06T09:16:26.643656,Update: Gold Rises As Treasury Yields Ease,"(Updates prices.) Gold traded higher midafternoon on Tuesday, rising off a five-week low as treas",2026-05-05T18:00:19Z,MT Newswires
GLD,investment,2026-05-06T09:16:26.643670,Gold Rises Early As Treasury Yields Ease,Gold prices rose off a five-week low early Tuesday as treasury yields eased off a 10-month high.,2026-05-05T13:08:16Z,MT Newswires
GLD,investment,2026-05-06T09:16:26.643673,"Exchange-Traded Funds, Equity Futures Higher Pre-Bell Tuesday Amid Corporate Earnings Rush",The broad market exchange-traded fund SPDR S&P 500 ETF Trust (SPY) was up 0.4% and the actively trad,2026-05-05T12:22:41Z,MT Newswires
SPY,investment,2026-05-06T09:16:35.068854,The Market Is Roaring. It’s Time to Bet Against It.,"After earnings season ends, there won‘t be much to entertain investors. Many of them perceive markets as a perpetual movie and themselves as cosplay characters.",2026-05-06T06:00:00Z,Barrons.com
SPY,investment,2026-05-06T09:16:35.068867,BlueChip Exits Full International Equity ETF Stake Worth $4 Million,"This ETF provides diversified international equity exposure, targeting investors seeking efficient access to global markets.",2026-05-05T18:52:49Z,Motley Fool
SPY,investment,2026-05-06T09:16:35.068870,"If Your Portfolio Is Too American, VXUS Is The Simple Fix","If you opened your brokerage statement this year and noticed your portfolio looked suspiciously like the S&P 500 with a few extra tech names sprinkled in, you are not alone. American investors have spent the last decade being rewarded for ignoring everything outside their own borders, and the muscle memory is hard to break. Vanguard ... If Your Portfolio Is Too American, VXUS Is The Simple Fix",2026-05-05T17:20:48Z,24/7 Wall St.
QQQ,investment,2026-05-06T09:16:35.151775,This ETF Is Are Outpacing Tech Stocks While Paying High Dividends,"You wouldn’t expect a fund stuffed with European utilities, tobacco companies, and Canadian fertilizer to keep pace with the Nasdaq-100 in 2026, but here we are. Fidelity International High Dividend ETF (NYSEARCA:FIDI) is up about 8% year-to-date, edging out Invesco QQQ Trust (NASDAQ:QQQ) at roughly 8% as well. The lead is small, and the one-year ... This ETF Is Are Outpacing Tech Stocks While Paying High Dividends",2026-05-05T17:33:55Z,24/7 Wall St.
QQQ,investment,2026-05-06T09:16:35.151788,Exchange-Traded Funds Rise as US Equities Advance After Midday,Broad Market Indicators Broad-market exchange-traded fund IWM and IVV were higher. Actively tr,2026-05-05T17:13:08Z,MT Newswires
QQQ,investment,2026-05-06T09:16:35.151792,Gratus Wealth Trims QQEW Stake by $22 Million -- Is Equal-Weight Nasdaq Still Worth Holding?,"This ETF tracks the Nasdaq-100 with an equal-weight strategy, offering diversified exposure to large-cap U.S. growth equities.",2026-05-05T15:29:54Z,Motley Fool
VTI,investment,2026-05-06T09:16:35.235589,The Cheap Way to Own the Entire U.S. Stock Market Right Now,You don't have to overthink investing. Keep it simple.,2026-05-04T10:01:00Z,Motley Fool
VTI,investment,2026-05-06T09:16:35.235592,Tech ETFs Dominate as $11.4B Floods Into U.S. Equity Funds,"<p>Here are the daily ETF fund flows for April 30, 2026.</p>",2026-04-30T21:00:04Z,etf.com
ARKK,investment,2026-05-06T09:16:35.329355,Cathie Wood Remains Convinced on CoreWeave After 78% YTD Rally in CRWV Stock,"Wood invested and divested CoreWeave, as the stock is up 78.65% this year.",2026-05-05T18:53:45Z,Barchart
ARKK,investment,2026-05-06T09:16:35.329369,Intellia Therapeutics Stock Is Down Nearly 95% From Its Record Highs but Cathie Wood Keeps Buying,"Despite Intellia's severe stock drop from its 2021 peak, Cathie Wood is buying big.",2026-05-05T18:05:20Z,Barchart
ARKK,investment,2026-05-06T09:16:35.329372,Cathie Wood Is Shrugging Off CapEx Fears and Buying the Dip in Meta Platforms Stock,Cathie Wood's move signals that the market may be treating the spending surge as a temporary overhang on an otherwise intact long-term growth thesis.,2026-05-04T20:49:49Z,Barchart
GLD,investment,2026-05-06T09:16:35.422392,Update: Gold Rises As Treasury Yields Ease,"(Updates prices.) Gold traded higher midafternoon on Tuesday, rising off a five-week low as treas",2026-05-05T18:00:19Z,MT Newswires
GLD,investment,2026-05-06T09:16:35.422406,Gold Rises Early As Treasury Yields Ease,Gold prices rose off a five-week low early Tuesday as treasury yields eased off a 10-month high.,2026-05-05T13:08:16Z,MT Newswires
GLD,investment,2026-05-06T09:16:35.422409,"Exchange-Traded Funds, Equity Futures Higher Pre-Bell Tuesday Amid Corporate Earnings Rush",The broad market exchange-traded fund SPDR S&P 500 ETF Trust (SPY) was up 0.4% and the actively trad,2026-05-05T12:22:41Z,MT Newswires
SPY,investment,2026-05-06T09:16:44.049116,The Market Is Roaring. It’s Time to Bet Against It.,"After earnings season ends, there won‘t be much to entertain investors. Many of them perceive markets as a perpetual movie and themselves as cosplay characters.",2026-05-06T06:00:00Z,Barrons.com
SPY,investment,2026-05-06T09:16:44.049129,BlueChip Exits Full International Equity ETF Stake Worth $4 Million,"This ETF provides diversified international equity exposure, targeting investors seeking efficient access to global markets.",2026-05-05T18:52:49Z,Motley Fool
SPY,investment,2026-05-06T09:16:44.049132,"If Your Portfolio Is Too American, VXUS Is The Simple Fix","If you opened your brokerage statement this year and noticed your portfolio looked suspiciously like the S&P 500 with a few extra tech names sprinkled in, you are not alone. American investors have spent the last decade being rewarded for ignoring everything outside their own borders, and the muscle memory is hard to break. Vanguard ... If Your Portfolio Is Too American, VXUS Is The Simple Fix",2026-05-05T17:20:48Z,24/7 Wall St.
QQQ,investment,2026-05-06T09:16:44.147263,This ETF Is Are Outpacing Tech Stocks While Paying High Dividends,"You wouldn’t expect a fund stuffed with European utilities, tobacco companies, and Canadian fertilizer to keep pace with the Nasdaq-100 in 2026, but here we are. Fidelity International High Dividend ETF (NYSEARCA:FIDI) is up about 8% year-to-date, edging out Invesco QQQ Trust (NASDAQ:QQQ) at roughly 8% as well. The lead is small, and the one-year ... This ETF Is Are Outpacing Tech Stocks While Paying High Dividends",2026-05-05T17:33:55Z,24/7 Wall St.
QQQ,investment,2026-05-06T09:16:44.147277,Exchange-Traded Funds Rise as US Equities Advance After Midday,Broad Market Indicators Broad-market exchange-traded fund IWM and IVV were higher. Actively tr,2026-05-05T17:13:08Z,MT Newswires
QQQ,investment,2026-05-06T09:16:44.147280,Gratus Wealth Trims QQEW Stake by $22 Million -- Is Equal-Weight Nasdaq Still Worth Holding?,"This ETF tracks the Nasdaq-100 with an equal-weight strategy, offering diversified exposure to large-cap U.S. growth equities.",2026-05-05T15:29:54Z,Motley Fool
VTI,investment,2026-05-06T09:16:44.238702,The Cheap Way to Own the Entire U.S. Stock Market Right Now,You don't have to overthink investing. Keep it simple.,2026-05-04T10:01:00Z,Motley Fool
VTI,investment,2026-05-06T09:16:44.238705,Tech ETFs Dominate as $11.4B Floods Into U.S. Equity Funds,"<p>Here are the daily ETF fund flows for April 30, 2026.</p>",2026-04-30T21:00:04Z,etf.com
ARKK,investment,2026-05-06T09:16:44.323755,Cathie Wood Remains Convinced on CoreWeave After 78% YTD Rally in CRWV Stock,"Wood invested and divested CoreWeave, as the stock is up 78.65% this year.",2026-05-05T18:53:45Z,Barchart
ARKK,investment,2026-05-06T09:16:44.323768,Intellia Therapeutics Stock Is Down Nearly 95% From Its Record Highs but Cathie Wood Keeps Buying,"Despite Intellia's severe stock drop from its 2021 peak, Cathie Wood is buying big.",2026-05-05T18:05:20Z,Barchart
ARKK,investment,2026-05-06T09:16:44.323771,Cathie Wood Is Shrugging Off CapEx Fears and Buying the Dip in Meta Platforms Stock,Cathie Wood's move signals that the market may be treating the spending surge as a temporary overhang on an otherwise intact long-term growth thesis.,2026-05-04T20:49:49Z,Barchart
GLD,investment,2026-05-06T09:16:44.411302,Update: Gold Rises As Treasury Yields Ease,"(Updates prices.) Gold traded higher midafternoon on Tuesday, rising off a five-week low as treas",2026-05-05T18:00:19Z,MT Newswires
GLD,investment,2026-05-06T09:16:44.411315,Gold Rises Early As Treasury Yields Ease,Gold prices rose off a five-week low early Tuesday as treasury yields eased off a 10-month high.,2026-05-05T13:08:16Z,MT Newswires
GLD,investment,2026-05-06T09:16:44.411318,"Exchange-Traded Funds, Equity Futures Higher Pre-Bell Tuesday Amid Corporate Earnings Rush",The broad market exchange-traded fund SPDR S&P 500 ETF Trust (SPY) was up 0.4% and the actively trad,2026-05-05T12:22:41Z,MT Newswires
SPY,investment,2026-05-06T09:16:53.500132,The Market Is Roaring. It’s Time to Bet Against It.,"After earnings season ends, there won‘t be much to entertain investors. Many of them perceive markets as a perpetual movie and themselves as cosplay characters.",2026-05-06T06:00:00Z,Barrons.com
SPY,investment,2026-05-06T09:16:53.500141,BlueChip Exits Full International Equity ETF Stake Worth $4 Million,"This ETF provides diversified international equity exposure, targeting investors seeking efficient access to global markets.",2026-05-05T18:52:49Z,Motley Fool
SPY,investment,2026-05-06T09:16:53.500144,"If Your Portfolio Is Too American, VXUS Is The Simple Fix","If you opened your brokerage statement this year and noticed your portfolio looked suspiciously like the S&P 500 with a few extra tech names sprinkled in, you are not alone. American investors have spent the last decade being rewarded for ignoring everything outside their own borders, and the muscle memory is hard to break. Vanguard ... If Your Portfolio Is Too American, VXUS Is The Simple Fix",2026-05-05T17:20:48Z,24/7 Wall St.
QQQ,investment,2026-05-06T09:16:53.603849,This ETF Is Are Outpacing Tech Stocks While Paying High Dividends,"You wouldn’t expect a fund stuffed with European utilities, tobacco companies, and Canadian fertilizer to keep pace with the Nasdaq-100 in 2026, but here we are. Fidelity International High Dividend ETF (NYSEARCA:FIDI) is up about 8% year-to-date, edging out Invesco QQQ Trust (NASDAQ:QQQ) at roughly 8% as well. The lead is small, and the one-year ... This ETF Is Are Outpacing Tech Stocks While Paying High Dividends",2026-05-05T17:33:55Z,24/7 Wall St.
QQQ,investment,2026-05-06T09:16:53.603863,Exchange-Traded Funds Rise as US Equities Advance After Midday,Broad Market Indicators Broad-market exchange-traded fund IWM and IVV were higher. Actively tr,2026-05-05T17:13:08Z,MT Newswires
QQQ,investment,2026-05-06T09:16:53.603866,Gratus Wealth Trims QQEW Stake by $22 Million -- Is Equal-Weight Nasdaq Still Worth Holding?,"This ETF tracks the Nasdaq-100 with an equal-weight strategy, offering diversified exposure to large-cap U.S. growth equities.",2026-05-05T15:29:54Z,Motley Fool
VTI,investment,2026-05-06T09:16:53.707669,The Cheap Way to Own the Entire U.S. Stock Market Right Now,You don't have to overthink investing. Keep it simple.,2026-05-04T10:01:00Z,Motley Fool
VTI,investment,2026-05-06T09:16:53.707672,Tech ETFs Dominate as $11.4B Floods Into U.S. Equity Funds,"<p>Here are the daily ETF fund flows for April 30, 2026.</p>",2026-04-30T21:00:04Z,etf.com
ARKK,investment,2026-05-06T09:16:53.799435,Cathie Wood Remains Convinced on CoreWeave After 78% YTD Rally in CRWV Stock,"Wood invested and divested CoreWeave, as the stock is up 78.65% this year.",2026-05-05T18:53:45Z,Barchart
ARKK,investment,2026-05-06T09:16:53.799442,Intellia Therapeutics Stock Is Down Nearly 95% From Its Record Highs but Cathie Wood Keeps Buying,"Despite Intellia's severe stock drop from its 2021 peak, Cathie Wood is buying big.",2026-05-05T18:05:20Z,Barchart
ARKK,investment,2026-05-06T09:16:53.799445,Cathie Wood Is Shrugging Off CapEx Fears and Buying the Dip in Meta Platforms Stock,Cathie Wood's move signals that the market may be treating the spending surge as a temporary overhang on an otherwise intact long-term growth thesis.,2026-05-04T20:49:49Z,Barchart
GLD,investment,2026-05-06T09:16:53.889389,Update: Gold Rises As Treasury Yields Ease,"(Updates prices.) Gold traded higher midafternoon on Tuesday, rising off a five-week low as treas",2026-05-05T18:00:19Z,MT Newswires
GLD,investment,2026-05-06T09:16:53.889396,Gold Rises Early As Treasury Yields Ease,Gold prices rose off a five-week low early Tuesday as treasury yields eased off a 10-month high.,2026-05-05T13:08:16Z,MT Newswires
GLD,investment,2026-05-06T09:16:53.889398,"Exchange-Traded Funds, Equity Futures Higher Pre-Bell Tuesday Amid Corporate Earnings Rush",The broad market exchange-traded fund SPDR S&P 500 ETF Trust (SPY) was up 0.4% and the actively trad,2026-05-05T12:22:41Z,MT Newswires
SPY,investment,2026-05-06T09:17:02.749902,The Market Is Roaring. It’s Time to Bet Against It.,"After earnings season ends, there won‘t be much to entertain investors. Many of them perceive markets as a perpetual movie and themselves as cosplay characters.",2026-05-06T06:00:00Z,Barrons.com
SPY,investment,2026-05-06T09:17:02.749911,BlueChip Exits Full International Equity ETF Stake Worth $4 Million,"This ETF provides diversified international equity exposure, targeting investors seeking efficient access to global markets.",2026-05-05T18:52:49Z,Motley Fool
SPY,investment,2026-05-06T09:17:02.749915,"If Your Portfolio Is Too American, VXUS Is The Simple Fix","If you opened your brokerage statement this year and noticed your portfolio looked suspiciously like the S&P 500 with a few extra tech names sprinkled in, you are not alone. American investors have spent the last decade being rewarded for ignoring everything outside their own borders, and the muscle memory is hard to break. Vanguard ... If Your Portfolio Is Too American, VXUS Is The Simple Fix",2026-05-05T17:20:48Z,24/7 Wall St.
QQQ,investment,2026-05-06T09:17:02.848453,This ETF Is Are Outpacing Tech Stocks While Paying High Dividends,"You wouldn’t expect a fund stuffed with European utilities, tobacco companies, and Canadian fertilizer to keep pace with the Nasdaq-100 in 2026, but here we are. Fidelity International High Dividend ETF (NYSEARCA:FIDI) is up about 8% year-to-date, edging out Invesco QQQ Trust (NASDAQ:QQQ) at roughly 8% as well. The lead is small, and the one-year ... This ETF Is Are Outpacing Tech Stocks While Paying High Dividends",2026-05-05T17:33:55Z,24/7 Wall St.
QQQ,investment,2026-05-06T09:17:02.848460,Exchange-Traded Funds Rise as US Equities Advance After Midday,Broad Market Indicators Broad-market exchange-traded fund IWM and IVV were higher. Actively tr,2026-05-05T17:13:08Z,MT Newswires
QQQ,investment,2026-05-06T09:17:02.848463,Gratus Wealth Trims QQEW Stake by $22 Million -- Is Equal-Weight Nasdaq Still Worth Holding?,"This ETF tracks the Nasdaq-100 with an equal-weight strategy, offering diversified exposure to large-cap U.S. growth equities.",2026-05-05T15:29:54Z,Motley Fool
VTI,investment,2026-05-06T09:17:02.936534,The Cheap Way to Own the Entire U.S. Stock Market Right Now,You don't have to overthink investing. Keep it simple.,2026-05-04T10:01:00Z,Motley Fool
VTI,investment,2026-05-06T09:17:02.936537,Tech ETFs Dominate as $11.4B Floods Into U.S. Equity Funds,"<p>Here are the daily ETF fund flows for April 30, 2026.</p>",2026-04-30T21:00:04Z,etf.com
ARKK,investment,2026-05-06T09:17:03.035567,Cathie Wood Remains Convinced on CoreWeave After 78% YTD Rally in CRWV Stock,"Wood invested and divested CoreWeave, as the stock is up 78.65% this year.",2026-05-05T18:53:45Z,Barchart
ARKK,investment,2026-05-06T09:17:03.035574,Intellia Therapeutics Stock Is Down Nearly 95% From Its Record Highs but Cathie Wood Keeps Buying,"Despite Intellia's severe stock drop from its 2021 peak, Cathie Wood is buying big.",2026-05-05T18:05:20Z,Barchart
ARKK,investment,2026-05-06T09:17:03.035577,Cathie Wood Is Shrugging Off CapEx Fears and Buying the Dip in Meta Platforms Stock,Cathie Wood's move signals that the market may be treating the spending surge as a temporary overhang on an otherwise intact long-term growth thesis.,2026-05-04T20:49:49Z,Barchart
GLD,investment,2026-05-06T09:17:03.134824,Update: Gold Rises As Treasury Yields Ease,"(Updates prices.) Gold traded higher midafternoon on Tuesday, rising off a five-week low as treas",2026-05-05T18:00:19Z,MT Newswires
GLD,investment,2026-05-06T09:17:03.134832,Gold Rises Early As Treasury Yields Ease,Gold prices rose off a five-week low early Tuesday as treasury yields eased off a 10-month high.,2026-05-05T13:08:16Z,MT Newswires
GLD,investment,2026-05-06T09:17:03.134835,"Exchange-Traded Funds, Equity Futures Higher Pre-Bell Tuesday Amid Corporate Earnings Rush",The broad market exchange-traded fund SPDR S&P 500 ETF Trust (SPY) was up 0.4% and the actively trad,2026-05-05T12:22:41Z,MT Newswires
SPY,investment,2026-05-06T09:17:11.694217,The Market Is Roaring. It’s Time to Bet Against It.,"After earnings season ends, there won‘t be much to entertain investors. Many of them perceive markets as a perpetual movie and themselves as cosplay characters.",2026-05-06T06:00:00Z,Barrons.com
SPY,investment,2026-05-06T09:17:11.694229,BlueChip Exits Full International Equity ETF Stake Worth $4 Million,"This ETF provides diversified international equity exposure, targeting investors seeking efficient access to global markets.",2026-05-05T18:52:49Z,Motley Fool
SPY,investment,2026-05-06T09:17:11.694232,"If Your Portfolio Is Too American, VXUS Is The Simple Fix","If you opened your brokerage statement this year and noticed your portfolio looked suspiciously like the S&P 500 with a few extra tech names sprinkled in, you are not alone. American investors have spent the last decade being rewarded for ignoring everything outside their own borders, and the muscle memory is hard to break. Vanguard ... If Your Portfolio Is Too American, VXUS Is The Simple Fix",2026-05-05T17:20:48Z,24/7 Wall St.
QQQ,investment,2026-05-06T09:17:11.781792,This ETF Is Are Outpacing Tech Stocks While Paying High Dividends,"You wouldn’t expect a fund stuffed with European utilities, tobacco companies, and Canadian fertilizer to keep pace with the Nasdaq-100 in 2026, but here we are. Fidelity International High Dividend ETF (NYSEARCA:FIDI) is up about 8% year-to-date, edging out Invesco QQQ Trust (NASDAQ:QQQ) at roughly 8% as well. The lead is small, and the one-year ... This ETF Is Are Outpacing Tech Stocks While Paying High Dividends",2026-05-05T17:33:55Z,24/7 Wall St.
QQQ,investment,2026-05-06T09:17:11.781804,Exchange-Traded Funds Rise as US Equities Advance After Midday,Broad Market Indicators Broad-market exchange-traded fund IWM and IVV were higher. Actively tr,2026-05-05T17:13:08Z,MT Newswires
QQQ,investment,2026-05-06T09:17:11.781807,Gratus Wealth Trims QQEW Stake by $22 Million -- Is Equal-Weight Nasdaq Still Worth Holding?,"This ETF tracks the Nasdaq-100 with an equal-weight strategy, offering diversified exposure to large-cap U.S. growth equities.",2026-05-05T15:29:54Z,Motley Fool
VTI,investment,2026-05-06T09:17:11.871492,The Cheap Way to Own the Entire U.S. Stock Market Right Now,You don't have to overthink investing. Keep it simple.,2026-05-04T10:01:00Z,Motley Fool
VTI,investment,2026-05-06T09:17:11.871494,Tech ETFs Dominate as $11.4B Floods Into U.S. Equity Funds,"<p>Here are the daily ETF fund flows for April 30, 2026.</p>",2026-04-30T21:00:04Z,etf.com
ARKK,investment,2026-05-06T09:17:11.958887,Cathie Wood Remains Convinced on CoreWeave After 78% YTD Rally in CRWV Stock,"Wood invested and divested CoreWeave, as the stock is up 78.65% this year.",2026-05-05T18:53:45Z,Barchart
ARKK,investment,2026-05-06T09:17:11.958901,Intellia Therapeutics Stock Is Down Nearly 95% From Its Record Highs but Cathie Wood Keeps Buying,"Despite Intellia's severe stock drop from its 2021 peak, Cathie Wood is buying big.",2026-05-05T18:05:20Z,Barchart
ARKK,investment,2026-05-06T09:17:11.958903,Cathie Wood Is Shrugging Off CapEx Fears and Buying the Dip in Meta Platforms Stock,Cathie Wood's move signals that the market may be treating the spending surge as a temporary overhang on an otherwise intact long-term growth thesis.,2026-05-04T20:49:49Z,Barchart
GLD,investment,2026-05-06T09:17:12.093813,Update: Gold Rises As Treasury Yields Ease,"(Updates prices.) Gold traded higher midafternoon on Tuesday, rising off a five-week low as treas",2026-05-05T18:00:19Z,MT Newswires
GLD,investment,2026-05-06T09:17:12.093826,Gold Rises Early As Treasury Yields Ease,Gold prices rose off a five-week low early Tuesday as treasury yields eased off a 10-month high.,2026-05-05T13:08:16Z,MT Newswires
GLD,investment,2026-05-06T09:17:12.093829,"Exchange-Traded Funds, Equity Futures Higher Pre-Bell Tuesday Amid Corporate Earnings Rush",The broad market exchange-traded fund SPDR S&P 500 ETF Trust (SPY) was up 0.4% and the actively trad,2026-05-05T12:22:41Z,MT Newswires
SPY,investment,2026-05-06T09:17:20.564886,The Market Is Roaring. It’s Time to Bet Against It.,"After earnings season ends, there won‘t be much to entertain investors. Many of them perceive markets as a perpetual movie and themselves as cosplay characters.",2026-05-06T06:00:00Z,Barrons.com
SPY,investment,2026-05-06T09:17:20.564900,BlueChip Exits Full International Equity ETF Stake Worth $4 Million,"This ETF provides diversified international equity exposure, targeting investors seeking efficient access to global markets.",2026-05-05T18:52:49Z,Motley Fool
SPY,investment,2026-05-06T09:17:20.564903,"If Your Portfolio Is Too American, VXUS Is The Simple Fix","If you opened your brokerage statement this year and noticed your portfolio looked suspiciously like the S&P 500 with a few extra tech names sprinkled in, you are not alone. American investors have spent the last decade being rewarded for ignoring everything outside their own borders, and the muscle memory is hard to break. Vanguard ... If Your Portfolio Is Too American, VXUS Is The Simple Fix",2026-05-05T17:20:48Z,24/7 Wall St.
QQQ,investment,2026-05-06T09:17:20.654219,This ETF Is Are Outpacing Tech Stocks While Paying High Dividends,"You wouldn’t expect a fund stuffed with European utilities, tobacco companies, and Canadian fertilizer to keep pace with the Nasdaq-100 in 2026, but here we are. Fidelity International High Dividend ETF (NYSEARCA:FIDI) is up about 8% year-to-date, edging out Invesco QQQ Trust (NASDAQ:QQQ) at roughly 8% as well. The lead is small, and the one-year ... This ETF Is Are Outpacing Tech Stocks While Paying High Dividends",2026-05-05T17:33:55Z,24/7 Wall St.
QQQ,investment,2026-05-06T09:17:20.654232,Exchange-Traded Funds Rise as US Equities Advance After Midday,Broad Market Indicators Broad-market exchange-traded fund IWM and IVV were higher. Actively tr,2026-05-05T17:13:08Z,MT Newswires
QQQ,investment,2026-05-06T09:17:20.654236,Gratus Wealth Trims QQEW Stake by $22 Million -- Is Equal-Weight Nasdaq Still Worth Holding?,"This ETF tracks the Nasdaq-100 with an equal-weight strategy, offering diversified exposure to large-cap U.S. growth equities.",2026-05-05T15:29:54Z,Motley Fool
VTI,investment,2026-05-06T09:17:20.796460,The Cheap Way to Own the Entire U.S. Stock Market Right Now,You don't have to overthink investing. Keep it simple.,2026-05-04T10:01:00Z,Motley Fool
VTI,investment,2026-05-06T09:17:20.796463,Tech ETFs Dominate as $11.4B Floods Into U.S. Equity Funds,"<p>Here are the daily ETF fund flows for April 30, 2026.</p>",2026-04-30T21:00:04Z,etf.com
ARKK,investment,2026-05-06T09:17:20.896426,Cathie Wood Remains Convinced on CoreWeave After 78% YTD Rally in CRWV Stock,"Wood invested and divested CoreWeave, as the stock is up 78.65% this year.",2026-05-05T18:53:45Z,Barchart
ARKK,investment,2026-05-06T09:17:20.896439,Intellia Therapeutics Stock Is Down Nearly 95% From Its Record Highs but Cathie Wood Keeps Buying,"Despite Intellia's severe stock drop from its 2021 peak, Cathie Wood is buying big.",2026-05-05T18:05:20Z,Barchart
ARKK,investment,2026-05-06T09:17:20.896442,Cathie Wood Is Shrugging Off CapEx Fears and Buying the Dip in Meta Platforms Stock,Cathie Wood's move signals that the market may be treating the spending surge as a temporary overhang on an otherwise intact long-term growth thesis.,2026-05-04T20:49:49Z,Barchart
GLD,investment,2026-05-06T09:17:20.989842,Update: Gold Rises As Treasury Yields Ease,"(Updates prices.) Gold traded higher midafternoon on Tuesday, rising off a five-week low as treas",2026-05-05T18:00:19Z,MT Newswires
GLD,investment,2026-05-06T09:17:20.989857,Gold Rises Early As Treasury Yields Ease,Gold prices rose off a five-week low early Tuesday as treasury yields eased off a 10-month high.,2026-05-05T13:08:16Z,MT Newswires
GLD,investment,2026-05-06T09:17:20.989859,"Exchange-Traded Funds, Equity Futures Higher Pre-Bell Tuesday Amid Corporate Earnings Rush",The broad market exchange-traded fund SPDR S&P 500 ETF Trust (SPY) was up 0.4% and the actively trad,2026-05-05T12:22:41Z,MT Newswires
SPY,investment,2026-05-06T12:12:07.678823,"Stock Market Today: Dow Jumps, Oil Prices Plunge On U.S.-Iran Deal Hopes; AMD Surges On Earnings (Live Coverage)",Stock Market Today: The Dow Jones index jumped Wednesday on hopes of a U.S.-Iran deal. AMD stock soared on earnings.,2026-05-06T11:59:41Z,Investor's Business Daily
SPY,investment,2026-05-06T12:12:07.678831,The Market Is Roaring. It’s Time to Bet Against It.,"After earnings season ends, there won‘t be much to entertain investors. Many of them perceive markets as a perpetual movie and themselves as cosplay characters.",2026-05-06T06:00:00Z,Barrons.com
SPY,investment,2026-05-06T12:12:07.678834,BlueChip Exits Full International Equity ETF Stake Worth $4 Million,"This ETF provides diversified international equity exposure, targeting investors seeking efficient access to global markets.",2026-05-05T18:52:49Z,Motley Fool
QQQ,investment,2026-05-06T12:12:07.800094,This ETF Is Are Outpacing Tech Stocks While Paying High Dividends,"You wouldn’t expect a fund stuffed with European utilities, tobacco companies, and Canadian fertilizer to keep pace with the Nasdaq-100 in 2026, but here we are. Fidelity International High Dividend ETF (NYSEARCA:FIDI) is up about 8% year-to-date, edging out Invesco QQQ Trust (NASDAQ:QQQ) at roughly 8% as well. The lead is small, and the one-year ... This ETF Is Are Outpacing Tech Stocks While Paying High Dividends",2026-05-05T17:33:55Z,24/7 Wall St.
QQQ,investment,2026-05-06T12:12:07.800097,Exchange-Traded Funds Rise as US Equities Advance After Midday,Broad Market Indicators Broad-market exchange-traded fund IWM and IVV were higher. Actively tr,2026-05-05T17:13:08Z,MT Newswires
VTI,investment,2026-05-06T12:12:07.904968,"If Your Portfolio Is Too American, VXUS Is The Simple Fix","If you opened your brokerage statement this year and noticed your portfolio looked suspiciously like the S&P 500 with a few extra tech names sprinkled in, you are not alone. American investors have spent the last decade being rewarded for ignoring everything outside their own borders, and the muscle memory is hard to break. Vanguard ... If Your Portfolio Is Too American, VXUS Is The Simple Fix",2026-05-05T17:20:48Z,24/7 Wall St.
VTI,investment,2026-05-06T12:12:07.904975,The Cheap Way to Own the Entire U.S. Stock Market Right Now,You don't have to overthink investing. Keep it simple.,2026-05-04T10:01:00Z,Motley Fool
VTI,investment,2026-05-06T12:12:07.904978,Tech ETFs Dominate as $11.4B Floods Into U.S. Equity Funds,"<p>Here are the daily ETF fund flows for April 30, 2026.</p>",2026-04-30T21:00:04Z,etf.com
ARKK,investment,2026-05-06T12:12:08.063913,Cathie Wood Remains Convinced on CoreWeave After 78% YTD Rally in CRWV Stock,"Wood invested and divested CoreWeave, as the stock is up 78.65% this year.",2026-05-05T18:53:45Z,Barchart
ARKK,investment,2026-05-06T12:12:08.063921,Intellia Therapeutics Stock Is Down Nearly 95% From Its Record Highs but Cathie Wood Keeps Buying,"Despite Intellia's severe stock drop from its 2021 peak, Cathie Wood is buying big.",2026-05-05T18:05:20Z,Barchart
ARKK,investment,2026-05-06T12:12:08.063933,Cathie Wood Is Shrugging Off CapEx Fears and Buying the Dip in Meta Platforms Stock,Cathie Wood's move signals that the market may be treating the spending surge as a temporary overhang on an otherwise intact long-term growth thesis.,2026-05-04T20:49:49Z,Barchart
GLD,investment,2026-05-06T12:12:08.175658,IAU Returned 42% in a Year of Sticky Inflation. Here’s Why Allocators Are Reconsidering Gold,"Gold has done exactly what its defenders promised over the past year, and the numbers explain why allocators are revisiting the metal as a real portfolio building block. iShares Gold Trust (NYSEARCA:IAU) returned 42% in the twelve months through May 1, 2026, a stretch that overlapped with sticky core inflation, three Federal Reserve rate cuts, ... IAU Returned 42% in a Year of Sticky Inflation. Here’s Why Allocators Are Reconsidering Gold",2026-05-06T09:30:23Z,24/7 Wall St.
GLD,investment,2026-05-06T12:12:08.175664,Update: Gold Rises As Treasury Yields Ease,"(Updates prices.) Gold traded higher midafternoon on Tuesday, rising off a five-week low as treas",2026-05-05T18:00:19Z,MT Newswires
GLD,investment,2026-05-06T12:12:08.175667,Gold Rises Early As Treasury Yields Ease,Gold prices rose off a five-week low early Tuesday as treasury yields eased off a 10-month high.,2026-05-05T13:08:16Z,MT Newswires
SPY,investment,2026-05-06T12:12:18.840857,"Stock Market Today: Dow Jumps, Oil Prices Plunge On U.S.-Iran Deal Hopes; AMD Surges On Earnings (Live Coverage)",Stock Market Today: The Dow Jones index jumped Wednesday on hopes of a U.S.-Iran deal. AMD stock soared on earnings.,2026-05-06T11:59:41Z,Investor's Business Daily
SPY,investment,2026-05-06T12:12:18.840870,The Market Is Roaring. It’s Time to Bet Against It.,"After earnings season ends, there won‘t be much to entertain investors. Many of them perceive markets as a perpetual movie and themselves as cosplay characters.",2026-05-06T06:00:00Z,Barrons.com
SPY,investment,2026-05-06T12:12:18.840872,BlueChip Exits Full International Equity ETF Stake Worth $4 Million,"This ETF provides diversified international equity exposure, targeting investors seeking efficient access to global markets.",2026-05-05T18:52:49Z,Motley Fool
QQQ,investment,2026-05-06T12:12:18.943753,This ETF Is Are Outpacing Tech Stocks While Paying High Dividends,"You wouldn’t expect a fund stuffed with European utilities, tobacco companies, and Canadian fertilizer to keep pace with the Nasdaq-100 in 2026, but here we are. Fidelity International High Dividend ETF (NYSEARCA:FIDI) is up about 8% year-to-date, edging out Invesco QQQ Trust (NASDAQ:QQQ) at roughly 8% as well. The lead is small, and the one-year ... This ETF Is Are Outpacing Tech Stocks While Paying High Dividends",2026-05-05T17:33:55Z,24/7 Wall St.
QQQ,investment,2026-05-06T12:12:18.943756,Exchange-Traded Funds Rise as US Equities Advance After Midday,Broad Market Indicators Broad-market exchange-traded fund IWM and IVV were higher. Actively tr,2026-05-05T17:13:08Z,MT Newswires
VTI,investment,2026-05-06T12:12:19.047836,"If Your Portfolio Is Too American, VXUS Is The Simple Fix","If you opened your brokerage statement this year and noticed your portfolio looked suspiciously like the S&P 500 with a few extra tech names sprinkled in, you are not alone. American investors have spent the last decade being rewarded for ignoring everything outside their own borders, and the muscle memory is hard to break. Vanguard ... If Your Portfolio Is Too American, VXUS Is The Simple Fix",2026-05-05T17:20:48Z,24/7 Wall St.
VTI,investment,2026-05-06T12:12:19.047847,The Cheap Way to Own the Entire U.S. Stock Market Right Now,You don't have to overthink investing. Keep it simple.,2026-05-04T10:01:00Z,Motley Fool
VTI,investment,2026-05-06T12:12:19.047849,Tech ETFs Dominate as $11.4B Floods Into U.S. Equity Funds,"<p>Here are the daily ETF fund flows for April 30, 2026.</p>",2026-04-30T21:00:04Z,etf.com
ARKK,investment,2026-05-06T12:12:19.211381,Cathie Wood Remains Convinced on CoreWeave After 78% YTD Rally in CRWV Stock,"Wood invested and divested CoreWeave, as the stock is up 78.65% this year.",2026-05-05T18:53:45Z,Barchart
ARKK,investment,2026-05-06T12:12:19.211394,Intellia Therapeutics Stock Is Down Nearly 95% From Its Record Highs but Cathie Wood Keeps Buying,"Despite Intellia's severe stock drop from its 2021 peak, Cathie Wood is buying big.",2026-05-05T18:05:20Z,Barchart
ARKK,investment,2026-05-06T12:12:19.211396,Cathie Wood Is Shrugging Off CapEx Fears and Buying the Dip in Meta Platforms Stock,Cathie Wood's move signals that the market may be treating the spending surge as a temporary overhang on an otherwise intact long-term growth thesis.,2026-05-04T20:49:49Z,Barchart
GLD,investment,2026-05-06T12:12:19.312629,IAU Returned 42% in a Year of Sticky Inflation. Here’s Why Allocators Are Reconsidering Gold,"Gold has done exactly what its defenders promised over the past year, and the numbers explain why allocators are revisiting the metal as a real portfolio building block. iShares Gold Trust (NYSEARCA:IAU) returned 42% in the twelve months through May 1, 2026, a stretch that overlapped with sticky core inflation, three Federal Reserve rate cuts, ... IAU Returned 42% in a Year of Sticky Inflation. Here’s Why Allocators Are Reconsidering Gold",2026-05-06T09:30:23Z,24/7 Wall St.
GLD,investment,2026-05-06T12:12:19.312640,Update: Gold Rises As Treasury Yields Ease,"(Updates prices.) Gold traded higher midafternoon on Tuesday, rising off a five-week low as treas",2026-05-05T18:00:19Z,MT Newswires
GLD,investment,2026-05-06T12:12:19.312643,Gold Rises Early As Treasury Yields Ease,Gold prices rose off a five-week low early Tuesday as treasury yields eased off a 10-month high.,2026-05-05T13:08:16Z,MT Newswires
SPY,investment,2026-05-06T12:12:29.893962,"Stock Market Today: Dow Jumps, Oil Prices Plunge On U.S.-Iran Deal Hopes; AMD Surges On Earnings (Live Coverage)",Stock Market Today: The Dow Jones index jumped Wednesday on hopes of a U.S.-Iran deal. AMD stock soared on earnings.,2026-05-06T11:59:41Z,Investor's Business Daily
SPY,investment,2026-05-06T12:12:29.893968,The Market Is Roaring. It’s Time to Bet Against It.,"After earnings season ends, there won‘t be much to entertain investors. Many of them perceive markets as a perpetual movie and themselves as cosplay characters.",2026-05-06T06:00:00Z,Barrons.com
SPY,investment,2026-05-06T12:12:29.893970,BlueChip Exits Full International Equity ETF Stake Worth $4 Million,"This ETF provides diversified international equity exposure, targeting investors seeking efficient access to global markets.",2026-05-05T18:52:49Z,Motley Fool
QQQ,investment,2026-05-06T12:12:30.026985,This ETF Is Are Outpacing Tech Stocks While Paying High Dividends,"You wouldn’t expect a fund stuffed with European utilities, tobacco companies, and Canadian fertilizer to keep pace with the Nasdaq-100 in 2026, but here we are. Fidelity International High Dividend ETF (NYSEARCA:FIDI) is up about 8% year-to-date, edging out Invesco QQQ Trust (NASDAQ:QQQ) at roughly 8% as well. The lead is small, and the one-year ... This ETF Is Are Outpacing Tech Stocks While Paying High Dividends",2026-05-05T17:33:55Z,24/7 Wall St.
QQQ,investment,2026-05-06T12:12:30.026988,Exchange-Traded Funds Rise as US Equities Advance After Midday,Broad Market Indicators Broad-market exchange-traded fund IWM and IVV were higher. Actively tr,2026-05-05T17:13:08Z,MT Newswires
VTI,investment,2026-05-06T12:12:30.137985,"If Your Portfolio Is Too American, VXUS Is The Simple Fix","If you opened your brokerage statement this year and noticed your portfolio looked suspiciously like the S&P 500 with a few extra tech names sprinkled in, you are not alone. American investors have spent the last decade being rewarded for ignoring everything outside their own borders, and the muscle memory is hard to break. Vanguard ... If Your Portfolio Is Too American, VXUS Is The Simple Fix",2026-05-05T17:20:48Z,24/7 Wall St.
VTI,investment,2026-05-06T12:12:30.137995,The Cheap Way to Own the Entire U.S. Stock Market Right Now,You don't have to overthink investing. Keep it simple.,2026-05-04T10:01:00Z,Motley Fool
VTI,investment,2026-05-06T12:12:30.137997,Tech ETFs Dominate as $11.4B Floods Into U.S. Equity Funds,"<p>Here are the daily ETF fund flows for April 30, 2026.</p>",2026-04-30T21:00:04Z,etf.com
ARKK,investment,2026-05-06T12:12:30.264493,Cathie Wood Remains Convinced on CoreWeave After 78% YTD Rally in CRWV Stock,"Wood invested and divested CoreWeave, as the stock is up 78.65% this year.",2026-05-05T18:53:45Z,Barchart
ARKK,investment,2026-05-06T12:12:30.264505,Intellia Therapeutics Stock Is Down Nearly 95% From Its Record Highs but Cathie Wood Keeps Buying,"Despite Intellia's severe stock drop from its 2021 peak, Cathie Wood is buying big.",2026-05-05T18:05:20Z,Barchart
ARKK,investment,2026-05-06T12:12:30.264509,Cathie Wood Is Shrugging Off CapEx Fears and Buying the Dip in Meta Platforms Stock,Cathie Wood's move signals that the market may be treating the spending surge as a temporary overhang on an otherwise intact long-term growth thesis.,2026-05-04T20:49:49Z,Barchart
GLD,investment,2026-05-06T12:12:30.409979,IAU Returned 42% in a Year of Sticky Inflation. Here’s Why Allocators Are Reconsidering Gold,"Gold has done exactly what its defenders promised over the past year, and the numbers explain why allocators are revisiting the metal as a real portfolio building block. iShares Gold Trust (NYSEARCA:IAU) returned 42% in the twelve months through May 1, 2026, a stretch that overlapped with sticky core inflation, three Federal Reserve rate cuts, ... IAU Returned 42% in a Year of Sticky Inflation. Here’s Why Allocators Are Reconsidering Gold",2026-05-06T09:30:23Z,24/7 Wall St.
GLD,investment,2026-05-06T12:12:30.409986,Update: Gold Rises As Treasury Yields Ease,"(Updates prices.) Gold traded higher midafternoon on Tuesday, rising off a five-week low as treas",2026-05-05T18:00:19Z,MT Newswires
GLD,investment,2026-05-06T12:12:30.409988,Gold Rises Early As Treasury Yields Ease,Gold prices rose off a five-week low early Tuesday as treasury yields eased off a 10-month high.,2026-05-05T13:08:16Z,MT Newswires
SPY,investment,2026-05-06T12:12:41.362682,"Stock Market Today: Dow Jumps, Oil Prices Plunge On U.S.-Iran Deal Hopes; AMD Surges On Earnings (Live Coverage)",Stock Market Today: The Dow Jones index jumped Wednesday on hopes of a U.S.-Iran deal. AMD stock soared on earnings.,2026-05-06T11:59:41Z,Investor's Business Daily
SPY,investment,2026-05-06T12:12:41.362692,The Market Is Roaring. It’s Time to Bet Against It.,"After earnings season ends, there won‘t be much to entertain investors. Many of them perceive markets as a perpetual movie and themselves as cosplay characters.",2026-05-06T06:00:00Z,Barrons.com
SPY,investment,2026-05-06T12:12:41.362694,BlueChip Exits Full International Equity ETF Stake Worth $4 Million,"This ETF provides diversified international equity exposure, targeting investors seeking efficient access to global markets.",2026-05-05T18:52:49Z,Motley Fool
QQQ,investment,2026-05-06T12:12:41.492786,This ETF Is Are Outpacing Tech Stocks While Paying High Dividends,"You wouldn’t expect a fund stuffed with European utilities, tobacco companies, and Canadian fertilizer to keep pace with the Nasdaq-100 in 2026, but here we are. Fidelity International High Dividend ETF (NYSEARCA:FIDI) is up about 8% year-to-date, edging out Invesco QQQ Trust (NASDAQ:QQQ) at roughly 8% as well. The lead is small, and the one-year ... This ETF Is Are Outpacing Tech Stocks While Paying High Dividends",2026-05-05T17:33:55Z,24/7 Wall St.
QQQ,investment,2026-05-06T12:12:41.492788,Exchange-Traded Funds Rise as US Equities Advance After Midday,Broad Market Indicators Broad-market exchange-traded fund IWM and IVV were higher. Actively tr,2026-05-05T17:13:08Z,MT Newswires
VTI,investment,2026-05-06T12:12:41.646985,"If Your Portfolio Is Too American, VXUS Is The Simple Fix","If you opened your brokerage statement this year and noticed your portfolio looked suspiciously like the S&P 500 with a few extra tech names sprinkled in, you are not alone. American investors have spent the last decade being rewarded for ignoring everything outside their own borders, and the muscle memory is hard to break. Vanguard ... If Your Portfolio Is Too American, VXUS Is The Simple Fix",2026-05-05T17:20:48Z,24/7 Wall St.
VTI,investment,2026-05-06T12:12:41.646992,The Cheap Way to Own the Entire U.S. Stock Market Right Now,You don't have to overthink investing. Keep it simple.,2026-05-04T10:01:00Z,Motley Fool
VTI,investment,2026-05-06T12:12:41.646994,Tech ETFs Dominate as $11.4B Floods Into U.S. Equity Funds,"<p>Here are the daily ETF fund flows for April 30, 2026.</p>",2026-04-30T21:00:04Z,etf.com
ARKK,investment,2026-05-06T12:12:41.782811,Cathie Wood Remains Convinced on CoreWeave After 78% YTD Rally in CRWV Stock,"Wood invested and divested CoreWeave, as the stock is up 78.65% this year.",2026-05-05T18:53:45Z,Barchart
ARKK,investment,2026-05-06T12:12:41.782818,Intellia Therapeutics Stock Is Down Nearly 95% From Its Record Highs but Cathie Wood Keeps Buying,"Despite Intellia's severe stock drop from its 2021 peak, Cathie Wood is buying big.",2026-05-05T18:05:20Z,Barchart
ARKK,investment,2026-05-06T12:12:41.782821,Cathie Wood Is Shrugging Off CapEx Fears and Buying the Dip in Meta Platforms Stock,Cathie Wood's move signals that the market may be treating the spending surge as a temporary overhang on an otherwise intact long-term growth thesis.,2026-05-04T20:49:49Z,Barchart
GLD,investment,2026-05-06T12:12:41.910465,IAU Returned 42% in a Year of Sticky Inflation. Here’s Why Allocators Are Reconsidering Gold,"Gold has done exactly what its defenders promised over the past year, and the numbers explain why allocators are revisiting the metal as a real portfolio building block. iShares Gold Trust (NYSEARCA:IAU) returned 42% in the twelve months through May 1, 2026, a stretch that overlapped with sticky core inflation, three Federal Reserve rate cuts, ... IAU Returned 42% in a Year of Sticky Inflation. Here’s Why Allocators Are Reconsidering Gold",2026-05-06T09:30:23Z,24/7 Wall St.
GLD,investment,2026-05-06T12:12:41.910473,Update: Gold Rises As Treasury Yields Ease,"(Updates prices.) Gold traded higher midafternoon on Tuesday, rising off a five-week low as treas",2026-05-05T18:00:19Z,MT Newswires
GLD,investment,2026-05-06T12:12:41.910476,Gold Rises Early As Treasury Yields Ease,Gold prices rose off a five-week low early Tuesday as treasury yields eased off a 10-month high.,2026-05-05T13:08:16Z,MT Newswires
SPY,investment,2026-05-06T12:12:53.174175,"Stock Market Today: Dow Jumps, Oil Prices Plunge On U.S.-Iran Deal Hopes; AMD Surges On Earnings (Live Coverage)",Stock Market Today: The Dow Jones index jumped Wednesday on hopes of a U.S.-Iran deal. AMD stock soared on earnings.,2026-05-06T11:59:41Z,Investor's Business Daily
SPY,investment,2026-05-06T12:12:53.174186,The Market Is Roaring. It’s Time to Bet Against It.,"After earnings season ends, there won‘t be much to entertain investors. Many of them perceive markets as a perpetual movie and themselves as cosplay characters.",2026-05-06T06:00:00Z,Barrons.com
SPY,investment,2026-05-06T12:12:53.174188,BlueChip Exits Full International Equity ETF Stake Worth $4 Million,"This ETF provides diversified international equity exposure, targeting investors seeking efficient access to global markets.",2026-05-05T18:52:49Z,Motley Fool
QQQ,investment,2026-05-06T12:12:53.311894,This ETF Is Are Outpacing Tech Stocks While Paying High Dividends,"You wouldn’t expect a fund stuffed with European utilities, tobacco companies, and Canadian fertilizer to keep pace with the Nasdaq-100 in 2026, but here we are. Fidelity International High Dividend ETF (NYSEARCA:FIDI) is up about 8% year-to-date, edging out Invesco QQQ Trust (NASDAQ:QQQ) at roughly 8% as well. The lead is small, and the one-year ... This ETF Is Are Outpacing Tech Stocks While Paying High Dividends",2026-05-05T17:33:55Z,24/7 Wall St.
QQQ,investment,2026-05-06T12:12:53.311897,Exchange-Traded Funds Rise as US Equities Advance After Midday,Broad Market Indicators Broad-market exchange-traded fund IWM and IVV were higher. Actively tr,2026-05-05T17:13:08Z,MT Newswires
VTI,investment,2026-05-06T12:12:53.465785,"If Your Portfolio Is Too American, VXUS Is The Simple Fix","If you opened your brokerage statement this year and noticed your portfolio looked suspiciously like the S&P 500 with a few extra tech names sprinkled in, you are not alone. American investors have spent the last decade being rewarded for ignoring everything outside their own borders, and the muscle memory is hard to break. Vanguard ... If Your Portfolio Is Too American, VXUS Is The Simple Fix",2026-05-05T17:20:48Z,24/7 Wall St.
VTI,investment,2026-05-06T12:12:53.465796,The Cheap Way to Own the Entire U.S. Stock Market Right Now,You don't have to overthink investing. Keep it simple.,2026-05-04T10:01:00Z,Motley Fool
VTI,investment,2026-05-06T12:12:53.465800,Tech ETFs Dominate as $11.4B Floods Into U.S. Equity Funds,"<p>Here are the daily ETF fund flows for April 30, 2026.</p>",2026-04-30T21:00:04Z,etf.com
ARKK,investment,2026-05-06T12:12:53.653795,Cathie Wood Remains Convinced on CoreWeave After 78% YTD Rally in CRWV Stock,"Wood invested and divested CoreWeave, as the stock is up 78.65% this year.",2026-05-05T18:53:45Z,Barchart
ARKK,investment,2026-05-06T12:12:53.653802,Intellia Therapeutics Stock Is Down Nearly 95% From Its Record Highs but Cathie Wood Keeps Buying,"Despite Intellia's severe stock drop from its 2021 peak, Cathie Wood is buying big.",2026-05-05T18:05:20Z,Barchart
ARKK,investment,2026-05-06T12:12:53.653804,Cathie Wood Is Shrugging Off CapEx Fears and Buying the Dip in Meta Platforms Stock,Cathie Wood's move signals that the market may be treating the spending surge as a temporary overhang on an otherwise intact long-term growth thesis.,2026-05-04T20:49:49Z,Barchart
GLD,investment,2026-05-06T12:12:53.876073,IAU Returned 42% in a Year of Sticky Inflation. Here’s Why Allocators Are Reconsidering Gold,"Gold has done exactly what its defenders promised over the past year, and the numbers explain why allocators are revisiting the metal as a real portfolio building block. iShares Gold Trust (NYSEARCA:IAU) returned 42% in the twelve months through May 1, 2026, a stretch that overlapped with sticky core inflation, three Federal Reserve rate cuts, ... IAU Returned 42% in a Year of Sticky Inflation. Here’s Why Allocators Are Reconsidering Gold",2026-05-06T09:30:23Z,24/7 Wall St.
GLD,investment,2026-05-06T12:12:53.876080,Update: Gold Rises As Treasury Yields Ease,"(Updates prices.) Gold traded higher midafternoon on Tuesday, rising off a five-week low as treas",2026-05-05T18:00:19Z,MT Newswires
GLD,investment,2026-05-06T12:12:53.876082,Gold Rises Early As Treasury Yields Ease,Gold prices rose off a five-week low early Tuesday as treasury yields eased off a 10-month high.,2026-05-05T13:08:16Z,MT Newswires
SPY,investment,2026-05-06T12:13:04.335178,"Stock Market Today: Dow Jumps, Oil Prices Plunge On U.S.-Iran Deal Hopes; AMD Surges On Earnings (Live Coverage)",Stock Market Today: The Dow Jones index jumped Wednesday on hopes of a U.S.-Iran deal. AMD stock soared on earnings.,2026-05-06T11:59:41Z,Investor's Business Daily
SPY,investment,2026-05-06T12:13:04.335188,The Market Is Roaring. It’s Time to Bet Against It.,"After earnings season ends, there won‘t be much to entertain investors. Many of them perceive markets as a perpetual movie and themselves as cosplay characters.",2026-05-06T06:00:00Z,Barrons.com
SPY,investment,2026-05-06T12:13:04.335191,BlueChip Exits Full International Equity ETF Stake Worth $4 Million,"This ETF provides diversified international equity exposure, targeting investors seeking efficient access to global markets.",2026-05-05T18:52:49Z,Motley Fool
QQQ,investment,2026-05-06T12:13:04.458985,This ETF Is Are Outpacing Tech Stocks While Paying High Dividends,"You wouldn’t expect a fund stuffed with European utilities, tobacco companies, and Canadian fertilizer to keep pace with the Nasdaq-100 in 2026, but here we are. Fidelity International High Dividend ETF (NYSEARCA:FIDI) is up about 8% year-to-date, edging out Invesco QQQ Trust (NASDAQ:QQQ) at roughly 8% as well. The lead is small, and the one-year ... This ETF Is Are Outpacing Tech Stocks While Paying High Dividends",2026-05-05T17:33:55Z,24/7 Wall St.
QQQ,investment,2026-05-06T12:13:04.458988,Exchange-Traded Funds Rise as US Equities Advance After Midday,Broad Market Indicators Broad-market exchange-traded fund IWM and IVV were higher. Actively tr,2026-05-05T17:13:08Z,MT Newswires
VTI,investment,2026-05-06T12:13:04.567769,"If Your Portfolio Is Too American, VXUS Is The Simple Fix","If you opened your brokerage statement this year and noticed your portfolio looked suspiciously like the S&P 500 with a few extra tech names sprinkled in, you are not alone. American investors have spent the last decade being rewarded for ignoring everything outside their own borders, and the muscle memory is hard to break. Vanguard ... If Your Portfolio Is Too American, VXUS Is The Simple Fix",2026-05-05T17:20:48Z,24/7 Wall St.
VTI,investment,2026-05-06T12:13:04.567776,The Cheap Way to Own the Entire U.S. Stock Market Right Now,You don't have to overthink investing. Keep it simple.,2026-05-04T10:01:00Z,Motley Fool
VTI,investment,2026-05-06T12:13:04.567778,Tech ETFs Dominate as $11.4B Floods Into U.S. Equity Funds,"<p>Here are the daily ETF fund flows for April 30, 2026.</p>",2026-04-30T21:00:04Z,etf.com
ARKK,investment,2026-05-06T12:13:04.701521,Cathie Wood Remains Convinced on CoreWeave After 78% YTD Rally in CRWV Stock,"Wood invested and divested CoreWeave, as the stock is up 78.65% this year.",2026-05-05T18:53:45Z,Barchart
ARKK,investment,2026-05-06T12:13:04.701528,Intellia Therapeutics Stock Is Down Nearly 95% From Its Record Highs but Cathie Wood Keeps Buying,"Despite Intellia's severe stock drop from its 2021 peak, Cathie Wood is buying big.",2026-05-05T18:05:20Z,Barchart
ARKK,investment,2026-05-06T12:13:04.701531,Cathie Wood Is Shrugging Off CapEx Fears and Buying the Dip in Meta Platforms Stock,Cathie Wood's move signals that the market may be treating the spending surge as a temporary overhang on an otherwise intact long-term growth thesis.,2026-05-04T20:49:49Z,Barchart
GLD,investment,2026-05-06T12:13:04.843489,IAU Returned 42% in a Year of Sticky Inflation. Here’s Why Allocators Are Reconsidering Gold,"Gold has done exactly what its defenders promised over the past year, and the numbers explain why allocators are revisiting the metal as a real portfolio building block. iShares Gold Trust (NYSEARCA:IAU) returned 42% in the twelve months through May 1, 2026, a stretch that overlapped with sticky core inflation, three Federal Reserve rate cuts, ... IAU Returned 42% in a Year of Sticky Inflation. Here’s Why Allocators Are Reconsidering Gold",2026-05-06T09:30:23Z,24/7 Wall St.
GLD,investment,2026-05-06T12:13:04.843495,Update: Gold Rises As Treasury Yields Ease,"(Updates prices.) Gold traded higher midafternoon on Tuesday, rising off a five-week low as treas",2026-05-05T18:00:19Z,MT Newswires
GLD,investment,2026-05-06T12:13:04.843498,Gold Rises Early As Treasury Yields Ease,Gold prices rose off a five-week low early Tuesday as treasury yields eased off a 10-month high.,2026-05-05T13:08:16Z,MT Newswires
SPY,investment,2026-05-06T12:13:19.762023,"Stock Market Today: Dow Jumps, Oil Prices Plunge On U.S.-Iran Deal Hopes; AMD Surges On Earnings (Live Coverage)",Stock Market Today: The Dow Jones index jumped Wednesday on hopes of a U.S.-Iran deal. AMD stock soared on earnings.,2026-05-06T11:59:41Z,Investor's Business Daily
SPY,investment,2026-05-06T12:13:19.762032,The Market Is Roaring. It’s Time to Bet Against It.,"After earnings season ends, there won‘t be much to entertain investors. Many of them perceive markets as a perpetual movie and themselves as cosplay characters.",2026-05-06T06:00:00Z,Barrons.com
SPY,investment,2026-05-06T12:13:19.762036,BlueChip Exits Full International Equity ETF Stake Worth $4 Million,"This ETF provides diversified international equity exposure, targeting investors seeking efficient access to global markets.",2026-05-05T18:52:49Z,Motley Fool
QQQ,investment,2026-05-06T12:13:19.914801,This ETF Is Are Outpacing Tech Stocks While Paying High Dividends,"You wouldn’t expect a fund stuffed with European utilities, tobacco companies, and Canadian fertilizer to keep pace with the Nasdaq-100 in 2026, but here we are. Fidelity International High Dividend ETF (NYSEARCA:FIDI) is up about 8% year-to-date, edging out Invesco QQQ Trust (NASDAQ:QQQ) at roughly 8% as well. The lead is small, and the one-year ... This ETF Is Are Outpacing Tech Stocks While Paying High Dividends",2026-05-05T17:33:55Z,24/7 Wall St.
QQQ,investment,2026-05-06T12:13:19.914804,Exchange-Traded Funds Rise as US Equities Advance After Midday,Broad Market Indicators Broad-market exchange-traded fund IWM and IVV were higher. Actively tr,2026-05-05T17:13:08Z,MT Newswires
VTI,investment,2026-05-06T12:13:20.181896,"If Your Portfolio Is Too American, VXUS Is The Simple Fix","If you opened your brokerage statement this year and noticed your portfolio looked suspiciously like the S&P 500 with a few extra tech names sprinkled in, you are not alone. American investors have spent the last decade being rewarded for ignoring everything outside their own borders, and the muscle memory is hard to break. Vanguard ... If Your Portfolio Is Too American, VXUS Is The Simple Fix",2026-05-05T17:20:48Z,24/7 Wall St.
VTI,investment,2026-05-06T12:13:20.181907,The Cheap Way to Own the Entire U.S. Stock Market Right Now,You don't have to overthink investing. Keep it simple.,2026-05-04T10:01:00Z,Motley Fool
VTI,investment,2026-05-06T12:13:20.181910,Tech ETFs Dominate as $11.4B Floods Into U.S. Equity Funds,"<p>Here are the daily ETF fund flows for April 30, 2026.</p>",2026-04-30T21:00:04Z,etf.com
ARKK,investment,2026-05-06T12:13:20.327338,Cathie Wood Remains Convinced on CoreWeave After 78% YTD Rally in CRWV Stock,"Wood invested and divested CoreWeave, as the stock is up 78.65% this year.",2026-05-05T18:53:45Z,Barchart
ARKK,investment,2026-05-06T12:13:20.327345,Intellia Therapeutics Stock Is Down Nearly 95% From Its Record Highs but Cathie Wood Keeps Buying,"Despite Intellia's severe stock drop from its 2021 peak, Cathie Wood is buying big.",2026-05-05T18:05:20Z,Barchart
ARKK,investment,2026-05-06T12:13:20.327348,Cathie Wood Is Shrugging Off CapEx Fears and Buying the Dip in Meta Platforms Stock,Cathie Wood's move signals that the market may be treating the spending surge as a temporary overhang on an otherwise intact long-term growth thesis.,2026-05-04T20:49:49Z,Barchart
GLD,investment,2026-05-06T12:13:20.496750,IAU Returned 42% in a Year of Sticky Inflation. Here’s Why Allocators Are Reconsidering Gold,"Gold has done exactly what its defenders promised over the past year, and the numbers explain why allocators are revisiting the metal as a real portfolio building block. iShares Gold Trust (NYSEARCA:IAU) returned 42% in the twelve months through May 1, 2026, a stretch that overlapped with sticky core inflation, three Federal Reserve rate cuts, ... IAU Returned 42% in a Year of Sticky Inflation. Here’s Why Allocators Are Reconsidering Gold",2026-05-06T09:30:23Z,24/7 Wall St.
GLD,investment,2026-05-06T12:13:20.496757,Update: Gold Rises As Treasury Yields Ease,"(Updates prices.) Gold traded higher midafternoon on Tuesday, rising off a five-week low as treas",2026-05-05T18:00:19Z,MT Newswires
GLD,investment,2026-05-06T12:13:20.496760,Gold Rises Early As Treasury Yields Ease,Gold prices rose off a five-week low early Tuesday as treasury yields eased off a 10-month high.,2026-05-05T13:08:16Z,MT Newswires
SPY,investment,2026-05-06T12:13:31.572079,"Stock Market Today: Dow Jumps, Oil Prices Plunge On U.S.-Iran Deal Hopes; AMD Surges On Earnings (Live Coverage)",Stock Market Today: The Dow Jones index jumped Wednesday on hopes of a U.S.-Iran deal. AMD stock soared on earnings.,2026-05-06T11:59:41Z,Investor's Business Daily
SPY,investment,2026-05-06T12:13:31.572087,The Market Is Roaring. It’s Time to Bet Against It.,"After earnings season ends, there won‘t be much to entertain investors. Many of them perceive markets as a perpetual movie and themselves as cosplay characters.",2026-05-06T06:00:00Z,Barrons.com
SPY,investment,2026-05-06T12:13:31.572091,BlueChip Exits Full International Equity ETF Stake Worth $4 Million,"This ETF provides diversified international equity exposure, targeting investors seeking efficient access to global markets.",2026-05-05T18:52:49Z,Motley Fool
QQQ,investment,2026-05-06T12:13:31.707430,This ETF Is Are Outpacing Tech Stocks While Paying High Dividends,"You wouldn’t expect a fund stuffed with European utilities, tobacco companies, and Canadian fertilizer to keep pace with the Nasdaq-100 in 2026, but here we are. Fidelity International High Dividend ETF (NYSEARCA:FIDI) is up about 8% year-to-date, edging out Invesco QQQ Trust (NASDAQ:QQQ) at roughly 8% as well. The lead is small, and the one-year ... This ETF Is Are Outpacing Tech Stocks While Paying High Dividends",2026-05-05T17:33:55Z,24/7 Wall St.
QQQ,investment,2026-05-06T12:13:31.707434,Exchange-Traded Funds Rise as US Equities Advance After Midday,Broad Market Indicators Broad-market exchange-traded fund IWM and IVV were higher. Actively tr,2026-05-05T17:13:08Z,MT Newswires
VTI,investment,2026-05-06T12:13:31.938599,"If Your Portfolio Is Too American, VXUS Is The Simple Fix","If you opened your brokerage statement this year and noticed your portfolio looked suspiciously like the S&P 500 with a few extra tech names sprinkled in, you are not alone. American investors have spent the last decade being rewarded for ignoring everything outside their own borders, and the muscle memory is hard to break. Vanguard ... If Your Portfolio Is Too American, VXUS Is The Simple Fix",2026-05-05T17:20:48Z,24/7 Wall St.
VTI,investment,2026-05-06T12:13:31.938611,The Cheap Way to Own the Entire U.S. Stock Market Right Now,You don't have to overthink investing. Keep it simple.,2026-05-04T10:01:00Z,Motley Fool
VTI,investment,2026-05-06T12:13:31.938614,Tech ETFs Dominate as $11.4B Floods Into U.S. Equity Funds,"<p>Here are the daily ETF fund flows for April 30, 2026.</p>",2026-04-30T21:00:04Z,etf.com
ARKK,investment,2026-05-06T12:13:32.085130,Cathie Wood Remains Convinced on CoreWeave After 78% YTD Rally in CRWV Stock,"Wood invested and divested CoreWeave, as the stock is up 78.65% this year.",2026-05-05T18:53:45Z,Barchart
ARKK,investment,2026-05-06T12:13:32.085139,Intellia Therapeutics Stock Is Down Nearly 95% From Its Record Highs but Cathie Wood Keeps Buying,"Despite Intellia's severe stock drop from its 2021 peak, Cathie Wood is buying big.",2026-05-05T18:05:20Z,Barchart
ARKK,investment,2026-05-06T12:13:32.085143,Cathie Wood Is Shrugging Off CapEx Fears and Buying the Dip in Meta Platforms Stock,Cathie Wood's move signals that the market may be treating the spending surge as a temporary overhang on an otherwise intact long-term growth thesis.,2026-05-04T20:49:49Z,Barchart
GLD,investment,2026-05-06T12:13:32.233309,IAU Returned 42% in a Year of Sticky Inflation. Here’s Why Allocators Are Reconsidering Gold,"Gold has done exactly what its defenders promised over the past year, and the numbers explain why allocators are revisiting the metal as a real portfolio building block. iShares Gold Trust (NYSEARCA:IAU) returned 42% in the twelve months through May 1, 2026, a stretch that overlapped with sticky core inflation, three Federal Reserve rate cuts, ... IAU Returned 42% in a Year of Sticky Inflation. Here’s Why Allocators Are Reconsidering Gold",2026-05-06T09:30:23Z,24/7 Wall St.
GLD,investment,2026-05-06T12:13:32.233318,Update: Gold Rises As Treasury Yields Ease,"(Updates prices.) Gold traded higher midafternoon on Tuesday, rising off a five-week low as treas",2026-05-05T18:00:19Z,MT Newswires
GLD,investment,2026-05-06T12:13:32.233322,Gold Rises Early As Treasury Yields Ease,Gold prices rose off a five-week low early Tuesday as treasury yields eased off a 10-month high.,2026-05-05T13:08:16Z,MT Newswires
SPY,investment,2026-05-06T12:13:43.385662,"Stock Market Today: Dow Jumps, Oil Prices Plunge On U.S.-Iran Deal Hopes; AMD Surges On Earnings (Live Coverage)",Stock Market Today: The Dow Jones index jumped Wednesday on hopes of a U.S.-Iran deal. AMD stock soared on earnings.,2026-05-06T11:59:41Z,Investor's Business Daily
SPY,investment,2026-05-06T12:13:43.385671,The Market Is Roaring. It’s Time to Bet Against It.,"After earnings season ends, there won‘t be much to entertain investors. Many of them perceive markets as a perpetual movie and themselves as cosplay characters.",2026-05-06T06:00:00Z,Barrons.com
SPY,investment,2026-05-06T12:13:43.385674,BlueChip Exits Full International Equity ETF Stake Worth $4 Million,"This ETF provides diversified international equity exposure, targeting investors seeking efficient access to global markets.",2026-05-05T18:52:49Z,Motley Fool
QQQ,investment,2026-05-06T12:13:43.524112,This ETF Is Are Outpacing Tech Stocks While Paying High Dividends,"You wouldn’t expect a fund stuffed with European utilities, tobacco companies, and Canadian fertilizer to keep pace with the Nasdaq-100 in 2026, but here we are. Fidelity International High Dividend ETF (NYSEARCA:FIDI) is up about 8% year-to-date, edging out Invesco QQQ Trust (NASDAQ:QQQ) at roughly 8% as well. The lead is small, and the one-year ... This ETF Is Are Outpacing Tech Stocks While Paying High Dividends",2026-05-05T17:33:55Z,24/7 Wall St.
QQQ,investment,2026-05-06T12:13:43.524115,Exchange-Traded Funds Rise as US Equities Advance After Midday,Broad Market Indicators Broad-market exchange-traded fund IWM and IVV were higher. Actively tr,2026-05-05T17:13:08Z,MT Newswires
VTI,investment,2026-05-06T12:13:43.766086,"If Your Portfolio Is Too American, VXUS Is The Simple Fix","If you opened your brokerage statement this year and noticed your portfolio looked suspiciously like the S&P 500 with a few extra tech names sprinkled in, you are not alone. American investors have spent the last decade being rewarded for ignoring everything outside their own borders, and the muscle memory is hard to break. Vanguard ... If Your Portfolio Is Too American, VXUS Is The Simple Fix",2026-05-05T17:20:48Z,24/7 Wall St.
VTI,investment,2026-05-06T12:13:43.766095,The Cheap Way to Own the Entire U.S. Stock Market Right Now,You don't have to overthink investing. Keep it simple.,2026-05-04T10:01:00Z,Motley Fool
VTI,investment,2026-05-06T12:13:43.766098,Tech ETFs Dominate as $11.4B Floods Into U.S. Equity Funds,"<p>Here are the daily ETF fund flows for April 30, 2026.</p>",2026-04-30T21:00:04Z,etf.com
ARKK,investment,2026-05-06T12:13:43.906354,Cathie Wood Remains Convinced on CoreWeave After 78% YTD Rally in CRWV Stock,"Wood invested and divested CoreWeave, as the stock is up 78.65% this year.",2026-05-05T18:53:45Z,Barchart
ARKK,investment,2026-05-06T12:13:43.906361,Intellia Therapeutics Stock Is Down Nearly 95% From Its Record Highs but Cathie Wood Keeps Buying,"Despite Intellia's severe stock drop from its 2021 peak, Cathie Wood is buying big.",2026-05-05T18:05:20Z,Barchart
ARKK,investment,2026-05-06T12:13:43.906363,Cathie Wood Is Shrugging Off CapEx Fears and Buying the Dip in Meta Platforms Stock,Cathie Wood's move signals that the market may be treating the spending surge as a temporary overhang on an otherwise intact long-term growth thesis.,2026-05-04T20:49:49Z,Barchart
GLD,investment,2026-05-06T12:13:44.042881,IAU Returned 42% in a Year of Sticky Inflation. Here’s Why Allocators Are Reconsidering Gold,"Gold has done exactly what its defenders promised over the past year, and the numbers explain why allocators are revisiting the metal as a real portfolio building block. iShares Gold Trust (NYSEARCA:IAU) returned 42% in the twelve months through May 1, 2026, a stretch that overlapped with sticky core inflation, three Federal Reserve rate cuts, ... IAU Returned 42% in a Year of Sticky Inflation. Here’s Why Allocators Are Reconsidering Gold",2026-05-06T09:30:23Z,24/7 Wall St.
GLD,investment,2026-05-06T12:13:44.042887,Update: Gold Rises As Treasury Yields Ease,"(Updates prices.) Gold traded higher midafternoon on Tuesday, rising off a five-week low as treas",2026-05-05T18:00:19Z,MT Newswires
GLD,investment,2026-05-06T12:13:44.042890,Gold Rises Early As Treasury Yields Ease,Gold prices rose off a five-week low early Tuesday as treasury yields eased off a 10-month high.,2026-05-05T13:08:16Z,MT Newswires
SPY,investment,2026-05-06T12:13:54.106271,"Stock Market Today: Dow Jumps, Oil Prices Plunge On U.S.-Iran Deal Hopes; AMD Surges On Earnings (Live Coverage)",Stock Market Today: The Dow Jones index jumped Wednesday on hopes of a U.S.-Iran deal. AMD stock soared on earnings.,2026-05-06T11:59:41Z,Investor's Business Daily
SPY,investment,2026-05-06T12:13:54.106280,The Market Is Roaring. It’s Time to Bet Against It.,"After earnings season ends, there won‘t be much to entertain investors. Many of them perceive markets as a perpetual movie and themselves as cosplay characters.",2026-05-06T06:00:00Z,Barrons.com
SPY,investment,2026-05-06T12:13:54.106284,BlueChip Exits Full International Equity ETF Stake Worth $4 Million,"This ETF provides diversified international equity exposure, targeting investors seeking efficient access to global markets.",2026-05-05T18:52:49Z,Motley Fool
QQQ,investment,2026-05-06T12:13:54.215663,This ETF Is Are Outpacing Tech Stocks While Paying High Dividends,"You wouldn’t expect a fund stuffed with European utilities, tobacco companies, and Canadian fertilizer to keep pace with the Nasdaq-100 in 2026, but here we are. Fidelity International High Dividend ETF (NYSEARCA:FIDI) is up about 8% year-to-date, edging out Invesco QQQ Trust (NASDAQ:QQQ) at roughly 8% as well. The lead is small, and the one-year ... This ETF Is Are Outpacing Tech Stocks While Paying High Dividends",2026-05-05T17:33:55Z,24/7 Wall St.
QQQ,investment,2026-05-06T12:13:54.215666,Exchange-Traded Funds Rise as US Equities Advance After Midday,Broad Market Indicators Broad-market exchange-traded fund IWM and IVV were higher. Actively tr,2026-05-05T17:13:08Z,MT Newswires
VTI,investment,2026-05-06T12:13:54.318122,"If Your Portfolio Is Too American, VXUS Is The Simple Fix","If you opened your brokerage statement this year and noticed your portfolio looked suspiciously like the S&P 500 with a few extra tech names sprinkled in, you are not alone. American investors have spent the last decade being rewarded for ignoring everything outside their own borders, and the muscle memory is hard to break. Vanguard ... If Your Portfolio Is Too American, VXUS Is The Simple Fix",2026-05-05T17:20:48Z,24/7 Wall St.
VTI,investment,2026-05-06T12:13:54.318128,The Cheap Way to Own the Entire U.S. Stock Market Right Now,You don't have to overthink investing. Keep it simple.,2026-05-04T10:01:00Z,Motley Fool
VTI,investment,2026-05-06T12:13:54.318131,Tech ETFs Dominate as $11.4B Floods Into U.S. Equity Funds,"<p>Here are the daily ETF fund flows for April 30, 2026.</p>",2026-04-30T21:00:04Z,etf.com
ARKK,investment,2026-05-06T12:13:54.424976,Cathie Wood Remains Convinced on CoreWeave After 78% YTD Rally in CRWV Stock,"Wood invested and divested CoreWeave, as the stock is up 78.65% this year.",2026-05-05T18:53:45Z,Barchart
ARKK,investment,2026-05-06T12:13:54.424982,Intellia Therapeutics Stock Is Down Nearly 95% From Its Record Highs but Cathie Wood Keeps Buying,"Despite Intellia's severe stock drop from its 2021 peak, Cathie Wood is buying big.",2026-05-05T18:05:20Z,Barchart
ARKK,investment,2026-05-06T12:13:54.424984,Cathie Wood Is Shrugging Off CapEx Fears and Buying the Dip in Meta Platforms Stock,Cathie Wood's move signals that the market may be treating the spending surge as a temporary overhang on an otherwise intact long-term growth thesis.,2026-05-04T20:49:49Z,Barchart
GLD,investment,2026-05-06T12:13:54.523855,IAU Returned 42% in a Year of Sticky Inflation. Here’s Why Allocators Are Reconsidering Gold,"Gold has done exactly what its defenders promised over the past year, and the numbers explain why allocators are revisiting the metal as a real portfolio building block. iShares Gold Trust (NYSEARCA:IAU) returned 42% in the twelve months through May 1, 2026, a stretch that overlapped with sticky core inflation, three Federal Reserve rate cuts, ... IAU Returned 42% in a Year of Sticky Inflation. Here’s Why Allocators Are Reconsidering Gold",2026-05-06T09:30:23Z,24/7 Wall St.
GLD,investment,2026-05-06T12:13:54.523863,Update: Gold Rises As Treasury Yields Ease,"(Updates prices.) Gold traded higher midafternoon on Tuesday, rising off a five-week low as treas",2026-05-05T18:00:19Z,MT Newswires
GLD,investment,2026-05-06T12:13:54.523866,Gold Rises Early As Treasury Yields Ease,Gold prices rose off a five-week low early Tuesday as treasury yields eased off a 10-month high.,2026-05-05T13:08:16Z,MT Newswires
SPY,investment,2026-05-06T16:02:22.823991,CBOE VIX Slides Toward 17 as Oil Retreat and Tech Stock Surge Restore Risk Appetite,"The CBOE Volatility Index (^VIX) is drifting back toward the 17 line as optimism returns to the S&P 500 and capital rotates into stocks. The VIX closed near 18 on Monday after dipping to almost 17 late last week, well below the peak above 31 recorded in late March. In a display of a shifting ... CBOE VIX Slides Toward 17 as Oil Retreat and Tech Stock Surge Restore Risk Appetite",2026-05-06T14:08:56Z,24/7 Wall St.
SPY,investment,2026-05-06T16:02:22.824000,Time for Short-Term U.S. Treasury ETFs?,Geopolitical risks and rate outlook boost appeal of short-term U.S. Treasury ETFs as investors seek stability amid volatile equity and oil markets.,2026-05-06T14:00:00Z,Zacks
SPY,investment,2026-05-06T16:02:22.824004,It’s Time to Bet Against This Roaring Stock Market With Options,"After earnings season ends, there won‘t be much to entertain investors. Many of them perceive markets as a perpetual movie and themselves as cosplay characters.",2026-05-06T13:09:00Z,Barrons.com
QQQ,investment,2026-05-06T16:02:22.952675,"Exchange-Traded Funds, Equity Futures Higher Pre-Bell Wednesday Amid Potential US-Iran Truce",The broad market exchange-traded fund SPDR S&P 500 ETF Trust (SPY) was up 1% and the actively traded,2026-05-06T12:32:33Z,MT Newswires
QQQ,investment,2026-05-06T16:02:22.952677,"ETF Fund Flows as of May 5, 2026","<p>U.S. fixed income led all asset classes with $4.85 billion in net inflows on May 5, 2026, as total ETF flows reached $9.85 billion. Vanguard's VOO topped creations with $1.48 billion in new assets, while Invesco's QQQ suffered the steepest redemptions at $3.27 billion.</p>",2026-05-05T21:00:04Z,etf.com
VTI,investment,2026-05-06T16:02:23.062897,"If Your Portfolio Is Too American, VXUS Is The Simple Fix","If you opened your brokerage statement this year and noticed your portfolio looked suspiciously like the S&P 500 with a few extra tech names sprinkled in, you are not alone. American investors have spent the last decade being rewarded for ignoring everything outside their own borders, and the muscle memory is hard to break. Vanguard ... If Your Portfolio Is Too American, VXUS Is The Simple Fix",2026-05-05T17:20:48Z,24/7 Wall St.
VTI,investment,2026-05-06T16:02:23.062905,The Cheap Way to Own the Entire U.S. Stock Market Right Now,You don't have to overthink investing. Keep it simple.,2026-05-04T10:01:00Z,Motley Fool
VTI,investment,2026-05-06T16:02:23.062908,Tech ETFs Dominate as $11.4B Floods Into U.S. Equity Funds,"<p>Here are the daily ETF fund flows for April 30, 2026.</p>",2026-04-30T21:00:04Z,etf.com
ARKK,investment,2026-05-06T16:02:23.185636,Cathie Wood Remains Convinced on CoreWeave After 78% YTD Rally in CRWV Stock,"Wood invested and divested CoreWeave, as the stock is up 78.65% this year.",2026-05-05T18:53:45Z,Barchart
ARKK,investment,2026-05-06T16:02:23.185644,Intellia Therapeutics Stock Is Down Nearly 95% From Its Record Highs but Cathie Wood Keeps Buying,"Despite Intellia's severe stock drop from its 2021 peak, Cathie Wood is buying big.",2026-05-05T18:05:20Z,Barchart
ARKK,investment,2026-05-06T16:02:23.185647,Cathie Wood Is Shrugging Off CapEx Fears and Buying the Dip in Meta Platforms Stock,Cathie Wood's move signals that the market may be treating the spending surge as a temporary overhang on an otherwise intact long-term growth thesis.,2026-05-04T20:49:49Z,Barchart
GLD,investment,2026-05-06T16:02:23.296859,Gold and Silver Catch Fire as Iran Deal Hopes Rewrite the Inflation Playbook,"The PHLX Gold/Silver Sector (^XAU) is climbing roughly 8% this morning as a wave of buying hits both bullion and the equities that mine it. Spot gold is trading near $4,695 an ounce, up about 3%, while silver is jumping a sharper 5.5% to roughly $77 an ounce. The catalyst is a combination of geopolitical ... Gold and Silver Catch Fire as Iran Deal Hopes Rewrite the Inflation Playbook",2026-05-06T14:23:44Z,24/7 Wall St.
GLD,investment,2026-05-06T16:02:23.296868,Gold Moves Higher as USD and Yields Retreat Following Reports the Iran War May Be Near an End,Gold prices rose early Wednesday as the U.S. dollar and yields were sharply lower on reports Iran an,2026-05-06T13:37:27Z,MT Newswires
SPY,investment,2026-05-06T16:02:34.070398,CBOE VIX Slides Toward 17 as Oil Retreat and Tech Stock Surge Restore Risk Appetite,"The CBOE Volatility Index (^VIX) is drifting back toward the 17 line as optimism returns to the S&P 500 and capital rotates into stocks. The VIX closed near 18 on Monday after dipping to almost 17 late last week, well below the peak above 31 recorded in late March. In a display of a shifting ... CBOE VIX Slides Toward 17 as Oil Retreat and Tech Stock Surge Restore Risk Appetite",2026-05-06T14:08:56Z,24/7 Wall St.
SPY,investment,2026-05-06T16:02:34.070406,Time for Short-Term U.S. Treasury ETFs?,Geopolitical risks and rate outlook boost appeal of short-term U.S. Treasury ETFs as investors seek stability amid volatile equity and oil markets.,2026-05-06T14:00:00Z,Zacks
SPY,investment,2026-05-06T16:02:34.070408,It’s Time to Bet Against This Roaring Stock Market With Options,"After earnings season ends, there won‘t be much to entertain investors. Many of them perceive markets as a perpetual movie and themselves as cosplay characters.",2026-05-06T13:09:00Z,Barrons.com
QQQ,investment,2026-05-06T16:02:34.189112,"Exchange-Traded Funds, Equity Futures Higher Pre-Bell Wednesday Amid Potential US-Iran Truce",The broad market exchange-traded fund SPDR S&P 500 ETF Trust (SPY) was up 1% and the actively traded,2026-05-06T12:32:33Z,MT Newswires
QQQ,investment,2026-05-06T16:02:34.189115,"ETF Fund Flows as of May 5, 2026","<p>U.S. fixed income led all asset classes with $4.85 billion in net inflows on May 5, 2026, as total ETF flows reached $9.85 billion. Vanguard's VOO topped creations with $1.48 billion in new assets, while Invesco's QQQ suffered the steepest redemptions at $3.27 billion.</p>",2026-05-05T21:00:04Z,etf.com
VTI,investment,2026-05-06T16:02:34.303960,"If Your Portfolio Is Too American, VXUS Is The Simple Fix","If you opened your brokerage statement this year and noticed your portfolio looked suspiciously like the S&P 500 with a few extra tech names sprinkled in, you are not alone. American investors have spent the last decade being rewarded for ignoring everything outside their own borders, and the muscle memory is hard to break. Vanguard ... If Your Portfolio Is Too American, VXUS Is The Simple Fix",2026-05-05T17:20:48Z,24/7 Wall St.
VTI,investment,2026-05-06T16:02:34.303968,The Cheap Way to Own the Entire U.S. Stock Market Right Now,You don't have to overthink investing. Keep it simple.,2026-05-04T10:01:00Z,Motley Fool
VTI,investment,2026-05-06T16:02:34.303971,Tech ETFs Dominate as $11.4B Floods Into U.S. Equity Funds,"<p>Here are the daily ETF fund flows for April 30, 2026.</p>",2026-04-30T21:00:04Z,etf.com
ARKK,investment,2026-05-06T16:02:34.460624,Cathie Wood Remains Convinced on CoreWeave After 78% YTD Rally in CRWV Stock,"Wood invested and divested CoreWeave, as the stock is up 78.65% this year.",2026-05-05T18:53:45Z,Barchart
ARKK,investment,2026-05-06T16:02:34.460636,Intellia Therapeutics Stock Is Down Nearly 95% From Its Record Highs but Cathie Wood Keeps Buying,"Despite Intellia's severe stock drop from its 2021 peak, Cathie Wood is buying big.",2026-05-05T18:05:20Z,Barchart
ARKK,investment,2026-05-06T16:02:34.460648,Cathie Wood Is Shrugging Off CapEx Fears and Buying the Dip in Meta Platforms Stock,Cathie Wood's move signals that the market may be treating the spending surge as a temporary overhang on an otherwise intact long-term growth thesis.,2026-05-04T20:49:49Z,Barchart
GLD,investment,2026-05-06T16:02:34.595051,Gold and Silver Catch Fire as Iran Deal Hopes Rewrite the Inflation Playbook,"The PHLX Gold/Silver Sector (^XAU) is climbing roughly 8% this morning as a wave of buying hits both bullion and the equities that mine it. Spot gold is trading near $4,695 an ounce, up about 3%, while silver is jumping a sharper 5.5% to roughly $77 an ounce. The catalyst is a combination of geopolitical ... Gold and Silver Catch Fire as Iran Deal Hopes Rewrite the Inflation Playbook",2026-05-06T14:23:44Z,24/7 Wall St.
GLD,investment,2026-05-06T16:02:34.595060,Gold Moves Higher as USD and Yields Retreat Following Reports the Iran War May Be Near an End,Gold prices rose early Wednesday as the U.S. dollar and yields were sharply lower on reports Iran an,2026-05-06T13:37:27Z,MT Newswires
SPY,investment,2026-05-06T16:02:43.892768,CBOE VIX Slides Toward 17 as Oil Retreat and Tech Stock Surge Restore Risk Appetite,"The CBOE Volatility Index (^VIX) is drifting back toward the 17 line as optimism returns to the S&P 500 and capital rotates into stocks. The VIX closed near 18 on Monday after dipping to almost 17 late last week, well below the peak above 31 recorded in late March. In a display of a shifting ... CBOE VIX Slides Toward 17 as Oil Retreat and Tech Stock Surge Restore Risk Appetite",2026-05-06T14:08:56Z,24/7 Wall St.
SPY,investment,2026-05-06T16:02:43.892776,Time for Short-Term U.S. Treasury ETFs?,Geopolitical risks and rate outlook boost appeal of short-term U.S. Treasury ETFs as investors seek stability amid volatile equity and oil markets.,2026-05-06T14:00:00Z,Zacks
SPY,investment,2026-05-06T16:02:43.892778,It’s Time to Bet Against This Roaring Stock Market With Options,"After earnings season ends, there won‘t be much to entertain investors. Many of them perceive markets as a perpetual movie and themselves as cosplay characters.",2026-05-06T13:09:00Z,Barrons.com
QQQ,investment,2026-05-06T16:02:43.991822,"Exchange-Traded Funds, Equity Futures Higher Pre-Bell Wednesday Amid Potential US-Iran Truce",The broad market exchange-traded fund SPDR S&P 500 ETF Trust (SPY) was up 1% and the actively traded,2026-05-06T12:32:33Z,MT Newswires
QQQ,investment,2026-05-06T16:02:43.991825,"ETF Fund Flows as of May 5, 2026","<p>U.S. fixed income led all asset classes with $4.85 billion in net inflows on May 5, 2026, as total ETF flows reached $9.85 billion. Vanguard's VOO topped creations with $1.48 billion in new assets, while Invesco's QQQ suffered the steepest redemptions at $3.27 billion.</p>",2026-05-05T21:00:04Z,etf.com
VTI,investment,2026-05-06T16:02:44.100496,"If Your Portfolio Is Too American, VXUS Is The Simple Fix","If you opened your brokerage statement this year and noticed your portfolio looked suspiciously like the S&P 500 with a few extra tech names sprinkled in, you are not alone. American investors have spent the last decade being rewarded for ignoring everything outside their own borders, and the muscle memory is hard to break. Vanguard ... If Your Portfolio Is Too American, VXUS Is The Simple Fix",2026-05-05T17:20:48Z,24/7 Wall St.
VTI,investment,2026-05-06T16:02:44.100503,The Cheap Way to Own the Entire U.S. Stock Market Right Now,You don't have to overthink investing. Keep it simple.,2026-05-04T10:01:00Z,Motley Fool
VTI,investment,2026-05-06T16:02:44.100505,Tech ETFs Dominate as $11.4B Floods Into U.S. Equity Funds,"<p>Here are the daily ETF fund flows for April 30, 2026.</p>",2026-04-30T21:00:04Z,etf.com
ARKK,investment,2026-05-06T16:02:44.203394,Cathie Wood Remains Convinced on CoreWeave After 78% YTD Rally in CRWV Stock,"Wood invested and divested CoreWeave, as the stock is up 78.65% this year.",2026-05-05T18:53:45Z,Barchart
ARKK,investment,2026-05-06T16:02:44.203404,Intellia Therapeutics Stock Is Down Nearly 95% From Its Record Highs but Cathie Wood Keeps Buying,"Despite Intellia's severe stock drop from its 2021 peak, Cathie Wood is buying big.",2026-05-05T18:05:20Z,Barchart
ARKK,investment,2026-05-06T16:02:44.203409,Cathie Wood Is Shrugging Off CapEx Fears and Buying the Dip in Meta Platforms Stock,Cathie Wood's move signals that the market may be treating the spending surge as a temporary overhang on an otherwise intact long-term growth thesis.,2026-05-04T20:49:49Z,Barchart
GLD,investment,2026-05-06T16:02:44.300597,Gold and Silver Catch Fire as Iran Deal Hopes Rewrite the Inflation Playbook,"The PHLX Gold/Silver Sector (^XAU) is climbing roughly 8% this morning as a wave of buying hits both bullion and the equities that mine it. Spot gold is trading near $4,695 an ounce, up about 3%, while silver is jumping a sharper 5.5% to roughly $77 an ounce. The catalyst is a combination of geopolitical ... Gold and Silver Catch Fire as Iran Deal Hopes Rewrite the Inflation Playbook",2026-05-06T14:23:44Z,24/7 Wall St.
GLD,investment,2026-05-06T16:02:44.300605,Gold Moves Higher as USD and Yields Retreat Following Reports the Iran War May Be Near an End,Gold prices rose early Wednesday as the U.S. dollar and yields were sharply lower on reports Iran an,2026-05-06T13:37:27Z,MT Newswires
SPY,investment,2026-05-06T16:02:54.693891,CBOE VIX Slides Toward 17 as Oil Retreat and Tech Stock Surge Restore Risk Appetite,"The CBOE Volatility Index (^VIX) is drifting back toward the 17 line as optimism returns to the S&P 500 and capital rotates into stocks. The VIX closed near 18 on Monday after dipping to almost 17 late last week, well below the peak above 31 recorded in late March. In a display of a shifting ... CBOE VIX Slides Toward 17 as Oil Retreat and Tech Stock Surge Restore Risk Appetite",2026-05-06T14:08:56Z,24/7 Wall St.
SPY,investment,2026-05-06T16:02:54.693900,Time for Short-Term U.S. Treasury ETFs?,Geopolitical risks and rate outlook boost appeal of short-term U.S. Treasury ETFs as investors seek stability amid volatile equity and oil markets.,2026-05-06T14:00:00Z,Zacks
SPY,investment,2026-05-06T16:02:54.693903,It’s Time to Bet Against This Roaring Stock Market With Options,"After earnings season ends, there won‘t be much to entertain investors. Many of them perceive markets as a perpetual movie and themselves as cosplay characters.",2026-05-06T13:09:00Z,Barrons.com
QQQ,investment,2026-05-06T16:02:54.847504,"Exchange-Traded Funds, Equity Futures Higher Pre-Bell Wednesday Amid Potential US-Iran Truce",The broad market exchange-traded fund SPDR S&P 500 ETF Trust (SPY) was up 1% and the actively traded,2026-05-06T12:32:33Z,MT Newswires
QQQ,investment,2026-05-06T16:02:54.847507,"ETF Fund Flows as of May 5, 2026","<p>U.S. fixed income led all asset classes with $4.85 billion in net inflows on May 5, 2026, as total ETF flows reached $9.85 billion. Vanguard's VOO topped creations with $1.48 billion in new assets, while Invesco's QQQ suffered the steepest redemptions at $3.27 billion.</p>",2026-05-05T21:00:04Z,etf.com
VTI,investment,2026-05-06T16:02:54.950774,"If Your Portfolio Is Too American, VXUS Is The Simple Fix","If you opened your brokerage statement this year and noticed your portfolio looked suspiciously like the S&P 500 with a few extra tech names sprinkled in, you are not alone. American investors have spent the last decade being rewarded for ignoring everything outside their own borders, and the muscle memory is hard to break. Vanguard ... If Your Portfolio Is Too American, VXUS Is The Simple Fix",2026-05-05T17:20:48Z,24/7 Wall St.
VTI,investment,2026-05-06T16:02:54.950783,The Cheap Way to Own the Entire U.S. Stock Market Right Now,You don't have to overthink investing. Keep it simple.,2026-05-04T10:01:00Z,Motley Fool
VTI,investment,2026-05-06T16:02:54.950785,Tech ETFs Dominate as $11.4B Floods Into U.S. Equity Funds,"<p>Here are the daily ETF fund flows for April 30, 2026.</p>",2026-04-30T21:00:04Z,etf.com
ARKK,investment,2026-05-06T16:02:55.064316,Cathie Wood Remains Convinced on CoreWeave After 78% YTD Rally in CRWV Stock,"Wood invested and divested CoreWeave, as the stock is up 78.65% this year.",2026-05-05T18:53:45Z,Barchart
ARKK,investment,2026-05-06T16:02:55.064326,Intellia Therapeutics Stock Is Down Nearly 95% From Its Record Highs but Cathie Wood Keeps Buying,"Despite Intellia's severe stock drop from its 2021 peak, Cathie Wood is buying big.",2026-05-05T18:05:20Z,Barchart
ARKK,investment,2026-05-06T16:02:55.064331,Cathie Wood Is Shrugging Off CapEx Fears and Buying the Dip in Meta Platforms Stock,Cathie Wood's move signals that the market may be treating the spending surge as a temporary overhang on an otherwise intact long-term growth thesis.,2026-05-04T20:49:49Z,Barchart
GLD,investment,2026-05-06T16:02:55.176629,Gold and Silver Catch Fire as Iran Deal Hopes Rewrite the Inflation Playbook,"The PHLX Gold/Silver Sector (^XAU) is climbing roughly 8% this morning as a wave of buying hits both bullion and the equities that mine it. Spot gold is trading near $4,695 an ounce, up about 3%, while silver is jumping a sharper 5.5% to roughly $77 an ounce. The catalyst is a combination of geopolitical ... Gold and Silver Catch Fire as Iran Deal Hopes Rewrite the Inflation Playbook",2026-05-06T14:23:44Z,24/7 Wall St.
GLD,investment,2026-05-06T16:02:55.176639,Gold Moves Higher as USD and Yields Retreat Following Reports the Iran War May Be Near an End,Gold prices rose early Wednesday as the U.S. dollar and yields were sharply lower on reports Iran an,2026-05-06T13:37:27Z,MT Newswires
SPY,investment,2026-05-06T16:03:05.378561,CBOE VIX Slides Toward 17 as Oil Retreat and Tech Stock Surge Restore Risk Appetite,"The CBOE Volatility Index (^VIX) is drifting back toward the 17 line as optimism returns to the S&P 500 and capital rotates into stocks. The VIX closed near 18 on Monday after dipping to almost 17 late last week, well below the peak above 31 recorded in late March. In a display of a shifting ... CBOE VIX Slides Toward 17 as Oil Retreat and Tech Stock Surge Restore Risk Appetite",2026-05-06T14:08:56Z,24/7 Wall St.
SPY,investment,2026-05-06T16:03:05.378572,Time for Short-Term U.S. Treasury ETFs?,Geopolitical risks and rate outlook boost appeal of short-term U.S. Treasury ETFs as investors seek stability amid volatile equity and oil markets.,2026-05-06T14:00:00Z,Zacks
SPY,investment,2026-05-06T16:03:05.378575,It’s Time to Bet Against This Roaring Stock Market With Options,"After earnings season ends, there won‘t be much to entertain investors. Many of them perceive markets as a perpetual movie and themselves as cosplay characters.",2026-05-06T13:09:00Z,Barrons.com
QQQ,investment,2026-05-06T16:03:05.491997,"Exchange-Traded Funds, Equity Futures Higher Pre-Bell Wednesday Amid Potential US-Iran Truce",The broad market exchange-traded fund SPDR S&P 500 ETF Trust (SPY) was up 1% and the actively traded,2026-05-06T12:32:33Z,MT Newswires
QQQ,investment,2026-05-06T16:03:05.492000,"ETF Fund Flows as of May 5, 2026","<p>U.S. fixed income led all asset classes with $4.85 billion in net inflows on May 5, 2026, as total ETF flows reached $9.85 billion. Vanguard's VOO topped creations with $1.48 billion in new assets, while Invesco's QQQ suffered the steepest redemptions at $3.27 billion.</p>",2026-05-05T21:00:04Z,etf.com
VTI,investment,2026-05-06T16:03:05.606009,"If Your Portfolio Is Too American, VXUS Is The Simple Fix","If you opened your brokerage statement this year and noticed your portfolio looked suspiciously like the S&P 500 with a few extra tech names sprinkled in, you are not alone. American investors have spent the last decade being rewarded for ignoring everything outside their own borders, and the muscle memory is hard to break. Vanguard ... If Your Portfolio Is Too American, VXUS Is The Simple Fix",2026-05-05T17:20:48Z,24/7 Wall St.
VTI,investment,2026-05-06T16:03:05.606026,The Cheap Way to Own the Entire U.S. Stock Market Right Now,You don't have to overthink investing. Keep it simple.,2026-05-04T10:01:00Z,Motley Fool
VTI,investment,2026-05-06T16:03:05.606028,Tech ETFs Dominate as $11.4B Floods Into U.S. Equity Funds,"<p>Here are the daily ETF fund flows for April 30, 2026.</p>",2026-04-30T21:00:04Z,etf.com
ARKK,investment,2026-05-06T16:03:05.759897,Cathie Wood Remains Convinced on CoreWeave After 78% YTD Rally in CRWV Stock,"Wood invested and divested CoreWeave, as the stock is up 78.65% this year.",2026-05-05T18:53:45Z,Barchart
ARKK,investment,2026-05-06T16:03:05.759908,Intellia Therapeutics Stock Is Down Nearly 95% From Its Record Highs but Cathie Wood Keeps Buying,"Despite Intellia's severe stock drop from its 2021 peak, Cathie Wood is buying big.",2026-05-05T18:05:20Z,Barchart
ARKK,investment,2026-05-06T16:03:05.759913,Cathie Wood Is Shrugging Off CapEx Fears and Buying the Dip in Meta Platforms Stock,Cathie Wood's move signals that the market may be treating the spending surge as a temporary overhang on an otherwise intact long-term growth thesis.,2026-05-04T20:49:49Z,Barchart
GLD,investment,2026-05-06T16:03:05.866870,Gold and Silver Catch Fire as Iran Deal Hopes Rewrite the Inflation Playbook,"The PHLX Gold/Silver Sector (^XAU) is climbing roughly 8% this morning as a wave of buying hits both bullion and the equities that mine it. Spot gold is trading near $4,695 an ounce, up about 3%, while silver is jumping a sharper 5.5% to roughly $77 an ounce. The catalyst is a combination of geopolitical ... Gold and Silver Catch Fire as Iran Deal Hopes Rewrite the Inflation Playbook",2026-05-06T14:23:44Z,24/7 Wall St.
GLD,investment,2026-05-06T16:03:05.866881,Gold Moves Higher as USD and Yields Retreat Following Reports the Iran War May Be Near an End,Gold prices rose early Wednesday as the U.S. dollar and yields were sharply lower on reports Iran an,2026-05-06T13:37:27Z,MT Newswires
SPY,investment,2026-05-06T16:03:16.150155,CBOE VIX Slides Toward 17 as Oil Retreat and Tech Stock Surge Restore Risk Appetite,"The CBOE Volatility Index (^VIX) is drifting back toward the 17 line as optimism returns to the S&P 500 and capital rotates into stocks. The VIX closed near 18 on Monday after dipping to almost 17 late last week, well below the peak above 31 recorded in late March. In a display of a shifting ... CBOE VIX Slides Toward 17 as Oil Retreat and Tech Stock Surge Restore Risk Appetite",2026-05-06T14:08:56Z,24/7 Wall St.
SPY,investment,2026-05-06T16:03:16.150169,Time for Short-Term U.S. Treasury ETFs?,Geopolitical risks and rate outlook boost appeal of short-term U.S. Treasury ETFs as investors seek stability amid volatile equity and oil markets.,2026-05-06T14:00:00Z,Zacks
SPY,investment,2026-05-06T16:03:16.150172,It’s Time to Bet Against This Roaring Stock Market With Options,"After earnings season ends, there won‘t be much to entertain investors. Many of them perceive markets as a perpetual movie and themselves as cosplay characters.",2026-05-06T13:09:00Z,Barrons.com
QQQ,investment,2026-05-06T16:03:16.263077,"Exchange-Traded Funds, Equity Futures Higher Pre-Bell Wednesday Amid Potential US-Iran Truce",The broad market exchange-traded fund SPDR S&P 500 ETF Trust (SPY) was up 1% and the actively traded,2026-05-06T12:32:33Z,MT Newswires
QQQ,investment,2026-05-06T16:03:16.263080,"ETF Fund Flows as of May 5, 2026","<p>U.S. fixed income led all asset classes with $4.85 billion in net inflows on May 5, 2026, as total ETF flows reached $9.85 billion. Vanguard's VOO topped creations with $1.48 billion in new assets, while Invesco's QQQ suffered the steepest redemptions at $3.27 billion.</p>",2026-05-05T21:00:04Z,etf.com
VTI,investment,2026-05-06T16:03:16.369219,"If Your Portfolio Is Too American, VXUS Is The Simple Fix","If you opened your brokerage statement this year and noticed your portfolio looked suspiciously like the S&P 500 with a few extra tech names sprinkled in, you are not alone. American investors have spent the last decade being rewarded for ignoring everything outside their own borders, and the muscle memory is hard to break. Vanguard ... If Your Portfolio Is Too American, VXUS Is The Simple Fix",2026-05-05T17:20:48Z,24/7 Wall St.
VTI,investment,2026-05-06T16:03:16.369232,The Cheap Way to Own the Entire U.S. Stock Market Right Now,You don't have to overthink investing. Keep it simple.,2026-05-04T10:01:00Z,Motley Fool
VTI,investment,2026-05-06T16:03:16.369235,Tech ETFs Dominate as $11.4B Floods Into U.S. Equity Funds,"<p>Here are the daily ETF fund flows for April 30, 2026.</p>",2026-04-30T21:00:04Z,etf.com
ARKK,investment,2026-05-06T16:03:16.490377,Cathie Wood Remains Convinced on CoreWeave After 78% YTD Rally in CRWV Stock,"Wood invested and divested CoreWeave, as the stock is up 78.65% this year.",2026-05-05T18:53:45Z,Barchart
ARKK,investment,2026-05-06T16:03:16.490392,Intellia Therapeutics Stock Is Down Nearly 95% From Its Record Highs but Cathie Wood Keeps Buying,"Despite Intellia's severe stock drop from its 2021 peak, Cathie Wood is buying big.",2026-05-05T18:05:20Z,Barchart
ARKK,investment,2026-05-06T16:03:16.490397,Cathie Wood Is Shrugging Off CapEx Fears and Buying the Dip in Meta Platforms Stock,Cathie Wood's move signals that the market may be treating the spending surge as a temporary overhang on an otherwise intact long-term growth thesis.,2026-05-04T20:49:49Z,Barchart
GLD,investment,2026-05-06T16:03:16.614673,Gold and Silver Catch Fire as Iran Deal Hopes Rewrite the Inflation Playbook,"The PHLX Gold/Silver Sector (^XAU) is climbing roughly 8% this morning as a wave of buying hits both bullion and the equities that mine it. Spot gold is trading near $4,695 an ounce, up about 3%, while silver is jumping a sharper 5.5% to roughly $77 an ounce. The catalyst is a combination of geopolitical ... Gold and Silver Catch Fire as Iran Deal Hopes Rewrite the Inflation Playbook",2026-05-06T14:23:44Z,24/7 Wall St.
GLD,investment,2026-05-06T16:03:16.614687,Gold Moves Higher as USD and Yields Retreat Following Reports the Iran War May Be Near an End,Gold prices rose early Wednesday as the U.S. dollar and yields were sharply lower on reports Iran an,2026-05-06T13:37:27Z,MT Newswires
SPY,investment,2026-05-06T16:03:26.816854,CBOE VIX Slides Toward 17 as Oil Retreat and Tech Stock Surge Restore Risk Appetite,"The CBOE Volatility Index (^VIX) is drifting back toward the 17 line as optimism returns to the S&P 500 and capital rotates into stocks. The VIX closed near 18 on Monday after dipping to almost 17 late last week, well below the peak above 31 recorded in late March. In a display of a shifting ... CBOE VIX Slides Toward 17 as Oil Retreat and Tech Stock Surge Restore Risk Appetite",2026-05-06T14:08:56Z,24/7 Wall St.
SPY,investment,2026-05-06T16:03:26.816868,Time for Short-Term U.S. Treasury ETFs?,Geopolitical risks and rate outlook boost appeal of short-term U.S. Treasury ETFs as investors seek stability amid volatile equity and oil markets.,2026-05-06T14:00:00Z,Zacks
SPY,investment,2026-05-06T16:03:26.816871,It’s Time to Bet Against This Roaring Stock Market With Options,"After earnings season ends, there won‘t be much to entertain investors. Many of them perceive markets as a perpetual movie and themselves as cosplay characters.",2026-05-06T13:09:00Z,Barrons.com
QQQ,investment,2026-05-06T16:03:26.916103,"Exchange-Traded Funds, Equity Futures Higher Pre-Bell Wednesday Amid Potential US-Iran Truce",The broad market exchange-traded fund SPDR S&P 500 ETF Trust (SPY) was up 1% and the actively traded,2026-05-06T12:32:33Z,MT Newswires
QQQ,investment,2026-05-06T16:03:26.916106,"ETF Fund Flows as of May 5, 2026","<p>U.S. fixed income led all asset classes with $4.85 billion in net inflows on May 5, 2026, as total ETF flows reached $9.85 billion. Vanguard's VOO topped creations with $1.48 billion in new assets, while Invesco's QQQ suffered the steepest redemptions at $3.27 billion.</p>",2026-05-05T21:00:04Z,etf.com
VTI,investment,2026-05-06T16:03:27.022232,"If Your Portfolio Is Too American, VXUS Is The Simple Fix","If you opened your brokerage statement this year and noticed your portfolio looked suspiciously like the S&P 500 with a few extra tech names sprinkled in, you are not alone. American investors have spent the last decade being rewarded for ignoring everything outside their own borders, and the muscle memory is hard to break. Vanguard ... If Your Portfolio Is Too American, VXUS Is The Simple Fix",2026-05-05T17:20:48Z,24/7 Wall St.
VTI,investment,2026-05-06T16:03:27.022245,The Cheap Way to Own the Entire U.S. Stock Market Right Now,You don't have to overthink investing. Keep it simple.,2026-05-04T10:01:00Z,Motley Fool
VTI,investment,2026-05-06T16:03:27.022248,Tech ETFs Dominate as $11.4B Floods Into U.S. Equity Funds,"<p>Here are the daily ETF fund flows for April 30, 2026.</p>",2026-04-30T21:00:04Z,etf.com
ARKK,investment,2026-05-06T16:03:27.127237,Cathie Wood Remains Convinced on CoreWeave After 78% YTD Rally in CRWV Stock,"Wood invested and divested CoreWeave, as the stock is up 78.65% this year.",2026-05-05T18:53:45Z,Barchart
ARKK,investment,2026-05-06T16:03:27.127251,Intellia Therapeutics Stock Is Down Nearly 95% From Its Record Highs but Cathie Wood Keeps Buying,"Despite Intellia's severe stock drop from its 2021 peak, Cathie Wood is buying big.",2026-05-05T18:05:20Z,Barchart
ARKK,investment,2026-05-06T16:03:27.127256,Cathie Wood Is Shrugging Off CapEx Fears and Buying the Dip in Meta Platforms Stock,Cathie Wood's move signals that the market may be treating the spending surge as a temporary overhang on an otherwise intact long-term growth thesis.,2026-05-04T20:49:49Z,Barchart
GLD,investment,2026-05-06T16:03:27.222855,Gold and Silver Catch Fire as Iran Deal Hopes Rewrite the Inflation Playbook,"The PHLX Gold/Silver Sector (^XAU) is climbing roughly 8% this morning as a wave of buying hits both bullion and the equities that mine it. Spot gold is trading near $4,695 an ounce, up about 3%, while silver is jumping a sharper 5.5% to roughly $77 an ounce. The catalyst is a combination of geopolitical ... Gold and Silver Catch Fire as Iran Deal Hopes Rewrite the Inflation Playbook",2026-05-06T14:23:44Z,24/7 Wall St.
GLD,investment,2026-05-06T16:03:27.222869,Gold Moves Higher as USD and Yields Retreat Following Reports the Iran War May Be Near an End,Gold prices rose early Wednesday as the U.S. dollar and yields were sharply lower on reports Iran an,2026-05-06T13:37:27Z,MT Newswires
SPY,investment,2026-05-06T16:03:37.737163,CBOE VIX Slides Toward 17 as Oil Retreat and Tech Stock Surge Restore Risk Appetite,"The CBOE Volatility Index (^VIX) is drifting back toward the 17 line as optimism returns to the S&P 500 and capital rotates into stocks. The VIX closed near 18 on Monday after dipping to almost 17 late last week, well below the peak above 31 recorded in late March. In a display of a shifting ... CBOE VIX Slides Toward 17 as Oil Retreat and Tech Stock Surge Restore Risk Appetite",2026-05-06T14:08:56Z,24/7 Wall St.
SPY,investment,2026-05-06T16:03:37.737175,Time for Short-Term U.S. Treasury ETFs?,Geopolitical risks and rate outlook boost appeal of short-term U.S. Treasury ETFs as investors seek stability amid volatile equity and oil markets.,2026-05-06T14:00:00Z,Zacks
SPY,investment,2026-05-06T16:03:37.737178,It’s Time to Bet Against This Roaring Stock Market With Options,"After earnings season ends, there won‘t be much to entertain investors. Many of them perceive markets as a perpetual movie and themselves as cosplay characters.",2026-05-06T13:09:00Z,Barrons.com
QQQ,investment,2026-05-06T16:03:37.932764,"Exchange-Traded Funds, Equity Futures Higher Pre-Bell Wednesday Amid Potential US-Iran Truce",The broad market exchange-traded fund SPDR S&P 500 ETF Trust (SPY) was up 1% and the actively traded,2026-05-06T12:32:33Z,MT Newswires
QQQ,investment,2026-05-06T16:03:37.932767,"ETF Fund Flows as of May 5, 2026","<p>U.S. fixed income led all asset classes with $4.85 billion in net inflows on May 5, 2026, as total ETF flows reached $9.85 billion. Vanguard's VOO topped creations with $1.48 billion in new assets, while Invesco's QQQ suffered the steepest redemptions at $3.27 billion.</p>",2026-05-05T21:00:04Z,etf.com
VTI,investment,2026-05-06T16:03:38.077947,"If Your Portfolio Is Too American, VXUS Is The Simple Fix","If you opened your brokerage statement this year and noticed your portfolio looked suspiciously like the S&P 500 with a few extra tech names sprinkled in, you are not alone. American investors have spent the last decade being rewarded for ignoring everything outside their own borders, and the muscle memory is hard to break. Vanguard ... If Your Portfolio Is Too American, VXUS Is The Simple Fix",2026-05-05T17:20:48Z,24/7 Wall St.
VTI,investment,2026-05-06T16:03:38.077960,The Cheap Way to Own the Entire U.S. Stock Market Right Now,You don't have to overthink investing. Keep it simple.,2026-05-04T10:01:00Z,Motley Fool
VTI,investment,2026-05-06T16:03:38.077963,Tech ETFs Dominate as $11.4B Floods Into U.S. Equity Funds,"<p>Here are the daily ETF fund flows for April 30, 2026.</p>",2026-04-30T21:00:04Z,etf.com
ARKK,investment,2026-05-06T16:03:38.192650,Cathie Wood Remains Convinced on CoreWeave After 78% YTD Rally in CRWV Stock,"Wood invested and divested CoreWeave, as the stock is up 78.65% this year.",2026-05-05T18:53:45Z,Barchart
ARKK,investment,2026-05-06T16:03:38.192662,Intellia Therapeutics Stock Is Down Nearly 95% From Its Record Highs but Cathie Wood Keeps Buying,"Despite Intellia's severe stock drop from its 2021 peak, Cathie Wood is buying big.",2026-05-05T18:05:20Z,Barchart
ARKK,investment,2026-05-06T16:03:38.192669,Cathie Wood Is Shrugging Off CapEx Fears and Buying the Dip in Meta Platforms Stock,Cathie Wood's move signals that the market may be treating the spending surge as a temporary overhang on an otherwise intact long-term growth thesis.,2026-05-04T20:49:49Z,Barchart
GLD,investment,2026-05-06T16:03:38.316609,Gold and Silver Catch Fire as Iran Deal Hopes Rewrite the Inflation Playbook,"The PHLX Gold/Silver Sector (^XAU) is climbing roughly 8% this morning as a wave of buying hits both bullion and the equities that mine it. Spot gold is trading near $4,695 an ounce, up about 3%, while silver is jumping a sharper 5.5% to roughly $77 an ounce. The catalyst is a combination of geopolitical ... Gold and Silver Catch Fire as Iran Deal Hopes Rewrite the Inflation Playbook",2026-05-06T14:23:44Z,24/7 Wall St.
GLD,investment,2026-05-06T16:03:38.316621,Gold Moves Higher as USD and Yields Retreat Following Reports the Iran War May Be Near an End,Gold prices rose early Wednesday as the U.S. dollar and yields were sharply lower on reports Iran an,2026-05-06T13:37:27Z,MT Newswires
SPY,investment,2026-05-06T16:03:48.520689,CBOE VIX Slides Toward 17 as Oil Retreat and Tech Stock Surge Restore Risk Appetite,"The CBOE Volatility Index (^VIX) is drifting back toward the 17 line as optimism returns to the S&P 500 and capital rotates into stocks. The VIX closed near 18 on Monday after dipping to almost 17 late last week, well below the peak above 31 recorded in late March. In a display of a shifting ... CBOE VIX Slides Toward 17 as Oil Retreat and Tech Stock Surge Restore Risk Appetite",2026-05-06T14:08:56Z,24/7 Wall St.
SPY,investment,2026-05-06T16:03:48.520701,Time for Short-Term U.S. Treasury ETFs?,Geopolitical risks and rate outlook boost appeal of short-term U.S. Treasury ETFs as investors seek stability amid volatile equity and oil markets.,2026-05-06T14:00:00Z,Zacks
SPY,investment,2026-05-06T16:03:48.520703,It’s Time to Bet Against This Roaring Stock Market With Options,"After earnings season ends, there won‘t be much to entertain investors. Many of them perceive markets as a perpetual movie and themselves as cosplay characters.",2026-05-06T13:09:00Z,Barrons.com
QQQ,investment,2026-05-06T16:03:48.628264,"Exchange-Traded Funds, Equity Futures Higher Pre-Bell Wednesday Amid Potential US-Iran Truce",The broad market exchange-traded fund SPDR S&P 500 ETF Trust (SPY) was up 1% and the actively traded,2026-05-06T12:32:33Z,MT Newswires
QQQ,investment,2026-05-06T16:03:48.628266,"ETF Fund Flows as of May 5, 2026","<p>U.S. fixed income led all asset classes with $4.85 billion in net inflows on May 5, 2026, as total ETF flows reached $9.85 billion. Vanguard's VOO topped creations with $1.48 billion in new assets, while Invesco's QQQ suffered the steepest redemptions at $3.27 billion.</p>",2026-05-05T21:00:04Z,etf.com
VTI,investment,2026-05-06T16:03:48.815825,"If Your Portfolio Is Too American, VXUS Is The Simple Fix","If you opened your brokerage statement this year and noticed your portfolio looked suspiciously like the S&P 500 with a few extra tech names sprinkled in, you are not alone. American investors have spent the last decade being rewarded for ignoring everything outside their own borders, and the muscle memory is hard to break. Vanguard ... If Your Portfolio Is Too American, VXUS Is The Simple Fix",2026-05-05T17:20:48Z,24/7 Wall St.
VTI,investment,2026-05-06T16:03:48.815837,The Cheap Way to Own the Entire U.S. Stock Market Right Now,You don't have to overthink investing. Keep it simple.,2026-05-04T10:01:00Z,Motley Fool
VTI,investment,2026-05-06T16:03:48.815839,Tech ETFs Dominate as $11.4B Floods Into U.S. Equity Funds,"<p>Here are the daily ETF fund flows for April 30, 2026.</p>",2026-04-30T21:00:04Z,etf.com
ARKK,investment,2026-05-06T16:03:48.999371,Cathie Wood Remains Convinced on CoreWeave After 78% YTD Rally in CRWV Stock,"Wood invested and divested CoreWeave, as the stock is up 78.65% this year.",2026-05-05T18:53:45Z,Barchart
ARKK,investment,2026-05-06T16:03:48.999384,Intellia Therapeutics Stock Is Down Nearly 95% From Its Record Highs but Cathie Wood Keeps Buying,"Despite Intellia's severe stock drop from its 2021 peak, Cathie Wood is buying big.",2026-05-05T18:05:20Z,Barchart
ARKK,investment,2026-05-06T16:03:48.999387,Cathie Wood Is Shrugging Off CapEx Fears and Buying the Dip in Meta Platforms Stock,Cathie Wood's move signals that the market may be treating the spending surge as a temporary overhang on an otherwise intact long-term growth thesis.,2026-05-04T20:49:49Z,Barchart
GLD,investment,2026-05-06T16:03:49.147210,Gold and Silver Catch Fire as Iran Deal Hopes Rewrite the Inflation Playbook,"The PHLX Gold/Silver Sector (^XAU) is climbing roughly 8% this morning as a wave of buying hits both bullion and the equities that mine it. Spot gold is trading near $4,695 an ounce, up about 3%, while silver is jumping a sharper 5.5% to roughly $77 an ounce. The catalyst is a combination of geopolitical ... Gold and Silver Catch Fire as Iran Deal Hopes Rewrite the Inflation Playbook",2026-05-06T14:23:44Z,24/7 Wall St.
GLD,investment,2026-05-06T16:03:49.147223,Gold Moves Higher as USD and Yields Retreat Following Reports the Iran War May Be Near an End,Gold prices rose early Wednesday as the U.S. dollar and yields were sharply lower on reports Iran an,2026-05-06T13:37:27Z,MT Newswires
SPY,investment,2026-05-06T16:03:59.573070,CBOE VIX Slides Toward 17 as Oil Retreat and Tech Stock Surge Restore Risk Appetite,"The CBOE Volatility Index (^VIX) is drifting back toward the 17 line as optimism returns to the S&P 500 and capital rotates into stocks. The VIX closed near 18 on Monday after dipping to almost 17 late last week, well below the peak above 31 recorded in late March. In a display of a shifting ... CBOE VIX Slides Toward 17 as Oil Retreat and Tech Stock Surge Restore Risk Appetite",2026-05-06T14:08:56Z,24/7 Wall St.
SPY,investment,2026-05-06T16:03:59.573077,Time for Short-Term U.S. Treasury ETFs?,Geopolitical risks and rate outlook boost appeal of short-term U.S. Treasury ETFs as investors seek stability amid volatile equity and oil markets.,2026-05-06T14:00:00Z,Zacks
SPY,investment,2026-05-06T16:03:59.573080,It’s Time to Bet Against This Roaring Stock Market With Options,"After earnings season ends, there won‘t be much to entertain investors. Many of them perceive markets as a perpetual movie and themselves as cosplay characters.",2026-05-06T13:09:00Z,Barrons.com
QQQ,investment,2026-05-06T16:03:59.684491,"Exchange-Traded Funds, Equity Futures Higher Pre-Bell Wednesday Amid Potential US-Iran Truce",The broad market exchange-traded fund SPDR S&P 500 ETF Trust (SPY) was up 1% and the actively traded,2026-05-06T12:32:33Z,MT Newswires
QQQ,investment,2026-05-06T16:03:59.684493,"ETF Fund Flows as of May 5, 2026","<p>U.S. fixed income led all asset classes with $4.85 billion in net inflows on May 5, 2026, as total ETF flows reached $9.85 billion. Vanguard's VOO topped creations with $1.48 billion in new assets, while Invesco's QQQ suffered the steepest redemptions at $3.27 billion.</p>",2026-05-05T21:00:04Z,etf.com
VTI,investment,2026-05-06T16:03:59.783696,"If Your Portfolio Is Too American, VXUS Is The Simple Fix","If you opened your brokerage statement this year and noticed your portfolio looked suspiciously like the S&P 500 with a few extra tech names sprinkled in, you are not alone. American investors have spent the last decade being rewarded for ignoring everything outside their own borders, and the muscle memory is hard to break. Vanguard ... If Your Portfolio Is Too American, VXUS Is The Simple Fix",2026-05-05T17:20:48Z,24/7 Wall St.
VTI,investment,2026-05-06T16:03:59.783703,The Cheap Way to Own the Entire U.S. Stock Market Right Now,You don't have to overthink investing. Keep it simple.,2026-05-04T10:01:00Z,Motley Fool
VTI,investment,2026-05-06T16:03:59.783705,Tech ETFs Dominate as $11.4B Floods Into U.S. Equity Funds,"<p>Here are the daily ETF fund flows for April 30, 2026.</p>",2026-04-30T21:00:04Z,etf.com
ARKK,investment,2026-05-06T16:03:59.893474,Cathie Wood Remains Convinced on CoreWeave After 78% YTD Rally in CRWV Stock,"Wood invested and divested CoreWeave, as the stock is up 78.65% this year.",2026-05-05T18:53:45Z,Barchart
ARKK,investment,2026-05-06T16:03:59.893487,Intellia Therapeutics Stock Is Down Nearly 95% From Its Record Highs but Cathie Wood Keeps Buying,"Despite Intellia's severe stock drop from its 2021 peak, Cathie Wood is buying big.",2026-05-05T18:05:20Z,Barchart
ARKK,investment,2026-05-06T16:03:59.893489,Cathie Wood Is Shrugging Off CapEx Fears and Buying the Dip in Meta Platforms Stock,Cathie Wood's move signals that the market may be treating the spending surge as a temporary overhang on an otherwise intact long-term growth thesis.,2026-05-04T20:49:49Z,Barchart
GLD,investment,2026-05-06T16:04:00.005356,Gold and Silver Catch Fire as Iran Deal Hopes Rewrite the Inflation Playbook,"The PHLX Gold/Silver Sector (^XAU) is climbing roughly 8% this morning as a wave of buying hits both bullion and the equities that mine it. Spot gold is trading near $4,695 an ounce, up about 3%, while silver is jumping a sharper 5.5% to roughly $77 an ounce. The catalyst is a combination of geopolitical ... Gold and Silver Catch Fire as Iran Deal Hopes Rewrite the Inflation Playbook",2026-05-06T14:23:44Z,24/7 Wall St.
GLD,investment,2026-05-06T16:04:00.005363,Gold Moves Higher as USD and Yields Retreat Following Reports the Iran War May Be Near an End,Gold prices rose early Wednesday as the U.S. dollar and yields were sharply lower on reports Iran an,2026-05-06T13:37:27Z,MT Newswires
SPY,investment,2026-05-06T19:19:26.281351,This New Dividend Fund Is Chasing Yield And Growth At The Same Time,"Most dividend ETFs make you pick a lane. You can chase yield with funds packed full of utilities, telecoms, and tobacco names that throw off cash but barely grow, or you can buy dividend growth funds that pay you almost nothing today on the promise of bigger checks a decade out. JPMorgan Dividend Leaders ETF ... This New Dividend Fund Is Chasing Yield And Growth At The Same Time",2026-05-06T19:05:57Z,24/7 Wall St.
SPY,investment,2026-05-06T19:19:26.281366,Portfolio Manager Reveals How Selling a 19-Bagger Too Early Changed His Investment Philosophy Forever,"On a recent episode of The Compound and Friends hosted by Josh Brown, former Janus analyst Matt Ancrum told a story about how he’d made the correct call that Fastenal (NASDAQ:FAST) stock would sell off, but by selling the position, the firm missed out on the stock’s eventual 19x move. This was an epiphany moment ... Portfolio Manager Reveals How Selling a 19-Bagger Too Early Changed His Investment Philosophy Forever",2026-05-06T18:15:56Z,24/7 Wall St.
SPY,investment,2026-05-06T19:19:26.281369,CBOE VIX Slides Toward 17 as Oil Retreat and Tech Stock Surge Restore Risk Appetite,"The CBOE Volatility Index (^VIX) is drifting back toward the 17 line as optimism returns to the S&P 500 and capital rotates into stocks. The VIX closed near 18 on Monday after dipping to almost 17 late last week, well below the peak above 31 recorded in late March. In a display of a shifting ... CBOE VIX Slides Toward 17 as Oil Retreat and Tech Stock Surge Restore Risk Appetite",2026-05-06T14:08:56Z,24/7 Wall St.
QQQ,investment,2026-05-06T19:19:26.412716,The space ETFs prepping for liftoff ahead of SpaceX IPO,"Space-related funds are seeing a surge of inflows as investors eagerly await the IPO of Elon Musk's SpaceX (SPAX.PVT). In the latest installment of Yahoo Finance's ETF Report, TMX VettaFi head of research Todd Rosenbluth to talk about the ETFs that could draw in the most investors — like the Procure Space ETF (UFO) — as interest in the broader space economy grows. Rosenbluth goes on to weigh in on prediction market ETFs that are set to launch.",2026-05-06T16:15:00Z,Yahoo Finance Video
QQQ,investment,2026-05-06T19:19:26.412733,Exchange-Traded Funds Rise as US Equities Climb After Midday,Broad Market Indicators Broad-market exchange-traded fund IWM and IVV rose. Actively traded In,2026-05-06T17:13:12Z,MT Newswires
VTI,investment,2026-05-06T19:19:26.545937,"If Your Portfolio Is Too American, VXUS Is The Simple Fix","If you opened your brokerage statement this year and noticed your portfolio looked suspiciously like the S&P 500 with a few extra tech names sprinkled in, you are not alone. American investors have spent the last decade being rewarded for ignoring everything outside their own borders, and the muscle memory is hard to break. Vanguard ... If Your Portfolio Is Too American, VXUS Is The Simple Fix",2026-05-05T17:20:48Z,24/7 Wall St.
VTI,investment,2026-05-06T19:19:26.545951,The Cheap Way to Own the Entire U.S. Stock Market Right Now,You don't have to overthink investing. Keep it simple.,2026-05-04T10:01:00Z,Motley Fool
VTI,investment,2026-05-06T19:19:26.545954,Tech ETFs Dominate as $11.4B Floods Into U.S. Equity Funds,"<p>Here are the daily ETF fund flows for April 30, 2026.</p>",2026-04-30T21:00:04Z,etf.com
ARKK,investment,2026-05-06T19:19:26.676735,Cathie Wood Remains Convinced on CoreWeave After 78% YTD Rally in CRWV Stock,"Wood invested and divested CoreWeave, as the stock is up 78.65% this year.",2026-05-05T18:53:45Z,Barchart
ARKK,investment,2026-05-06T19:19:26.676768,Intellia Therapeutics Stock Is Down Nearly 95% From Its Record Highs but Cathie Wood Keeps Buying,"Despite Intellia's severe stock drop from its 2021 peak, Cathie Wood is buying big.",2026-05-05T18:05:20Z,Barchart
ARKK,investment,2026-05-06T19:19:26.676771,Cathie Wood Is Shrugging Off CapEx Fears and Buying the Dip in Meta Platforms Stock,Cathie Wood's move signals that the market may be treating the spending surge as a temporary overhang on an otherwise intact long-term growth thesis.,2026-05-04T20:49:49Z,Barchart
GLD,investment,2026-05-06T19:19:26.925200,Gold and Silver Mining ETFs Surge as Precious Metals Rally Accelerates,"<p>Precious metals ETFs surged on Wednesday as gold and silver miners posted outsized gains, driven by a weakening dollar, safe-haven demand, and strong institutional inflows. The <a href=""https://www.etf.com/GDX""><strong>VanEck Gold Miners ETF (GDX)</strong></a>, the <a href=""https://www.etf.com/GDXJ""><strong>VanEck Junior Gold Miners ETF (GDXJ)</strong></a>, and the <a href=""https://www.etf.com/SLV""><strong>iShares Silver Trust (SLV)</strong></a> each logged their largest single-day gains in m",2026-05-06T18:26:02Z,etf.com
GLD,investment,2026-05-06T19:19:26.925214,Update: Gold Moves Higher as the Dollar and Yields Retreat Following Reports the Iran War May Be Near an End,(Updates prices.) Gold was higher midafternoon on Wednesday as the U.S. dollar and yields were sh,2026-05-06T18:00:10Z,MT Newswires
GLD,investment,2026-05-06T19:19:26.925217,Is The SPDR Gold Shares ETF Becoming a Crowded Trade That Smart Investors Should Avoid?,The furious gold rally of more than two years looks like it's finally cooling in 2026. This previously overcrowded trade doesn't look quite so overcrowded anymore.,2026-05-06T17:25:00Z,Motley Fool
SPY,investment,2026-05-06T19:19:38.577682,This New Dividend Fund Is Chasing Yield And Growth At The Same Time,"Most dividend ETFs make you pick a lane. You can chase yield with funds packed full of utilities, telecoms, and tobacco names that throw off cash but barely grow, or you can buy dividend growth funds that pay you almost nothing today on the promise of bigger checks a decade out. JPMorgan Dividend Leaders ETF ... This New Dividend Fund Is Chasing Yield And Growth At The Same Time",2026-05-06T19:05:57Z,24/7 Wall St.
SPY,investment,2026-05-06T19:19:38.577694,Portfolio Manager Reveals How Selling a 19-Bagger Too Early Changed His Investment Philosophy Forever,"On a recent episode of The Compound and Friends hosted by Josh Brown, former Janus analyst Matt Ancrum told a story about how he’d made the correct call that Fastenal (NASDAQ:FAST) stock would sell off, but by selling the position, the firm missed out on the stock’s eventual 19x move. This was an epiphany moment ... Portfolio Manager Reveals How Selling a 19-Bagger Too Early Changed His Investment Philosophy Forever",2026-05-06T18:15:56Z,24/7 Wall St.
SPY,investment,2026-05-06T19:19:38.577696,CBOE VIX Slides Toward 17 as Oil Retreat and Tech Stock Surge Restore Risk Appetite,"The CBOE Volatility Index (^VIX) is drifting back toward the 17 line as optimism returns to the S&P 500 and capital rotates into stocks. The VIX closed near 18 on Monday after dipping to almost 17 late last week, well below the peak above 31 recorded in late March. In a display of a shifting ... CBOE VIX Slides Toward 17 as Oil Retreat and Tech Stock Surge Restore Risk Appetite",2026-05-06T14:08:56Z,24/7 Wall St.
QQQ,investment,2026-05-06T19:19:38.705633,The space ETFs prepping for liftoff ahead of SpaceX IPO,"Space-related funds are seeing a surge of inflows as investors eagerly await the IPO of Elon Musk's SpaceX (SPAX.PVT). In the latest installment of Yahoo Finance's ETF Report, TMX VettaFi head of research Todd Rosenbluth to talk about the ETFs that could draw in the most investors — like the Procure Space ETF (UFO) — as interest in the broader space economy grows. Rosenbluth goes on to weigh in on prediction market ETFs that are set to launch.",2026-05-06T16:15:00Z,Yahoo Finance Video
QQQ,investment,2026-05-06T19:19:38.705644,Exchange-Traded Funds Rise as US Equities Climb After Midday,Broad Market Indicators Broad-market exchange-traded fund IWM and IVV rose. Actively traded In,2026-05-06T17:13:12Z,MT Newswires
VTI,investment,2026-05-06T19:19:38.891958,"If Your Portfolio Is Too American, VXUS Is The Simple Fix","If you opened your brokerage statement this year and noticed your portfolio looked suspiciously like the S&P 500 with a few extra tech names sprinkled in, you are not alone. American investors have spent the last decade being rewarded for ignoring everything outside their own borders, and the muscle memory is hard to break. Vanguard ... If Your Portfolio Is Too American, VXUS Is The Simple Fix",2026-05-05T17:20:48Z,24/7 Wall St.
VTI,investment,2026-05-06T19:19:38.891971,The Cheap Way to Own the Entire U.S. Stock Market Right Now,You don't have to overthink investing. Keep it simple.,2026-05-04T10:01:00Z,Motley Fool
VTI,investment,2026-05-06T19:19:38.891973,Tech ETFs Dominate as $11.4B Floods Into U.S. Equity Funds,"<p>Here are the daily ETF fund flows for April 30, 2026.</p>",2026-04-30T21:00:04Z,etf.com
ARKK,investment,2026-05-06T19:19:39.187237,Cathie Wood Remains Convinced on CoreWeave After 78% YTD Rally in CRWV Stock,"Wood invested and divested CoreWeave, as the stock is up 78.65% this year.",2026-05-05T18:53:45Z,Barchart
ARKK,investment,2026-05-06T19:19:39.187251,Intellia Therapeutics Stock Is Down Nearly 95% From Its Record Highs but Cathie Wood Keeps Buying,"Despite Intellia's severe stock drop from its 2021 peak, Cathie Wood is buying big.",2026-05-05T18:05:20Z,Barchart
ARKK,investment,2026-05-06T19:19:39.187254,Cathie Wood Is Shrugging Off CapEx Fears and Buying the Dip in Meta Platforms Stock,Cathie Wood's move signals that the market may be treating the spending surge as a temporary overhang on an otherwise intact long-term growth thesis.,2026-05-04T20:49:49Z,Barchart
GLD,investment,2026-05-06T19:19:39.325032,Gold and Silver Mining ETFs Surge as Precious Metals Rally Accelerates,"<p>Precious metals ETFs surged on Wednesday as gold and silver miners posted outsized gains, driven by a weakening dollar, safe-haven demand, and strong institutional inflows. The <a href=""https://www.etf.com/GDX""><strong>VanEck Gold Miners ETF (GDX)</strong></a>, the <a href=""https://www.etf.com/GDXJ""><strong>VanEck Junior Gold Miners ETF (GDXJ)</strong></a>, and the <a href=""https://www.etf.com/SLV""><strong>iShares Silver Trust (SLV)</strong></a> each logged their largest single-day gains in m",2026-05-06T18:26:02Z,etf.com
GLD,investment,2026-05-06T19:19:39.325046,Update: Gold Moves Higher as the Dollar and Yields Retreat Following Reports the Iran War May Be Near an End,(Updates prices.) Gold was higher midafternoon on Wednesday as the U.S. dollar and yields were sh,2026-05-06T18:00:10Z,MT Newswires
GLD,investment,2026-05-06T19:19:39.325049,Is The SPDR Gold Shares ETF Becoming a Crowded Trade That Smart Investors Should Avoid?,The furious gold rally of more than two years looks like it's finally cooling in 2026. This previously overcrowded trade doesn't look quite so overcrowded anymore.,2026-05-06T17:25:00Z,Motley Fool
SPY,investment,2026-05-06T19:19:49.571787,This New Dividend Fund Is Chasing Yield And Growth At The Same Time,"Most dividend ETFs make you pick a lane. You can chase yield with funds packed full of utilities, telecoms, and tobacco names that throw off cash but barely grow, or you can buy dividend growth funds that pay you almost nothing today on the promise of bigger checks a decade out. JPMorgan Dividend Leaders ETF ... This New Dividend Fund Is Chasing Yield And Growth At The Same Time",2026-05-06T19:05:57Z,24/7 Wall St.
SPY,investment,2026-05-06T19:19:49.571800,Portfolio Manager Reveals How Selling a 19-Bagger Too Early Changed His Investment Philosophy Forever,"On a recent episode of The Compound and Friends hosted by Josh Brown, former Janus analyst Matt Ancrum told a story about how he’d made the correct call that Fastenal (NASDAQ:FAST) stock would sell off, but by selling the position, the firm missed out on the stock’s eventual 19x move. This was an epiphany moment ... Portfolio Manager Reveals How Selling a 19-Bagger Too Early Changed His Investment Philosophy Forever",2026-05-06T18:15:56Z,24/7 Wall St.
SPY,investment,2026-05-06T19:19:49.571803,CBOE VIX Slides Toward 17 as Oil Retreat and Tech Stock Surge Restore Risk Appetite,"The CBOE Volatility Index (^VIX) is drifting back toward the 17 line as optimism returns to the S&P 500 and capital rotates into stocks. The VIX closed near 18 on Monday after dipping to almost 17 late last week, well below the peak above 31 recorded in late March. In a display of a shifting ... CBOE VIX Slides Toward 17 as Oil Retreat and Tech Stock Surge Restore Risk Appetite",2026-05-06T14:08:56Z,24/7 Wall St.
QQQ,investment,2026-05-06T19:19:49.813811,The space ETFs prepping for liftoff ahead of SpaceX IPO,"Space-related funds are seeing a surge of inflows as investors eagerly await the IPO of Elon Musk's SpaceX (SPAX.PVT). In the latest installment of Yahoo Finance's ETF Report, TMX VettaFi head of research Todd Rosenbluth to talk about the ETFs that could draw in the most investors — like the Procure Space ETF (UFO) — as interest in the broader space economy grows. Rosenbluth goes on to weigh in on prediction market ETFs that are set to launch.",2026-05-06T16:15:00Z,Yahoo Finance Video
QQQ,investment,2026-05-06T19:19:49.813826,Exchange-Traded Funds Rise as US Equities Climb After Midday,Broad Market Indicators Broad-market exchange-traded fund IWM and IVV rose. Actively traded In,2026-05-06T17:13:12Z,MT Newswires
VTI,investment,2026-05-06T19:19:49.949623,"If Your Portfolio Is Too American, VXUS Is The Simple Fix","If you opened your brokerage statement this year and noticed your portfolio looked suspiciously like the S&P 500 with a few extra tech names sprinkled in, you are not alone. American investors have spent the last decade being rewarded for ignoring everything outside their own borders, and the muscle memory is hard to break. Vanguard ... If Your Portfolio Is Too American, VXUS Is The Simple Fix",2026-05-05T17:20:48Z,24/7 Wall St.
VTI,investment,2026-05-06T19:19:49.949637,The Cheap Way to Own the Entire U.S. Stock Market Right Now,You don't have to overthink investing. Keep it simple.,2026-05-04T10:01:00Z,Motley Fool
VTI,investment,2026-05-06T19:19:49.949640,Tech ETFs Dominate as $11.4B Floods Into U.S. Equity Funds,"<p>Here are the daily ETF fund flows for April 30, 2026.</p>",2026-04-30T21:00:04Z,etf.com
ARKK,investment,2026-05-06T19:19:50.079108,Cathie Wood Remains Convinced on CoreWeave After 78% YTD Rally in CRWV Stock,"Wood invested and divested CoreWeave, as the stock is up 78.65% this year.",2026-05-05T18:53:45Z,Barchart
ARKK,investment,2026-05-06T19:19:50.079123,Intellia Therapeutics Stock Is Down Nearly 95% From Its Record Highs but Cathie Wood Keeps Buying,"Despite Intellia's severe stock drop from its 2021 peak, Cathie Wood is buying big.",2026-05-05T18:05:20Z,Barchart
ARKK,investment,2026-05-06T19:19:50.079125,Cathie Wood Is Shrugging Off CapEx Fears and Buying the Dip in Meta Platforms Stock,Cathie Wood's move signals that the market may be treating the spending surge as a temporary overhang on an otherwise intact long-term growth thesis.,2026-05-04T20:49:49Z,Barchart
GLD,investment,2026-05-06T19:19:50.204212,Gold and Silver Mining ETFs Surge as Precious Metals Rally Accelerates,"<p>Precious metals ETFs surged on Wednesday as gold and silver miners posted outsized gains, driven by a weakening dollar, safe-haven demand, and strong institutional inflows. The <a href=""https://www.etf.com/GDX""><strong>VanEck Gold Miners ETF (GDX)</strong></a>, the <a href=""https://www.etf.com/GDXJ""><strong>VanEck Junior Gold Miners ETF (GDXJ)</strong></a>, and the <a href=""https://www.etf.com/SLV""><strong>iShares Silver Trust (SLV)</strong></a> each logged their largest single-day gains in m",2026-05-06T18:26:02Z,etf.com
GLD,investment,2026-05-06T19:19:50.204226,Update: Gold Moves Higher as the Dollar and Yields Retreat Following Reports the Iran War May Be Near an End,(Updates prices.) Gold was higher midafternoon on Wednesday as the U.S. dollar and yields were sh,2026-05-06T18:00:10Z,MT Newswires
GLD,investment,2026-05-06T19:19:50.204230,Is The SPDR Gold Shares ETF Becoming a Crowded Trade That Smart Investors Should Avoid?,The furious gold rally of more than two years looks like it's finally cooling in 2026. This previously overcrowded trade doesn't look quite so overcrowded anymore.,2026-05-06T17:25:00Z,Motley Fool
SPY,investment,2026-05-06T19:20:00.427764,This New Dividend Fund Is Chasing Yield And Growth At The Same Time,"Most dividend ETFs make you pick a lane. You can chase yield with funds packed full of utilities, telecoms, and tobacco names that throw off cash but barely grow, or you can buy dividend growth funds that pay you almost nothing today on the promise of bigger checks a decade out. JPMorgan Dividend Leaders ETF ... This New Dividend Fund Is Chasing Yield And Growth At The Same Time",2026-05-06T19:05:57Z,24/7 Wall St.
SPY,investment,2026-05-06T19:20:00.427777,Portfolio Manager Reveals How Selling a 19-Bagger Too Early Changed His Investment Philosophy Forever,"On a recent episode of The Compound and Friends hosted by Josh Brown, former Janus analyst Matt Ancrum told a story about how he’d made the correct call that Fastenal (NASDAQ:FAST) stock would sell off, but by selling the position, the firm missed out on the stock’s eventual 19x move. This was an epiphany moment ... Portfolio Manager Reveals How Selling a 19-Bagger Too Early Changed His Investment Philosophy Forever",2026-05-06T18:15:56Z,24/7 Wall St.
SPY,investment,2026-05-06T19:20:00.427780,CBOE VIX Slides Toward 17 as Oil Retreat and Tech Stock Surge Restore Risk Appetite,"The CBOE Volatility Index (^VIX) is drifting back toward the 17 line as optimism returns to the S&P 500 and capital rotates into stocks. The VIX closed near 18 on Monday after dipping to almost 17 late last week, well below the peak above 31 recorded in late March. In a display of a shifting ... CBOE VIX Slides Toward 17 as Oil Retreat and Tech Stock Surge Restore Risk Appetite",2026-05-06T14:08:56Z,24/7 Wall St.
QQQ,investment,2026-05-06T19:20:00.565392,The space ETFs prepping for liftoff ahead of SpaceX IPO,"Space-related funds are seeing a surge of inflows as investors eagerly await the IPO of Elon Musk's SpaceX (SPAX.PVT). In the latest installment of Yahoo Finance's ETF Report, TMX VettaFi head of research Todd Rosenbluth to talk about the ETFs that could draw in the most investors — like the Procure Space ETF (UFO) — as interest in the broader space economy grows. Rosenbluth goes on to weigh in on prediction market ETFs that are set to launch.",2026-05-06T16:15:00Z,Yahoo Finance Video
QQQ,investment,2026-05-06T19:20:00.565405,Exchange-Traded Funds Rise as US Equities Climb After Midday,Broad Market Indicators Broad-market exchange-traded fund IWM and IVV rose. Actively traded In,2026-05-06T17:13:12Z,MT Newswires
VTI,investment,2026-05-06T19:20:00.713847,"If Your Portfolio Is Too American, VXUS Is The Simple Fix","If you opened your brokerage statement this year and noticed your portfolio looked suspiciously like the S&P 500 with a few extra tech names sprinkled in, you are not alone. American investors have spent the last decade being rewarded for ignoring everything outside their own borders, and the muscle memory is hard to break. Vanguard ... If Your Portfolio Is Too American, VXUS Is The Simple Fix",2026-05-05T17:20:48Z,24/7 Wall St.
VTI,investment,2026-05-06T19:20:00.713859,The Cheap Way to Own the Entire U.S. Stock Market Right Now,You don't have to overthink investing. Keep it simple.,2026-05-04T10:01:00Z,Motley Fool
VTI,investment,2026-05-06T19:20:00.713861,Tech ETFs Dominate as $11.4B Floods Into U.S. Equity Funds,"<p>Here are the daily ETF fund flows for April 30, 2026.</p>",2026-04-30T21:00:04Z,etf.com
ARKK,investment,2026-05-06T19:20:00.856408,Cathie Wood Remains Convinced on CoreWeave After 78% YTD Rally in CRWV Stock,"Wood invested and divested CoreWeave, as the stock is up 78.65% this year.",2026-05-05T18:53:45Z,Barchart
ARKK,investment,2026-05-06T19:20:00.856421,Intellia Therapeutics Stock Is Down Nearly 95% From Its Record Highs but Cathie Wood Keeps Buying,"Despite Intellia's severe stock drop from its 2021 peak, Cathie Wood is buying big.",2026-05-05T18:05:20Z,Barchart
ARKK,investment,2026-05-06T19:20:00.856424,Cathie Wood Is Shrugging Off CapEx Fears and Buying the Dip in Meta Platforms Stock,Cathie Wood's move signals that the market may be treating the spending surge as a temporary overhang on an otherwise intact long-term growth thesis.,2026-05-04T20:49:49Z,Barchart
GLD,investment,2026-05-06T19:20:00.988527,Gold and Silver Mining ETFs Surge as Precious Metals Rally Accelerates,"<p>Precious metals ETFs surged on Wednesday as gold and silver miners posted outsized gains, driven by a weakening dollar, safe-haven demand, and strong institutional inflows. The <a href=""https://www.etf.com/GDX""><strong>VanEck Gold Miners ETF (GDX)</strong></a>, the <a href=""https://www.etf.com/GDXJ""><strong>VanEck Junior Gold Miners ETF (GDXJ)</strong></a>, and the <a href=""https://www.etf.com/SLV""><strong>iShares Silver Trust (SLV)</strong></a> each logged their largest single-day gains in m",2026-05-06T18:26:02Z,etf.com
GLD,investment,2026-05-06T19:20:00.988541,Update: Gold Moves Higher as the Dollar and Yields Retreat Following Reports the Iran War May Be Near an End,(Updates prices.) Gold was higher midafternoon on Wednesday as the U.S. dollar and yields were sh,2026-05-06T18:00:10Z,MT Newswires
GLD,investment,2026-05-06T19:20:00.988544,Is The SPDR Gold Shares ETF Becoming a Crowded Trade That Smart Investors Should Avoid?,The furious gold rally of more than two years looks like it's finally cooling in 2026. This previously overcrowded trade doesn't look quite so overcrowded anymore.,2026-05-06T17:25:00Z,Motley Fool
SPY,investment,2026-05-06T19:20:12.679972,This New Dividend Fund Is Chasing Yield And Growth At The Same Time,"Most dividend ETFs make you pick a lane. You can chase yield with funds packed full of utilities, telecoms, and tobacco names that throw off cash but barely grow, or you can buy dividend growth funds that pay you almost nothing today on the promise of bigger checks a decade out. JPMorgan Dividend Leaders ETF ... This New Dividend Fund Is Chasing Yield And Growth At The Same Time",2026-05-06T19:05:57Z,24/7 Wall St.
SPY,investment,2026-05-06T19:20:12.679987,Portfolio Manager Reveals How Selling a 19-Bagger Too Early Changed His Investment Philosophy Forever,"On a recent episode of The Compound and Friends hosted by Josh Brown, former Janus analyst Matt Ancrum told a story about how he’d made the correct call that Fastenal (NASDAQ:FAST) stock would sell off, but by selling the position, the firm missed out on the stock’s eventual 19x move. This was an epiphany moment ... Portfolio Manager Reveals How Selling a 19-Bagger Too Early Changed His Investment Philosophy Forever",2026-05-06T18:15:56Z,24/7 Wall St.
SPY,investment,2026-05-06T19:20:12.679989,CBOE VIX Slides Toward 17 as Oil Retreat and Tech Stock Surge Restore Risk Appetite,"The CBOE Volatility Index (^VIX) is drifting back toward the 17 line as optimism returns to the S&P 500 and capital rotates into stocks. The VIX closed near 18 on Monday after dipping to almost 17 late last week, well below the peak above 31 recorded in late March. In a display of a shifting ... CBOE VIX Slides Toward 17 as Oil Retreat and Tech Stock Surge Restore Risk Appetite",2026-05-06T14:08:56Z,24/7 Wall St.
QQQ,investment,2026-05-06T19:20:12.802550,The space ETFs prepping for liftoff ahead of SpaceX IPO,"Space-related funds are seeing a surge of inflows as investors eagerly await the IPO of Elon Musk's SpaceX (SPAX.PVT). In the latest installment of Yahoo Finance's ETF Report, TMX VettaFi head of research Todd Rosenbluth to talk about the ETFs that could draw in the most investors — like the Procure Space ETF (UFO) — as interest in the broader space economy grows. Rosenbluth goes on to weigh in on prediction market ETFs that are set to launch.",2026-05-06T16:15:00Z,Yahoo Finance Video
QQQ,investment,2026-05-06T19:20:12.802562,Exchange-Traded Funds Rise as US Equities Climb After Midday,Broad Market Indicators Broad-market exchange-traded fund IWM and IVV rose. Actively traded In,2026-05-06T17:13:12Z,MT Newswires
VTI,investment,2026-05-06T19:20:12.960567,"If Your Portfolio Is Too American, VXUS Is The Simple Fix","If you opened your brokerage statement this year and noticed your portfolio looked suspiciously like the S&P 500 with a few extra tech names sprinkled in, you are not alone. American investors have spent the last decade being rewarded for ignoring everything outside their own borders, and the muscle memory is hard to break. Vanguard ... If Your Portfolio Is Too American, VXUS Is The Simple Fix",2026-05-05T17:20:48Z,24/7 Wall St.
VTI,investment,2026-05-06T19:20:12.960580,The Cheap Way to Own the Entire U.S. Stock Market Right Now,You don't have to overthink investing. Keep it simple.,2026-05-04T10:01:00Z,Motley Fool
VTI,investment,2026-05-06T19:20:12.960583,Tech ETFs Dominate as $11.4B Floods Into U.S. Equity Funds,"<p>Here are the daily ETF fund flows for April 30, 2026.</p>",2026-04-30T21:00:04Z,etf.com
ARKK,investment,2026-05-06T19:20:13.130480,Cathie Wood Remains Convinced on CoreWeave After 78% YTD Rally in CRWV Stock,"Wood invested and divested CoreWeave, as the stock is up 78.65% this year.",2026-05-05T18:53:45Z,Barchart
ARKK,investment,2026-05-06T19:20:13.130494,Intellia Therapeutics Stock Is Down Nearly 95% From Its Record Highs but Cathie Wood Keeps Buying,"Despite Intellia's severe stock drop from its 2021 peak, Cathie Wood is buying big.",2026-05-05T18:05:20Z,Barchart
ARKK,investment,2026-05-06T19:20:13.130497,Cathie Wood Is Shrugging Off CapEx Fears and Buying the Dip in Meta Platforms Stock,Cathie Wood's move signals that the market may be treating the spending surge as a temporary overhang on an otherwise intact long-term growth thesis.,2026-05-04T20:49:49Z,Barchart
GLD,investment,2026-05-06T19:20:13.250875,Gold and Silver Mining ETFs Surge as Precious Metals Rally Accelerates,"<p>Precious metals ETFs surged on Wednesday as gold and silver miners posted outsized gains, driven by a weakening dollar, safe-haven demand, and strong institutional inflows. The <a href=""https://www.etf.com/GDX""><strong>VanEck Gold Miners ETF (GDX)</strong></a>, the <a href=""https://www.etf.com/GDXJ""><strong>VanEck Junior Gold Miners ETF (GDXJ)</strong></a>, and the <a href=""https://www.etf.com/SLV""><strong>iShares Silver Trust (SLV)</strong></a> each logged their largest single-day gains in m",2026-05-06T18:26:02Z,etf.com
GLD,investment,2026-05-06T19:20:13.250890,Update: Gold Moves Higher as the Dollar and Yields Retreat Following Reports the Iran War May Be Near an End,(Updates prices.) Gold was higher midafternoon on Wednesday as the U.S. dollar and yields were sh,2026-05-06T18:00:10Z,MT Newswires
GLD,investment,2026-05-06T19:20:13.250893,Is The SPDR Gold Shares ETF Becoming a Crowded Trade That Smart Investors Should Avoid?,The furious gold rally of more than two years looks like it's finally cooling in 2026. This previously overcrowded trade doesn't look quite so overcrowded anymore.,2026-05-06T17:25:00Z,Motley Fool
SPY,investment,2026-05-06T19:20:23.382420,This New Dividend Fund Is Chasing Yield And Growth At The Same Time,"Most dividend ETFs make you pick a lane. You can chase yield with funds packed full of utilities, telecoms, and tobacco names that throw off cash but barely grow, or you can buy dividend growth funds that pay you almost nothing today on the promise of bigger checks a decade out. JPMorgan Dividend Leaders ETF ... This New Dividend Fund Is Chasing Yield And Growth At The Same Time",2026-05-06T19:05:57Z,24/7 Wall St.
SPY,investment,2026-05-06T19:20:23.382434,Portfolio Manager Reveals How Selling a 19-Bagger Too Early Changed His Investment Philosophy Forever,"On a recent episode of The Compound and Friends hosted by Josh Brown, former Janus analyst Matt Ancrum told a story about how he’d made the correct call that Fastenal (NASDAQ:FAST) stock would sell off, but by selling the position, the firm missed out on the stock’s eventual 19x move. This was an epiphany moment ... Portfolio Manager Reveals How Selling a 19-Bagger Too Early Changed His Investment Philosophy Forever",2026-05-06T18:15:56Z,24/7 Wall St.
SPY,investment,2026-05-06T19:20:23.382438,CBOE VIX Slides Toward 17 as Oil Retreat and Tech Stock Surge Restore Risk Appetite,"The CBOE Volatility Index (^VIX) is drifting back toward the 17 line as optimism returns to the S&P 500 and capital rotates into stocks. The VIX closed near 18 on Monday after dipping to almost 17 late last week, well below the peak above 31 recorded in late March. In a display of a shifting ... CBOE VIX Slides Toward 17 as Oil Retreat and Tech Stock Surge Restore Risk Appetite",2026-05-06T14:08:56Z,24/7 Wall St.
QQQ,investment,2026-05-06T19:20:23.614990,The space ETFs prepping for liftoff ahead of SpaceX IPO,"Space-related funds are seeing a surge of inflows as investors eagerly await the IPO of Elon Musk's SpaceX (SPAX.PVT). In the latest installment of Yahoo Finance's ETF Report, TMX VettaFi head of research Todd Rosenbluth to talk about the ETFs that could draw in the most investors — like the Procure Space ETF (UFO) — as interest in the broader space economy grows. Rosenbluth goes on to weigh in on prediction market ETFs that are set to launch.",2026-05-06T16:15:00Z,Yahoo Finance Video
QQQ,investment,2026-05-06T19:20:23.615004,Exchange-Traded Funds Rise as US Equities Climb After Midday,Broad Market Indicators Broad-market exchange-traded fund IWM and IVV rose. Actively traded In,2026-05-06T17:13:12Z,MT Newswires
VTI,investment,2026-05-06T19:20:23.950029,"If Your Portfolio Is Too American, VXUS Is The Simple Fix","If you opened your brokerage statement this year and noticed your portfolio looked suspiciously like the S&P 500 with a few extra tech names sprinkled in, you are not alone. American investors have spent the last decade being rewarded for ignoring everything outside their own borders, and the muscle memory is hard to break. Vanguard ... If Your Portfolio Is Too American, VXUS Is The Simple Fix",2026-05-05T17:20:48Z,24/7 Wall St.
VTI,investment,2026-05-06T19:20:23.950042,The Cheap Way to Own the Entire U.S. Stock Market Right Now,You don't have to overthink investing. Keep it simple.,2026-05-04T10:01:00Z,Motley Fool
VTI,investment,2026-05-06T19:20:23.950045,Tech ETFs Dominate as $11.4B Floods Into U.S. Equity Funds,"<p>Here are the daily ETF fund flows for April 30, 2026.</p>",2026-04-30T21:00:04Z,etf.com
ARKK,investment,2026-05-06T19:20:24.082505,Cathie Wood Remains Convinced on CoreWeave After 78% YTD Rally in CRWV Stock,"Wood invested and divested CoreWeave, as the stock is up 78.65% this year.",2026-05-05T18:53:45Z,Barchart
ARKK,investment,2026-05-06T19:20:24.082518,Intellia Therapeutics Stock Is Down Nearly 95% From Its Record Highs but Cathie Wood Keeps Buying,"Despite Intellia's severe stock drop from its 2021 peak, Cathie Wood is buying big.",2026-05-05T18:05:20Z,Barchart
ARKK,investment,2026-05-06T19:20:24.082521,Cathie Wood Is Shrugging Off CapEx Fears and Buying the Dip in Meta Platforms Stock,Cathie Wood's move signals that the market may be treating the spending surge as a temporary overhang on an otherwise intact long-term growth thesis.,2026-05-04T20:49:49Z,Barchart
GLD,investment,2026-05-06T19:20:24.205044,Gold and Silver Mining ETFs Surge as Precious Metals Rally Accelerates,"<p>Precious metals ETFs surged on Wednesday as gold and silver miners posted outsized gains, driven by a weakening dollar, safe-haven demand, and strong institutional inflows. The <a href=""https://www.etf.com/GDX""><strong>VanEck Gold Miners ETF (GDX)</strong></a>, the <a href=""https://www.etf.com/GDXJ""><strong>VanEck Junior Gold Miners ETF (GDXJ)</strong></a>, and the <a href=""https://www.etf.com/SLV""><strong>iShares Silver Trust (SLV)</strong></a> each logged their largest single-day gains in m",2026-05-06T18:26:02Z,etf.com
GLD,investment,2026-05-06T19:20:24.205060,Update: Gold Moves Higher as the Dollar and Yields Retreat Following Reports the Iran War May Be Near an End,(Updates prices.) Gold was higher midafternoon on Wednesday as the U.S. dollar and yields were sh,2026-05-06T18:00:10Z,MT Newswires
GLD,investment,2026-05-06T19:20:24.205063,Is The SPDR Gold Shares ETF Becoming a Crowded Trade That Smart Investors Should Avoid?,The furious gold rally of more than two years looks like it's finally cooling in 2026. This previously overcrowded trade doesn't look quite so overcrowded anymore.,2026-05-06T17:25:00Z,Motley Fool
SPY,investment,2026-05-06T19:20:35.839719,This New Dividend Fund Is Chasing Yield And Growth At The Same Time,"Most dividend ETFs make you pick a lane. You can chase yield with funds packed full of utilities, telecoms, and tobacco names that throw off cash but barely grow, or you can buy dividend growth funds that pay you almost nothing today on the promise of bigger checks a decade out. JPMorgan Dividend Leaders ETF ... This New Dividend Fund Is Chasing Yield And Growth At The Same Time",2026-05-06T19:05:57Z,24/7 Wall St.
SPY,investment,2026-05-06T19:20:35.839732,Portfolio Manager Reveals How Selling a 19-Bagger Too Early Changed His Investment Philosophy Forever,"On a recent episode of The Compound and Friends hosted by Josh Brown, former Janus analyst Matt Ancrum told a story about how he’d made the correct call that Fastenal (NASDAQ:FAST) stock would sell off, but by selling the position, the firm missed out on the stock’s eventual 19x move. This was an epiphany moment ... Portfolio Manager Reveals How Selling a 19-Bagger Too Early Changed His Investment Philosophy Forever",2026-05-06T18:15:56Z,24/7 Wall St.
SPY,investment,2026-05-06T19:20:35.839735,CBOE VIX Slides Toward 17 as Oil Retreat and Tech Stock Surge Restore Risk Appetite,"The CBOE Volatility Index (^VIX) is drifting back toward the 17 line as optimism returns to the S&P 500 and capital rotates into stocks. The VIX closed near 18 on Monday after dipping to almost 17 late last week, well below the peak above 31 recorded in late March. In a display of a shifting ... CBOE VIX Slides Toward 17 as Oil Retreat and Tech Stock Surge Restore Risk Appetite",2026-05-06T14:08:56Z,24/7 Wall St.
QQQ,investment,2026-05-06T19:20:35.980526,The space ETFs prepping for liftoff ahead of SpaceX IPO,"Space-related funds are seeing a surge of inflows as investors eagerly await the IPO of Elon Musk's SpaceX (SPAX.PVT). In the latest installment of Yahoo Finance's ETF Report, TMX VettaFi head of research Todd Rosenbluth to talk about the ETFs that could draw in the most investors — like the Procure Space ETF (UFO) — as interest in the broader space economy grows. Rosenbluth goes on to weigh in on prediction market ETFs that are set to launch.",2026-05-06T16:15:00Z,Yahoo Finance Video
QQQ,investment,2026-05-06T19:20:35.980540,Exchange-Traded Funds Rise as US Equities Climb After Midday,Broad Market Indicators Broad-market exchange-traded fund IWM and IVV rose. Actively traded In,2026-05-06T17:13:12Z,MT Newswires
VTI,investment,2026-05-06T19:20:36.227354,"If Your Portfolio Is Too American, VXUS Is The Simple Fix","If you opened your brokerage statement this year and noticed your portfolio looked suspiciously like the S&P 500 with a few extra tech names sprinkled in, you are not alone. American investors have spent the last decade being rewarded for ignoring everything outside their own borders, and the muscle memory is hard to break. Vanguard ... If Your Portfolio Is Too American, VXUS Is The Simple Fix",2026-05-05T17:20:48Z,24/7 Wall St.
VTI,investment,2026-05-06T19:20:36.227368,The Cheap Way to Own the Entire U.S. Stock Market Right Now,You don't have to overthink investing. Keep it simple.,2026-05-04T10:01:00Z,Motley Fool
VTI,investment,2026-05-06T19:20:36.227371,Tech ETFs Dominate as $11.4B Floods Into U.S. Equity Funds,"<p>Here are the daily ETF fund flows for April 30, 2026.</p>",2026-04-30T21:00:04Z,etf.com
ARKK,investment,2026-05-06T19:20:36.362884,Cathie Wood Remains Convinced on CoreWeave After 78% YTD Rally in CRWV Stock,"Wood invested and divested CoreWeave, as the stock is up 78.65% this year.",2026-05-05T18:53:45Z,Barchart
ARKK,investment,2026-05-06T19:20:36.362899,Intellia Therapeutics Stock Is Down Nearly 95% From Its Record Highs but Cathie Wood Keeps Buying,"Despite Intellia's severe stock drop from its 2021 peak, Cathie Wood is buying big.",2026-05-05T18:05:20Z,Barchart
ARKK,investment,2026-05-06T19:20:36.362902,Cathie Wood Is Shrugging Off CapEx Fears and Buying the Dip in Meta Platforms Stock,Cathie Wood's move signals that the market may be treating the spending surge as a temporary overhang on an otherwise intact long-term growth thesis.,2026-05-04T20:49:49Z,Barchart
GLD,investment,2026-05-06T19:20:36.493015,Gold and Silver Mining ETFs Surge as Precious Metals Rally Accelerates,"<p>Precious metals ETFs surged on Wednesday as gold and silver miners posted outsized gains, driven by a weakening dollar, safe-haven demand, and strong institutional inflows. The <a href=""https://www.etf.com/GDX""><strong>VanEck Gold Miners ETF (GDX)</strong></a>, the <a href=""https://www.etf.com/GDXJ""><strong>VanEck Junior Gold Miners ETF (GDXJ)</strong></a>, and the <a href=""https://www.etf.com/SLV""><strong>iShares Silver Trust (SLV)</strong></a> each logged their largest single-day gains in m",2026-05-06T18:26:02Z,etf.com
GLD,investment,2026-05-06T19:20:36.493028,Update: Gold Moves Higher as the Dollar and Yields Retreat Following Reports the Iran War May Be Near an End,(Updates prices.) Gold was higher midafternoon on Wednesday as the U.S. dollar and yields were sh,2026-05-06T18:00:10Z,MT Newswires
GLD,investment,2026-05-06T19:20:36.493031,Is The SPDR Gold Shares ETF Becoming a Crowded Trade That Smart Investors Should Avoid?,The furious gold rally of more than two years looks like it's finally cooling in 2026. This previously overcrowded trade doesn't look quite so overcrowded anymore.,2026-05-06T17:25:00Z,Motley Fool
SPY,investment,2026-05-06T19:20:47.454309,This New Dividend Fund Is Chasing Yield And Growth At The Same Time,"Most dividend ETFs make you pick a lane. You can chase yield with funds packed full of utilities, telecoms, and tobacco names that throw off cash but barely grow, or you can buy dividend growth funds that pay you almost nothing today on the promise of bigger checks a decade out. JPMorgan Dividend Leaders ETF ... This New Dividend Fund Is Chasing Yield And Growth At The Same Time",2026-05-06T19:05:57Z,24/7 Wall St.
SPY,investment,2026-05-06T19:20:47.454324,Portfolio Manager Reveals How Selling a 19-Bagger Too Early Changed His Investment Philosophy Forever,"On a recent episode of The Compound and Friends hosted by Josh Brown, former Janus analyst Matt Ancrum told a story about how he’d made the correct call that Fastenal (NASDAQ:FAST) stock would sell off, but by selling the position, the firm missed out on the stock’s eventual 19x move. This was an epiphany moment ... Portfolio Manager Reveals How Selling a 19-Bagger Too Early Changed His Investment Philosophy Forever",2026-05-06T18:15:56Z,24/7 Wall St.
SPY,investment,2026-05-06T19:20:47.454326,CBOE VIX Slides Toward 17 as Oil Retreat and Tech Stock Surge Restore Risk Appetite,"The CBOE Volatility Index (^VIX) is drifting back toward the 17 line as optimism returns to the S&P 500 and capital rotates into stocks. The VIX closed near 18 on Monday after dipping to almost 17 late last week, well below the peak above 31 recorded in late March. In a display of a shifting ... CBOE VIX Slides Toward 17 as Oil Retreat and Tech Stock Surge Restore Risk Appetite",2026-05-06T14:08:56Z,24/7 Wall St.
QQQ,investment,2026-05-06T19:20:47.697979,The space ETFs prepping for liftoff ahead of SpaceX IPO,"Space-related funds are seeing a surge of inflows as investors eagerly await the IPO of Elon Musk's SpaceX (SPAX.PVT). In the latest installment of Yahoo Finance's ETF Report, TMX VettaFi head of research Todd Rosenbluth to talk about the ETFs that could draw in the most investors — like the Procure Space ETF (UFO) — as interest in the broader space economy grows. Rosenbluth goes on to weigh in on prediction market ETFs that are set to launch.",2026-05-06T16:15:00Z,Yahoo Finance Video
QQQ,investment,2026-05-06T19:20:47.697991,Exchange-Traded Funds Rise as US Equities Climb After Midday,Broad Market Indicators Broad-market exchange-traded fund IWM and IVV rose. Actively traded In,2026-05-06T17:13:12Z,MT Newswires
VTI,investment,2026-05-06T19:20:47.939795,"If Your Portfolio Is Too American, VXUS Is The Simple Fix","If you opened your brokerage statement this year and noticed your portfolio looked suspiciously like the S&P 500 with a few extra tech names sprinkled in, you are not alone. American investors have spent the last decade being rewarded for ignoring everything outside their own borders, and the muscle memory is hard to break. Vanguard ... If Your Portfolio Is Too American, VXUS Is The Simple Fix",2026-05-05T17:20:48Z,24/7 Wall St.
VTI,investment,2026-05-06T19:20:47.939809,The Cheap Way to Own the Entire U.S. Stock Market Right Now,You don't have to overthink investing. Keep it simple.,2026-05-04T10:01:00Z,Motley Fool
VTI,investment,2026-05-06T19:20:47.939812,Tech ETFs Dominate as $11.4B Floods Into U.S. Equity Funds,"<p>Here are the daily ETF fund flows for April 30, 2026.</p>",2026-04-30T21:00:04Z,etf.com
ARKK,investment,2026-05-06T19:20:48.093444,Cathie Wood Remains Convinced on CoreWeave After 78% YTD Rally in CRWV Stock,"Wood invested and divested CoreWeave, as the stock is up 78.65% this year.",2026-05-05T18:53:45Z,Barchart
ARKK,investment,2026-05-06T19:20:48.093458,Intellia Therapeutics Stock Is Down Nearly 95% From Its Record Highs but Cathie Wood Keeps Buying,"Despite Intellia's severe stock drop from its 2021 peak, Cathie Wood is buying big.",2026-05-05T18:05:20Z,Barchart
ARKK,investment,2026-05-06T19:20:48.093461,Cathie Wood Is Shrugging Off CapEx Fears and Buying the Dip in Meta Platforms Stock,Cathie Wood's move signals that the market may be treating the spending surge as a temporary overhang on an otherwise intact long-term growth thesis.,2026-05-04T20:49:49Z,Barchart
GLD,investment,2026-05-06T19:20:48.222257,Gold and Silver Mining ETFs Surge as Precious Metals Rally Accelerates,"<p>Precious metals ETFs surged on Wednesday as gold and silver miners posted outsized gains, driven by a weakening dollar, safe-haven demand, and strong institutional inflows. The <a href=""https://www.etf.com/GDX""><strong>VanEck Gold Miners ETF (GDX)</strong></a>, the <a href=""https://www.etf.com/GDXJ""><strong>VanEck Junior Gold Miners ETF (GDXJ)</strong></a>, and the <a href=""https://www.etf.com/SLV""><strong>iShares Silver Trust (SLV)</strong></a> each logged their largest single-day gains in m",2026-05-06T18:26:02Z,etf.com
GLD,investment,2026-05-06T19:20:48.222269,Update: Gold Moves Higher as the Dollar and Yields Retreat Following Reports the Iran War May Be Near an End,(Updates prices.) Gold was higher midafternoon on Wednesday as the U.S. dollar and yields were sh,2026-05-06T18:00:10Z,MT Newswires
GLD,investment,2026-05-06T19:20:48.222272,Is The SPDR Gold Shares ETF Becoming a Crowded Trade That Smart Investors Should Avoid?,The furious gold rally of more than two years looks like it's finally cooling in 2026. This previously overcrowded trade doesn't look quite so overcrowded anymore.,2026-05-06T17:25:00Z,Motley Fool
SPY,investment,2026-05-06T19:20:59.137217,This New Dividend Fund Is Chasing Yield And Growth At The Same Time,"Most dividend ETFs make you pick a lane. You can chase yield with funds packed full of utilities, telecoms, and tobacco names that throw off cash but barely grow, or you can buy dividend growth funds that pay you almost nothing today on the promise of bigger checks a decade out. JPMorgan Dividend Leaders ETF ... This New Dividend Fund Is Chasing Yield And Growth At The Same Time",2026-05-06T19:05:57Z,24/7 Wall St.
SPY,investment,2026-05-06T19:20:59.137232,Portfolio Manager Reveals How Selling a 19-Bagger Too Early Changed His Investment Philosophy Forever,"On a recent episode of The Compound and Friends hosted by Josh Brown, former Janus analyst Matt Ancrum told a story about how he’d made the correct call that Fastenal (NASDAQ:FAST) stock would sell off, but by selling the position, the firm missed out on the stock’s eventual 19x move. This was an epiphany moment ... Portfolio Manager Reveals How Selling a 19-Bagger Too Early Changed His Investment Philosophy Forever",2026-05-06T18:15:56Z,24/7 Wall St.
SPY,investment,2026-05-06T19:20:59.137235,CBOE VIX Slides Toward 17 as Oil Retreat and Tech Stock Surge Restore Risk Appetite,"The CBOE Volatility Index (^VIX) is drifting back toward the 17 line as optimism returns to the S&P 500 and capital rotates into stocks. The VIX closed near 18 on Monday after dipping to almost 17 late last week, well below the peak above 31 recorded in late March. In a display of a shifting ... CBOE VIX Slides Toward 17 as Oil Retreat and Tech Stock Surge Restore Risk Appetite",2026-05-06T14:08:56Z,24/7 Wall St.
QQQ,investment,2026-05-06T19:20:59.282992,The space ETFs prepping for liftoff ahead of SpaceX IPO,"Space-related funds are seeing a surge of inflows as investors eagerly await the IPO of Elon Musk's SpaceX (SPAX.PVT). In the latest installment of Yahoo Finance's ETF Report, TMX VettaFi head of research Todd Rosenbluth to talk about the ETFs that could draw in the most investors — like the Procure Space ETF (UFO) — as interest in the broader space economy grows. Rosenbluth goes on to weigh in on prediction market ETFs that are set to launch.",2026-05-06T16:15:00Z,Yahoo Finance Video
QQQ,investment,2026-05-06T19:20:59.283006,Exchange-Traded Funds Rise as US Equities Climb After Midday,Broad Market Indicators Broad-market exchange-traded fund IWM and IVV rose. Actively traded In,2026-05-06T17:13:12Z,MT Newswires
VTI,investment,2026-05-06T19:20:59.411063,"If Your Portfolio Is Too American, VXUS Is The Simple Fix","If you opened your brokerage statement this year and noticed your portfolio looked suspiciously like the S&P 500 with a few extra tech names sprinkled in, you are not alone. American investors have spent the last decade being rewarded for ignoring everything outside their own borders, and the muscle memory is hard to break. Vanguard ... If Your Portfolio Is Too American, VXUS Is The Simple Fix",2026-05-05T17:20:48Z,24/7 Wall St.
VTI,investment,2026-05-06T19:20:59.411077,The Cheap Way to Own the Entire U.S. Stock Market Right Now,You don't have to overthink investing. Keep it simple.,2026-05-04T10:01:00Z,Motley Fool
VTI,investment,2026-05-06T19:20:59.411080,Tech ETFs Dominate as $11.4B Floods Into U.S. Equity Funds,"<p>Here are the daily ETF fund flows for April 30, 2026.</p>",2026-04-30T21:00:04Z,etf.com
ARKK,investment,2026-05-06T19:20:59.640940,Cathie Wood Remains Convinced on CoreWeave After 78% YTD Rally in CRWV Stock,"Wood invested and divested CoreWeave, as the stock is up 78.65% this year.",2026-05-05T18:53:45Z,Barchart
ARKK,investment,2026-05-06T19:20:59.640953,Intellia Therapeutics Stock Is Down Nearly 95% From Its Record Highs but Cathie Wood Keeps Buying,"Despite Intellia's severe stock drop from its 2021 peak, Cathie Wood is buying big.",2026-05-05T18:05:20Z,Barchart
ARKK,investment,2026-05-06T19:20:59.640955,Cathie Wood Is Shrugging Off CapEx Fears and Buying the Dip in Meta Platforms Stock,Cathie Wood's move signals that the market may be treating the spending surge as a temporary overhang on an otherwise intact long-term growth thesis.,2026-05-04T20:49:49Z,Barchart
GLD,investment,2026-05-06T19:20:59.772094,Gold and Silver Mining ETFs Surge as Precious Metals Rally Accelerates,"<p>Precious metals ETFs surged on Wednesday as gold and silver miners posted outsized gains, driven by a weakening dollar, safe-haven demand, and strong institutional inflows. The <a href=""https://www.etf.com/GDX""><strong>VanEck Gold Miners ETF (GDX)</strong></a>, the <a href=""https://www.etf.com/GDXJ""><strong>VanEck Junior Gold Miners ETF (GDXJ)</strong></a>, and the <a href=""https://www.etf.com/SLV""><strong>iShares Silver Trust (SLV)</strong></a> each logged their largest single-day gains in m",2026-05-06T18:26:02Z,etf.com
GLD,investment,2026-05-06T19:20:59.772110,Update: Gold Moves Higher as the Dollar and Yields Retreat Following Reports the Iran War May Be Near an End,(Updates prices.) Gold was higher midafternoon on Wednesday as the U.S. dollar and yields were sh,2026-05-06T18:00:10Z,MT Newswires
GLD,investment,2026-05-06T19:20:59.772113,Is The SPDR Gold Shares ETF Becoming a Crowded Trade That Smart Investors Should Avoid?,The furious gold rally of more than two years looks like it's finally cooling in 2026. This previously overcrowded trade doesn't look quite so overcrowded anymore.,2026-05-06T17:25:00Z,Motley Fool
SPY,investment,2026-05-06T19:21:09.882815,This New Dividend Fund Is Chasing Yield And Growth At The Same Time,"Most dividend ETFs make you pick a lane. You can chase yield with funds packed full of utilities, telecoms, and tobacco names that throw off cash but barely grow, or you can buy dividend growth funds that pay you almost nothing today on the promise of bigger checks a decade out. JPMorgan Dividend Leaders ETF ... This New Dividend Fund Is Chasing Yield And Growth At The Same Time",2026-05-06T19:05:57Z,24/7 Wall St.
SPY,investment,2026-05-06T19:21:09.882828,Portfolio Manager Reveals How Selling a 19-Bagger Too Early Changed His Investment Philosophy Forever,"On a recent episode of The Compound and Friends hosted by Josh Brown, former Janus analyst Matt Ancrum told a story about how he’d made the correct call that Fastenal (NASDAQ:FAST) stock would sell off, but by selling the position, the firm missed out on the stock’s eventual 19x move. This was an epiphany moment ... Portfolio Manager Reveals How Selling a 19-Bagger Too Early Changed His Investment Philosophy Forever",2026-05-06T18:15:56Z,24/7 Wall St.
SPY,investment,2026-05-06T19:21:09.882831,CBOE VIX Slides Toward 17 as Oil Retreat and Tech Stock Surge Restore Risk Appetite,"The CBOE Volatility Index (^VIX) is drifting back toward the 17 line as optimism returns to the S&P 500 and capital rotates into stocks. The VIX closed near 18 on Monday after dipping to almost 17 late last week, well below the peak above 31 recorded in late March. In a display of a shifting ... CBOE VIX Slides Toward 17 as Oil Retreat and Tech Stock Surge Restore Risk Appetite",2026-05-06T14:08:56Z,24/7 Wall St.
QQQ,investment,2026-05-06T19:21:10.025360,The space ETFs prepping for liftoff ahead of SpaceX IPO,"Space-related funds are seeing a surge of inflows as investors eagerly await the IPO of Elon Musk's SpaceX (SPAX.PVT). In the latest installment of Yahoo Finance's ETF Report, TMX VettaFi head of research Todd Rosenbluth to talk about the ETFs that could draw in the most investors — like the Procure Space ETF (UFO) — as interest in the broader space economy grows. Rosenbluth goes on to weigh in on prediction market ETFs that are set to launch.",2026-05-06T16:15:00Z,Yahoo Finance Video
QQQ,investment,2026-05-06T19:21:10.025375,Exchange-Traded Funds Rise as US Equities Climb After Midday,Broad Market Indicators Broad-market exchange-traded fund IWM and IVV rose. Actively traded In,2026-05-06T17:13:12Z,MT Newswires
VTI,investment,2026-05-06T19:21:10.249099,"If Your Portfolio Is Too American, VXUS Is The Simple Fix","If you opened your brokerage statement this year and noticed your portfolio looked suspiciously like the S&P 500 with a few extra tech names sprinkled in, you are not alone. American investors have spent the last decade being rewarded for ignoring everything outside their own borders, and the muscle memory is hard to break. Vanguard ... If Your Portfolio Is Too American, VXUS Is The Simple Fix",2026-05-05T17:20:48Z,24/7 Wall St.
VTI,investment,2026-05-06T19:21:10.249113,The Cheap Way to Own the Entire U.S. Stock Market Right Now,You don't have to overthink investing. Keep it simple.,2026-05-04T10:01:00Z,Motley Fool
VTI,investment,2026-05-06T19:21:10.249116,Tech ETFs Dominate as $11.4B Floods Into U.S. Equity Funds,"<p>Here are the daily ETF fund flows for April 30, 2026.</p>",2026-04-30T21:00:04Z,etf.com
ARKK,investment,2026-05-06T19:21:10.376738,Cathie Wood Remains Convinced on CoreWeave After 78% YTD Rally in CRWV Stock,"Wood invested and divested CoreWeave, as the stock is up 78.65% this year.",2026-05-05T18:53:45Z,Barchart
ARKK,investment,2026-05-06T19:21:10.376768,Intellia Therapeutics Stock Is Down Nearly 95% From Its Record Highs but Cathie Wood Keeps Buying,"Despite Intellia's severe stock drop from its 2021 peak, Cathie Wood is buying big.",2026-05-05T18:05:20Z,Barchart
ARKK,investment,2026-05-06T19:21:10.376771,Cathie Wood Is Shrugging Off CapEx Fears and Buying the Dip in Meta Platforms Stock,Cathie Wood's move signals that the market may be treating the spending surge as a temporary overhang on an otherwise intact long-term growth thesis.,2026-05-04T20:49:49Z,Barchart
GLD,investment,2026-05-06T19:21:10.523236,Gold and Silver Mining ETFs Surge as Precious Metals Rally Accelerates,"<p>Precious metals ETFs surged on Wednesday as gold and silver miners posted outsized gains, driven by a weakening dollar, safe-haven demand, and strong institutional inflows. The <a href=""https://www.etf.com/GDX""><strong>VanEck Gold Miners ETF (GDX)</strong></a>, the <a href=""https://www.etf.com/GDXJ""><strong>VanEck Junior Gold Miners ETF (GDXJ)</strong></a>, and the <a href=""https://www.etf.com/SLV""><strong>iShares Silver Trust (SLV)</strong></a> each logged their largest single-day gains in m",2026-05-06T18:26:02Z,etf.com
GLD,investment,2026-05-06T19:21:10.523251,Update: Gold Moves Higher as the Dollar and Yields Retreat Following Reports the Iran War May Be Near an End,(Updates prices.) Gold was higher midafternoon on Wednesday as the U.S. dollar and yields were sh,2026-05-06T18:00:10Z,MT Newswires
GLD,investment,2026-05-06T19:21:10.523254,Is The SPDR Gold Shares ETF Becoming a Crowded Trade That Smart Investors Should Avoid?,The furious gold rally of more than two years looks like it's finally cooling in 2026. This previously overcrowded trade doesn't look quite so overcrowded anymore.,2026-05-06T17:25:00Z,Motley Fool
SPY,investment,2026-05-07T06:39:25.075534,71% of Stocks Fail to Beat the Market. Here’s How to Find the 4% That Create Real Wealth,"The math behind long-term stock picking is brutal. 71% of individual stocks fail to match the market return over rolling 10-year periods, and per Hendrik Bessembinder’s research at Arizona State University, only 4% of companies from 1926 to 2018 actually created net wealth relative to T-bills. Everything else, in aggregate, was a wash or worse. ... 71% of Stocks Fail to Beat the Market. Here’s How to Find the 4% That Create Real Wealth",2026-05-06T19:26:59Z,24/7 Wall St.
SPY,investment,2026-05-07T06:39:25.075545,Portfolio Manager Reveals How Selling a 19-Bagger Too Early Changed His Investment Philosophy Forever,"On a recent episode of The Compound and Friends hosted by Josh Brown, former Janus analyst Matt Ancrum told a story about how he’d made the correct call that Fastenal (NASDAQ:FAST) stock would sell off, but by selling the position, the firm missed out on the stock’s eventual 19x move. This was an epiphany moment ... Portfolio Manager Reveals How Selling a 19-Bagger Too Early Changed His Investment Philosophy Forever",2026-05-06T18:15:56Z,24/7 Wall St.
SPY,investment,2026-05-07T06:39:25.075547,CBOE VIX Slides Toward 17 as Oil Retreat and Tech Stock Surge Restore Risk Appetite,"The CBOE Volatility Index (^VIX) is drifting back toward the 17 line as optimism returns to the S&P 500 and capital rotates into stocks. The VIX closed near 18 on Monday after dipping to almost 17 late last week, well below the peak above 31 recorded in late March. In a display of a shifting ... CBOE VIX Slides Toward 17 as Oil Retreat and Tech Stock Surge Restore Risk Appetite",2026-05-06T14:08:56Z,24/7 Wall St.
QQQ,investment,2026-05-07T06:39:25.489149,The space ETFs prepping for liftoff ahead of SpaceX IPO,"Space-related funds are seeing a surge of inflows as investors eagerly await the IPO of Elon Musk's SpaceX (SPAX.PVT). In the latest installment of Yahoo Finance's ETF Report, TMX VettaFi head of research Todd Rosenbluth to talk about the ETFs that could draw in the most investors — like the Procure Space ETF (UFO) — as interest in the broader space economy grows. Rosenbluth goes on to weigh in on prediction market ETFs that are set to launch.",2026-05-06T16:15:00Z,Yahoo Finance Video
QQQ,investment,2026-05-07T06:39:25.489161,Exchange-Traded Funds Rise as US Equities Climb After Midday,Broad Market Indicators Broad-market exchange-traded fund IWM and IVV rose. Actively traded In,2026-05-06T17:13:12Z,MT Newswires
VTI,investment,2026-05-07T06:39:25.617109,"If Your Portfolio Is Too American, VXUS Is The Simple Fix","If you opened your brokerage statement this year and noticed your portfolio looked suspiciously like the S&P 500 with a few extra tech names sprinkled in, you are not alone. American investors have spent the last decade being rewarded for ignoring everything outside their own borders, and the muscle memory is hard to break. Vanguard ... If Your Portfolio Is Too American, VXUS Is The Simple Fix",2026-05-05T17:20:48Z,24/7 Wall St.
VTI,investment,2026-05-07T06:39:25.617117,The Cheap Way to Own the Entire U.S. Stock Market Right Now,You don't have to overthink investing. Keep it simple.,2026-05-04T10:01:00Z,Motley Fool
VTI,investment,2026-05-07T06:39:25.617119,Tech ETFs Dominate as $11.4B Floods Into U.S. Equity Funds,"<p>Here are the daily ETF fund flows for April 30, 2026.</p>",2026-04-30T21:00:04Z,etf.com
ARKK,investment,2026-05-07T06:39:25.750422,Cathie Wood sells another $15.6M of surging semiconductor stock,"Sometimes the hardest part of investing isn't buying. It's not the patience asked of you before the market rewards your move. It’s not even what to invest in, as you may think. It's watching something you sold keep going up to the moon without you. And now you can only stay out and be a spectator. ...",2026-05-06T20:35:22Z,TheStreet
ARKK,investment,2026-05-07T06:39:25.750432,Cathie Wood Remains Convinced on CoreWeave After 78% YTD Rally in CRWV Stock,"Wood invested and divested CoreWeave, as the stock is up 78.65% this year.",2026-05-05T18:53:45Z,Barchart
ARKK,investment,2026-05-07T06:39:25.750434,Intellia Therapeutics Stock Is Down Nearly 95% From Its Record Highs but Cathie Wood Keeps Buying,"Despite Intellia's severe stock drop from its 2021 peak, Cathie Wood is buying big.",2026-05-05T18:05:20Z,Barchart
GLD,investment,2026-05-07T06:39:25.883906,State Street’s 2026 Outlook Exposes Why Most Investors Still Underweight Gold After Its 50% Rally,"State Street’s 2026 Global ETF Outlook revisits its prior-year forecasts and flags a finding most investors glossed over: precious metals returned roughly 50% in 2025, and US precious metals ETFs now hold about $310 billion in assets. That is a generational run, and yet typical retail and advisor portfolios still carry low-single-digit gold exposure. Three ... State Street’s 2026 Outlook Exposes Why Most Investors Still Underweight Gold After Its 50% Rally",2026-05-06T21:22:23Z,24/7 Wall St.
GLD,investment,2026-05-07T06:39:25.883914,Gold and Silver Mining ETFs Surge as Precious Metals Rally Accelerates,"<p>Precious metals ETFs surged on Wednesday as gold and silver miners posted outsized gains, driven by a weakening dollar, safe-haven demand, and strong institutional inflows. The <a href=""https://www.etf.com/GDX""><strong>VanEck Gold Miners ETF (GDX)</strong></a>, the <a href=""https://www.etf.com/GDXJ""><strong>VanEck Junior Gold Miners ETF (GDXJ)</strong></a>, and the <a href=""https://www.etf.com/SLV""><strong>iShares Silver Trust (SLV)</strong></a> each logged their largest single-day gains in m",2026-05-06T18:26:02Z,etf.com
GLD,investment,2026-05-07T06:39:25.883917,Update: Gold Moves Higher as the Dollar and Yields Retreat Following Reports the Iran War May Be Near an End,(Updates prices.) Gold was higher midafternoon on Wednesday as the U.S. dollar and yields were sh,2026-05-06T18:00:10Z,MT Newswires
SPY,investment,2026-05-07T06:39:37.102795,71% of Stocks Fail to Beat the Market. Here’s How to Find the 4% That Create Real Wealth,"The math behind long-term stock picking is brutal. 71% of individual stocks fail to match the market return over rolling 10-year periods, and per Hendrik Bessembinder’s research at Arizona State University, only 4% of companies from 1926 to 2018 actually created net wealth relative to T-bills. Everything else, in aggregate, was a wash or worse. ... 71% of Stocks Fail to Beat the Market. Here’s How to Find the 4% That Create Real Wealth",2026-05-06T19:26:59Z,24/7 Wall St.
SPY,investment,2026-05-07T06:39:37.102808,Portfolio Manager Reveals How Selling a 19-Bagger Too Early Changed His Investment Philosophy Forever,"On a recent episode of The Compound and Friends hosted by Josh Brown, former Janus analyst Matt Ancrum told a story about how he’d made the correct call that Fastenal (NASDAQ:FAST) stock would sell off, but by selling the position, the firm missed out on the stock’s eventual 19x move. This was an epiphany moment ... Portfolio Manager Reveals How Selling a 19-Bagger Too Early Changed His Investment Philosophy Forever",2026-05-06T18:15:56Z,24/7 Wall St.
SPY,investment,2026-05-07T06:39:37.102810,CBOE VIX Slides Toward 17 as Oil Retreat and Tech Stock Surge Restore Risk Appetite,"The CBOE Volatility Index (^VIX) is drifting back toward the 17 line as optimism returns to the S&P 500 and capital rotates into stocks. The VIX closed near 18 on Monday after dipping to almost 17 late last week, well below the peak above 31 recorded in late March. In a display of a shifting ... CBOE VIX Slides Toward 17 as Oil Retreat and Tech Stock Surge Restore Risk Appetite",2026-05-06T14:08:56Z,24/7 Wall St.
QQQ,investment,2026-05-07T06:39:37.262212,The space ETFs prepping for liftoff ahead of SpaceX IPO,"Space-related funds are seeing a surge of inflows as investors eagerly await the IPO of Elon Musk's SpaceX (SPAX.PVT). In the latest installment of Yahoo Finance's ETF Report, TMX VettaFi head of research Todd Rosenbluth to talk about the ETFs that could draw in the most investors — like the Procure Space ETF (UFO) — as interest in the broader space economy grows. Rosenbluth goes on to weigh in on prediction market ETFs that are set to launch.",2026-05-06T16:15:00Z,Yahoo Finance Video
QQQ,investment,2026-05-07T06:39:37.262223,Exchange-Traded Funds Rise as US Equities Climb After Midday,Broad Market Indicators Broad-market exchange-traded fund IWM and IVV rose. Actively traded In,2026-05-06T17:13:12Z,MT Newswires
VTI,investment,2026-05-07T06:39:37.390490,"If Your Portfolio Is Too American, VXUS Is The Simple Fix","If you opened your brokerage statement this year and noticed your portfolio looked suspiciously like the S&P 500 with a few extra tech names sprinkled in, you are not alone. American investors have spent the last decade being rewarded for ignoring everything outside their own borders, and the muscle memory is hard to break. Vanguard ... If Your Portfolio Is Too American, VXUS Is The Simple Fix",2026-05-05T17:20:48Z,24/7 Wall St.
VTI,investment,2026-05-07T06:39:37.390501,The Cheap Way to Own the Entire U.S. Stock Market Right Now,You don't have to overthink investing. Keep it simple.,2026-05-04T10:01:00Z,Motley Fool
VTI,investment,2026-05-07T06:39:37.390503,Tech ETFs Dominate as $11.4B Floods Into U.S. Equity Funds,"<p>Here are the daily ETF fund flows for April 30, 2026.</p>",2026-04-30T21:00:04Z,etf.com
ARKK,investment,2026-05-07T06:39:37.524261,Cathie Wood sells another $15.6M of surging semiconductor stock,"Sometimes the hardest part of investing isn't buying. It's not the patience asked of you before the market rewards your move. It’s not even what to invest in, as you may think. It's watching something you sold keep going up to the moon without you. And now you can only stay out and be a spectator. ...",2026-05-06T20:35:22Z,TheStreet
ARKK,investment,2026-05-07T06:39:37.524273,Cathie Wood Remains Convinced on CoreWeave After 78% YTD Rally in CRWV Stock,"Wood invested and divested CoreWeave, as the stock is up 78.65% this year.",2026-05-05T18:53:45Z,Barchart
ARKK,investment,2026-05-07T06:39:37.524276,Intellia Therapeutics Stock Is Down Nearly 95% From Its Record Highs but Cathie Wood Keeps Buying,"Despite Intellia's severe stock drop from its 2021 peak, Cathie Wood is buying big.",2026-05-05T18:05:20Z,Barchart
GLD,investment,2026-05-07T06:39:37.821151,State Street’s 2026 Outlook Exposes Why Most Investors Still Underweight Gold After Its 50% Rally,"State Street’s 2026 Global ETF Outlook revisits its prior-year forecasts and flags a finding most investors glossed over: precious metals returned roughly 50% in 2025, and US precious metals ETFs now hold about $310 billion in assets. That is a generational run, and yet typical retail and advisor portfolios still carry low-single-digit gold exposure. Three ... State Street’s 2026 Outlook Exposes Why Most Investors Still Underweight Gold After Its 50% Rally",2026-05-06T21:22:23Z,24/7 Wall St.
GLD,investment,2026-05-07T06:39:37.821163,Gold and Silver Mining ETFs Surge as Precious Metals Rally Accelerates,"<p>Precious metals ETFs surged on Wednesday as gold and silver miners posted outsized gains, driven by a weakening dollar, safe-haven demand, and strong institutional inflows. The <a href=""https://www.etf.com/GDX""><strong>VanEck Gold Miners ETF (GDX)</strong></a>, the <a href=""https://www.etf.com/GDXJ""><strong>VanEck Junior Gold Miners ETF (GDXJ)</strong></a>, and the <a href=""https://www.etf.com/SLV""><strong>iShares Silver Trust (SLV)</strong></a> each logged their largest single-day gains in m",2026-05-06T18:26:02Z,etf.com
GLD,investment,2026-05-07T06:39:37.821165,Update: Gold Moves Higher as the Dollar and Yields Retreat Following Reports the Iran War May Be Near an End,(Updates prices.) Gold was higher midafternoon on Wednesday as the U.S. dollar and yields were sh,2026-05-06T18:00:10Z,MT Newswires
SPY,investment,2026-05-07T06:39:48.491674,71% of Stocks Fail to Beat the Market. Here’s How to Find the 4% That Create Real Wealth,"The math behind long-term stock picking is brutal. 71% of individual stocks fail to match the market return over rolling 10-year periods, and per Hendrik Bessembinder’s research at Arizona State University, only 4% of companies from 1926 to 2018 actually created net wealth relative to T-bills. Everything else, in aggregate, was a wash or worse. ... 71% of Stocks Fail to Beat the Market. Here’s How to Find the 4% That Create Real Wealth",2026-05-06T19:26:59Z,24/7 Wall St.
SPY,investment,2026-05-07T06:39:48.491682,Portfolio Manager Reveals How Selling a 19-Bagger Too Early Changed His Investment Philosophy Forever,"On a recent episode of The Compound and Friends hosted by Josh Brown, former Janus analyst Matt Ancrum told a story about how he’d made the correct call that Fastenal (NASDAQ:FAST) stock would sell off, but by selling the position, the firm missed out on the stock’s eventual 19x move. This was an epiphany moment ... Portfolio Manager Reveals How Selling a 19-Bagger Too Early Changed His Investment Philosophy Forever",2026-05-06T18:15:56Z,24/7 Wall St.
SPY,investment,2026-05-07T06:39:48.491684,CBOE VIX Slides Toward 17 as Oil Retreat and Tech Stock Surge Restore Risk Appetite,"The CBOE Volatility Index (^VIX) is drifting back toward the 17 line as optimism returns to the S&P 500 and capital rotates into stocks. The VIX closed near 18 on Monday after dipping to almost 17 late last week, well below the peak above 31 recorded in late March. In a display of a shifting ... CBOE VIX Slides Toward 17 as Oil Retreat and Tech Stock Surge Restore Risk Appetite",2026-05-06T14:08:56Z,24/7 Wall St.
QQQ,investment,2026-05-07T06:39:48.620258,The space ETFs prepping for liftoff ahead of SpaceX IPO,"Space-related funds are seeing a surge of inflows as investors eagerly await the IPO of Elon Musk's SpaceX (SPAX.PVT). In the latest installment of Yahoo Finance's ETF Report, TMX VettaFi head of research Todd Rosenbluth to talk about the ETFs that could draw in the most investors — like the Procure Space ETF (UFO) — as interest in the broader space economy grows. Rosenbluth goes on to weigh in on prediction market ETFs that are set to launch.",2026-05-06T16:15:00Z,Yahoo Finance Video
QQQ,investment,2026-05-07T06:39:48.620268,Exchange-Traded Funds Rise as US Equities Climb After Midday,Broad Market Indicators Broad-market exchange-traded fund IWM and IVV rose. Actively traded In,2026-05-06T17:13:12Z,MT Newswires
VTI,investment,2026-05-07T06:39:48.746708,"If Your Portfolio Is Too American, VXUS Is The Simple Fix","If you opened your brokerage statement this year and noticed your portfolio looked suspiciously like the S&P 500 with a few extra tech names sprinkled in, you are not alone. American investors have spent the last decade being rewarded for ignoring everything outside their own borders, and the muscle memory is hard to break. Vanguard ... If Your Portfolio Is Too American, VXUS Is The Simple Fix",2026-05-05T17:20:48Z,24/7 Wall St.
VTI,investment,2026-05-07T06:39:48.746716,The Cheap Way to Own the Entire U.S. Stock Market Right Now,You don't have to overthink investing. Keep it simple.,2026-05-04T10:01:00Z,Motley Fool
VTI,investment,2026-05-07T06:39:48.746718,Tech ETFs Dominate as $11.4B Floods Into U.S. Equity Funds,"<p>Here are the daily ETF fund flows for April 30, 2026.</p>",2026-04-30T21:00:04Z,etf.com
ARKK,investment,2026-05-07T06:39:48.878550,Cathie Wood sells another $15.6M of surging semiconductor stock,"Sometimes the hardest part of investing isn't buying. It's not the patience asked of you before the market rewards your move. It’s not even what to invest in, as you may think. It's watching something you sold keep going up to the moon without you. And now you can only stay out and be a spectator. ...",2026-05-06T20:35:22Z,TheStreet
ARKK,investment,2026-05-07T06:39:48.878560,Cathie Wood Remains Convinced on CoreWeave After 78% YTD Rally in CRWV Stock,"Wood invested and divested CoreWeave, as the stock is up 78.65% this year.",2026-05-05T18:53:45Z,Barchart
ARKK,investment,2026-05-07T06:39:48.878562,Intellia Therapeutics Stock Is Down Nearly 95% From Its Record Highs but Cathie Wood Keeps Buying,"Despite Intellia's severe stock drop from its 2021 peak, Cathie Wood is buying big.",2026-05-05T18:05:20Z,Barchart
GLD,investment,2026-05-07T06:39:49.091913,State Street’s 2026 Outlook Exposes Why Most Investors Still Underweight Gold After Its 50% Rally,"State Street’s 2026 Global ETF Outlook revisits its prior-year forecasts and flags a finding most investors glossed over: precious metals returned roughly 50% in 2025, and US precious metals ETFs now hold about $310 billion in assets. That is a generational run, and yet typical retail and advisor portfolios still carry low-single-digit gold exposure. Three ... State Street’s 2026 Outlook Exposes Why Most Investors Still Underweight Gold After Its 50% Rally",2026-05-06T21:22:23Z,24/7 Wall St.
GLD,investment,2026-05-07T06:39:49.091925,Gold and Silver Mining ETFs Surge as Precious Metals Rally Accelerates,"<p>Precious metals ETFs surged on Wednesday as gold and silver miners posted outsized gains, driven by a weakening dollar, safe-haven demand, and strong institutional inflows. The <a href=""https://www.etf.com/GDX""><strong>VanEck Gold Miners ETF (GDX)</strong></a>, the <a href=""https://www.etf.com/GDXJ""><strong>VanEck Junior Gold Miners ETF (GDXJ)</strong></a>, and the <a href=""https://www.etf.com/SLV""><strong>iShares Silver Trust (SLV)</strong></a> each logged their largest single-day gains in m",2026-05-06T18:26:02Z,etf.com
GLD,investment,2026-05-07T06:39:49.091927,Update: Gold Moves Higher as the Dollar and Yields Retreat Following Reports the Iran War May Be Near an End,(Updates prices.) Gold was higher midafternoon on Wednesday as the U.S. dollar and yields were sh,2026-05-06T18:00:10Z,MT Newswires
SPY,investment,2026-05-07T06:39:59.881548,71% of Stocks Fail to Beat the Market. Here’s How to Find the 4% That Create Real Wealth,"The math behind long-term stock picking is brutal. 71% of individual stocks fail to match the market return over rolling 10-year periods, and per Hendrik Bessembinder’s research at Arizona State University, only 4% of companies from 1926 to 2018 actually created net wealth relative to T-bills. Everything else, in aggregate, was a wash or worse. ... 71% of Stocks Fail to Beat the Market. Here’s How to Find the 4% That Create Real Wealth",2026-05-06T19:26:59Z,24/7 Wall St.
SPY,investment,2026-05-07T06:39:59.881559,Portfolio Manager Reveals How Selling a 19-Bagger Too Early Changed His Investment Philosophy Forever,"On a recent episode of The Compound and Friends hosted by Josh Brown, former Janus analyst Matt Ancrum told a story about how he’d made the correct call that Fastenal (NASDAQ:FAST) stock would sell off, but by selling the position, the firm missed out on the stock’s eventual 19x move. This was an epiphany moment ... Portfolio Manager Reveals How Selling a 19-Bagger Too Early Changed His Investment Philosophy Forever",2026-05-06T18:15:56Z,24/7 Wall St.
SPY,investment,2026-05-07T06:39:59.881561,CBOE VIX Slides Toward 17 as Oil Retreat and Tech Stock Surge Restore Risk Appetite,"The CBOE Volatility Index (^VIX) is drifting back toward the 17 line as optimism returns to the S&P 500 and capital rotates into stocks. The VIX closed near 18 on Monday after dipping to almost 17 late last week, well below the peak above 31 recorded in late March. In a display of a shifting ... CBOE VIX Slides Toward 17 as Oil Retreat and Tech Stock Surge Restore Risk Appetite",2026-05-06T14:08:56Z,24/7 Wall St.
QQQ,investment,2026-05-07T06:40:00.021330,The space ETFs prepping for liftoff ahead of SpaceX IPO,"Space-related funds are seeing a surge of inflows as investors eagerly await the IPO of Elon Musk's SpaceX (SPAX.PVT). In the latest installment of Yahoo Finance's ETF Report, TMX VettaFi head of research Todd Rosenbluth to talk about the ETFs that could draw in the most investors — like the Procure Space ETF (UFO) — as interest in the broader space economy grows. Rosenbluth goes on to weigh in on prediction market ETFs that are set to launch.",2026-05-06T16:15:00Z,Yahoo Finance Video
QQQ,investment,2026-05-07T06:40:00.021342,Exchange-Traded Funds Rise as US Equities Climb After Midday,Broad Market Indicators Broad-market exchange-traded fund IWM and IVV rose. Actively traded In,2026-05-06T17:13:12Z,MT Newswires
VTI,investment,2026-05-07T06:40:00.150754,"If Your Portfolio Is Too American, VXUS Is The Simple Fix","If you opened your brokerage statement this year and noticed your portfolio looked suspiciously like the S&P 500 with a few extra tech names sprinkled in, you are not alone. American investors have spent the last decade being rewarded for ignoring everything outside their own borders, and the muscle memory is hard to break. Vanguard ... If Your Portfolio Is Too American, VXUS Is The Simple Fix",2026-05-05T17:20:48Z,24/7 Wall St.
VTI,investment,2026-05-07T06:40:00.150763,The Cheap Way to Own the Entire U.S. Stock Market Right Now,You don't have to overthink investing. Keep it simple.,2026-05-04T10:01:00Z,Motley Fool
VTI,investment,2026-05-07T06:40:00.150765,Tech ETFs Dominate as $11.4B Floods Into U.S. Equity Funds,"<p>Here are the daily ETF fund flows for April 30, 2026.</p>",2026-04-30T21:00:04Z,etf.com
ARKK,investment,2026-05-07T06:40:00.294849,Cathie Wood sells another $15.6M of surging semiconductor stock,"Sometimes the hardest part of investing isn't buying. It's not the patience asked of you before the market rewards your move. It’s not even what to invest in, as you may think. It's watching something you sold keep going up to the moon without you. And now you can only stay out and be a spectator. ...",2026-05-06T20:35:22Z,TheStreet
ARKK,investment,2026-05-07T06:40:00.294861,Cathie Wood Remains Convinced on CoreWeave After 78% YTD Rally in CRWV Stock,"Wood invested and divested CoreWeave, as the stock is up 78.65% this year.",2026-05-05T18:53:45Z,Barchart
ARKK,investment,2026-05-07T06:40:00.294863,Intellia Therapeutics Stock Is Down Nearly 95% From Its Record Highs but Cathie Wood Keeps Buying,"Despite Intellia's severe stock drop from its 2021 peak, Cathie Wood is buying big.",2026-05-05T18:05:20Z,Barchart
GLD,investment,2026-05-07T06:40:00.423628,State Street’s 2026 Outlook Exposes Why Most Investors Still Underweight Gold After Its 50% Rally,"State Street’s 2026 Global ETF Outlook revisits its prior-year forecasts and flags a finding most investors glossed over: precious metals returned roughly 50% in 2025, and US precious metals ETFs now hold about $310 billion in assets. That is a generational run, and yet typical retail and advisor portfolios still carry low-single-digit gold exposure. Three ... State Street’s 2026 Outlook Exposes Why Most Investors Still Underweight Gold After Its 50% Rally",2026-05-06T21:22:23Z,24/7 Wall St.
GLD,investment,2026-05-07T06:40:00.423637,Gold and Silver Mining ETFs Surge as Precious Metals Rally Accelerates,"<p>Precious metals ETFs surged on Wednesday as gold and silver miners posted outsized gains, driven by a weakening dollar, safe-haven demand, and strong institutional inflows. The <a href=""https://www.etf.com/GDX""><strong>VanEck Gold Miners ETF (GDX)</strong></a>, the <a href=""https://www.etf.com/GDXJ""><strong>VanEck Junior Gold Miners ETF (GDXJ)</strong></a>, and the <a href=""https://www.etf.com/SLV""><strong>iShares Silver Trust (SLV)</strong></a> each logged their largest single-day gains in m",2026-05-06T18:26:02Z,etf.com
GLD,investment,2026-05-07T06:40:00.423639,Update: Gold Moves Higher as the Dollar and Yields Retreat Following Reports the Iran War May Be Near an End,(Updates prices.) Gold was higher midafternoon on Wednesday as the U.S. dollar and yields were sh,2026-05-06T18:00:10Z,MT Newswires
SPY,investment,2026-05-07T06:40:11.588202,71% of Stocks Fail to Beat the Market. Here’s How to Find the 4% That Create Real Wealth,"The math behind long-term stock picking is brutal. 71% of individual stocks fail to match the market return over rolling 10-year periods, and per Hendrik Bessembinder’s research at Arizona State University, only 4% of companies from 1926 to 2018 actually created net wealth relative to T-bills. Everything else, in aggregate, was a wash or worse. ... 71% of Stocks Fail to Beat the Market. Here’s How to Find the 4% That Create Real Wealth",2026-05-06T19:26:59Z,24/7 Wall St.
SPY,investment,2026-05-07T06:40:11.588215,Portfolio Manager Reveals How Selling a 19-Bagger Too Early Changed His Investment Philosophy Forever,"On a recent episode of The Compound and Friends hosted by Josh Brown, former Janus analyst Matt Ancrum told a story about how he’d made the correct call that Fastenal (NASDAQ:FAST) stock would sell off, but by selling the position, the firm missed out on the stock’s eventual 19x move. This was an epiphany moment ... Portfolio Manager Reveals How Selling a 19-Bagger Too Early Changed His Investment Philosophy Forever",2026-05-06T18:15:56Z,24/7 Wall St.
SPY,investment,2026-05-07T06:40:11.588218,CBOE VIX Slides Toward 17 as Oil Retreat and Tech Stock Surge Restore Risk Appetite,"The CBOE Volatility Index (^VIX) is drifting back toward the 17 line as optimism returns to the S&P 500 and capital rotates into stocks. The VIX closed near 18 on Monday after dipping to almost 17 late last week, well below the peak above 31 recorded in late March. In a display of a shifting ... CBOE VIX Slides Toward 17 as Oil Retreat and Tech Stock Surge Restore Risk Appetite",2026-05-06T14:08:56Z,24/7 Wall St.
QQQ,investment,2026-05-07T06:40:11.717591,The space ETFs prepping for liftoff ahead of SpaceX IPO,"Space-related funds are seeing a surge of inflows as investors eagerly await the IPO of Elon Musk's SpaceX (SPAX.PVT). In the latest installment of Yahoo Finance's ETF Report, TMX VettaFi head of research Todd Rosenbluth to talk about the ETFs that could draw in the most investors — like the Procure Space ETF (UFO) — as interest in the broader space economy grows. Rosenbluth goes on to weigh in on prediction market ETFs that are set to launch.",2026-05-06T16:15:00Z,Yahoo Finance Video
QQQ,investment,2026-05-07T06:40:11.717605,Exchange-Traded Funds Rise as US Equities Climb After Midday,Broad Market Indicators Broad-market exchange-traded fund IWM and IVV rose. Actively traded In,2026-05-06T17:13:12Z,MT Newswires
VTI,investment,2026-05-07T06:40:11.853516,"If Your Portfolio Is Too American, VXUS Is The Simple Fix","If you opened your brokerage statement this year and noticed your portfolio looked suspiciously like the S&P 500 with a few extra tech names sprinkled in, you are not alone. American investors have spent the last decade being rewarded for ignoring everything outside their own borders, and the muscle memory is hard to break. Vanguard ... If Your Portfolio Is Too American, VXUS Is The Simple Fix",2026-05-05T17:20:48Z,24/7 Wall St.
VTI,investment,2026-05-07T06:40:11.853529,The Cheap Way to Own the Entire U.S. Stock Market Right Now,You don't have to overthink investing. Keep it simple.,2026-05-04T10:01:00Z,Motley Fool
VTI,investment,2026-05-07T06:40:11.853531,Tech ETFs Dominate as $11.4B Floods Into U.S. Equity Funds,"<p>Here are the daily ETF fund flows for April 30, 2026.</p>",2026-04-30T21:00:04Z,etf.com
ARKK,investment,2026-05-07T06:40:11.986381,Cathie Wood sells another $15.6M of surging semiconductor stock,"Sometimes the hardest part of investing isn't buying. It's not the patience asked of you before the market rewards your move. It’s not even what to invest in, as you may think. It's watching something you sold keep going up to the moon without you. And now you can only stay out and be a spectator. ...",2026-05-06T20:35:22Z,TheStreet
ARKK,investment,2026-05-07T06:40:11.986394,Cathie Wood Remains Convinced on CoreWeave After 78% YTD Rally in CRWV Stock,"Wood invested and divested CoreWeave, as the stock is up 78.65% this year.",2026-05-05T18:53:45Z,Barchart
ARKK,investment,2026-05-07T06:40:11.986397,Intellia Therapeutics Stock Is Down Nearly 95% From Its Record Highs but Cathie Wood Keeps Buying,"Despite Intellia's severe stock drop from its 2021 peak, Cathie Wood is buying big.",2026-05-05T18:05:20Z,Barchart
GLD,investment,2026-05-07T06:40:12.152100,State Street’s 2026 Outlook Exposes Why Most Investors Still Underweight Gold After Its 50% Rally,"State Street’s 2026 Global ETF Outlook revisits its prior-year forecasts and flags a finding most investors glossed over: precious metals returned roughly 50% in 2025, and US precious metals ETFs now hold about $310 billion in assets. That is a generational run, and yet typical retail and advisor portfolios still carry low-single-digit gold exposure. Three ... State Street’s 2026 Outlook Exposes Why Most Investors Still Underweight Gold After Its 50% Rally",2026-05-06T21:22:23Z,24/7 Wall St.
GLD,investment,2026-05-07T06:40:12.152114,Gold and Silver Mining ETFs Surge as Precious Metals Rally Accelerates,"<p>Precious metals ETFs surged on Wednesday as gold and silver miners posted outsized gains, driven by a weakening dollar, safe-haven demand, and strong institutional inflows. The <a href=""https://www.etf.com/GDX""><strong>VanEck Gold Miners ETF (GDX)</strong></a>, the <a href=""https://www.etf.com/GDXJ""><strong>VanEck Junior Gold Miners ETF (GDXJ)</strong></a>, and the <a href=""https://www.etf.com/SLV""><strong>iShares Silver Trust (SLV)</strong></a> each logged their largest single-day gains in m",2026-05-06T18:26:02Z,etf.com
GLD,investment,2026-05-07T06:40:12.152116,Update: Gold Moves Higher as the Dollar and Yields Retreat Following Reports the Iran War May Be Near an End,(Updates prices.) Gold was higher midafternoon on Wednesday as the U.S. dollar and yields were sh,2026-05-06T18:00:10Z,MT Newswires
SPY,investment,2026-05-07T06:40:22.493272,71% of Stocks Fail to Beat the Market. Here’s How to Find the 4% That Create Real Wealth,"The math behind long-term stock picking is brutal. 71% of individual stocks fail to match the market return over rolling 10-year periods, and per Hendrik Bessembinder’s research at Arizona State University, only 4% of companies from 1926 to 2018 actually created net wealth relative to T-bills. Everything else, in aggregate, was a wash or worse. ... 71% of Stocks Fail to Beat the Market. Here’s How to Find the 4% That Create Real Wealth",2026-05-06T19:26:59Z,24/7 Wall St.
SPY,investment,2026-05-07T06:40:22.493281,Portfolio Manager Reveals How Selling a 19-Bagger Too Early Changed His Investment Philosophy Forever,"On a recent episode of The Compound and Friends hosted by Josh Brown, former Janus analyst Matt Ancrum told a story about how he’d made the correct call that Fastenal (NASDAQ:FAST) stock would sell off, but by selling the position, the firm missed out on the stock’s eventual 19x move. This was an epiphany moment ... Portfolio Manager Reveals How Selling a 19-Bagger Too Early Changed His Investment Philosophy Forever",2026-05-06T18:15:56Z,24/7 Wall St.
SPY,investment,2026-05-07T06:40:22.493284,CBOE VIX Slides Toward 17 as Oil Retreat and Tech Stock Surge Restore Risk Appetite,"The CBOE Volatility Index (^VIX) is drifting back toward the 17 line as optimism returns to the S&P 500 and capital rotates into stocks. The VIX closed near 18 on Monday after dipping to almost 17 late last week, well below the peak above 31 recorded in late March. In a display of a shifting ... CBOE VIX Slides Toward 17 as Oil Retreat and Tech Stock Surge Restore Risk Appetite",2026-05-06T14:08:56Z,24/7 Wall St.
QQQ,investment,2026-05-07T06:40:22.625452,The space ETFs prepping for liftoff ahead of SpaceX IPO,"Space-related funds are seeing a surge of inflows as investors eagerly await the IPO of Elon Musk's SpaceX (SPAX.PVT). In the latest installment of Yahoo Finance's ETF Report, TMX VettaFi head of research Todd Rosenbluth to talk about the ETFs that could draw in the most investors — like the Procure Space ETF (UFO) — as interest in the broader space economy grows. Rosenbluth goes on to weigh in on prediction market ETFs that are set to launch.",2026-05-06T16:15:00Z,Yahoo Finance Video
QQQ,investment,2026-05-07T06:40:22.625465,Exchange-Traded Funds Rise as US Equities Climb After Midday,Broad Market Indicators Broad-market exchange-traded fund IWM and IVV rose. Actively traded In,2026-05-06T17:13:12Z,MT Newswires
VTI,investment,2026-05-07T06:40:22.748487,"If Your Portfolio Is Too American, VXUS Is The Simple Fix","If you opened your brokerage statement this year and noticed your portfolio looked suspiciously like the S&P 500 with a few extra tech names sprinkled in, you are not alone. American investors have spent the last decade being rewarded for ignoring everything outside their own borders, and the muscle memory is hard to break. Vanguard ... If Your Portfolio Is Too American, VXUS Is The Simple Fix",2026-05-05T17:20:48Z,24/7 Wall St.
VTI,investment,2026-05-07T06:40:22.748498,The Cheap Way to Own the Entire U.S. Stock Market Right Now,You don't have to overthink investing. Keep it simple.,2026-05-04T10:01:00Z,Motley Fool
VTI,investment,2026-05-07T06:40:22.748500,Tech ETFs Dominate as $11.4B Floods Into U.S. Equity Funds,"<p>Here are the daily ETF fund flows for April 30, 2026.</p>",2026-04-30T21:00:04Z,etf.com
ARKK,investment,2026-05-07T06:40:22.894861,Cathie Wood sells another $15.6M of surging semiconductor stock,"Sometimes the hardest part of investing isn't buying. It's not the patience asked of you before the market rewards your move. It’s not even what to invest in, as you may think. It's watching something you sold keep going up to the moon without you. And now you can only stay out and be a spectator. ...",2026-05-06T20:35:22Z,TheStreet
ARKK,investment,2026-05-07T06:40:22.894872,Cathie Wood Remains Convinced on CoreWeave After 78% YTD Rally in CRWV Stock,"Wood invested and divested CoreWeave, as the stock is up 78.65% this year.",2026-05-05T18:53:45Z,Barchart
ARKK,investment,2026-05-07T06:40:22.894875,Intellia Therapeutics Stock Is Down Nearly 95% From Its Record Highs but Cathie Wood Keeps Buying,"Despite Intellia's severe stock drop from its 2021 peak, Cathie Wood is buying big.",2026-05-05T18:05:20Z,Barchart
GLD,investment,2026-05-07T06:40:23.043699,State Street’s 2026 Outlook Exposes Why Most Investors Still Underweight Gold After Its 50% Rally,"State Street’s 2026 Global ETF Outlook revisits its prior-year forecasts and flags a finding most investors glossed over: precious metals returned roughly 50% in 2025, and US precious metals ETFs now hold about $310 billion in assets. That is a generational run, and yet typical retail and advisor portfolios still carry low-single-digit gold exposure. Three ... State Street’s 2026 Outlook Exposes Why Most Investors Still Underweight Gold After Its 50% Rally",2026-05-06T21:22:23Z,24/7 Wall St.
GLD,investment,2026-05-07T06:40:23.043707,Gold and Silver Mining ETFs Surge as Precious Metals Rally Accelerates,"<p>Precious metals ETFs surged on Wednesday as gold and silver miners posted outsized gains, driven by a weakening dollar, safe-haven demand, and strong institutional inflows. The <a href=""https://www.etf.com/GDX""><strong>VanEck Gold Miners ETF (GDX)</strong></a>, the <a href=""https://www.etf.com/GDXJ""><strong>VanEck Junior Gold Miners ETF (GDXJ)</strong></a>, and the <a href=""https://www.etf.com/SLV""><strong>iShares Silver Trust (SLV)</strong></a> each logged their largest single-day gains in m",2026-05-06T18:26:02Z,etf.com
GLD,investment,2026-05-07T06:40:23.043710,Update: Gold Moves Higher as the Dollar and Yields Retreat Following Reports the Iran War May Be Near an End,(Updates prices.) Gold was higher midafternoon on Wednesday as the U.S. dollar and yields were sh,2026-05-06T18:00:10Z,MT Newswires
SPY,investment,2026-05-07T06:40:33.711594,71% of Stocks Fail to Beat the Market. Here’s How to Find the 4% That Create Real Wealth,"The math behind long-term stock picking is brutal. 71% of individual stocks fail to match the market return over rolling 10-year periods, and per Hendrik Bessembinder’s research at Arizona State University, only 4% of companies from 1926 to 2018 actually created net wealth relative to T-bills. Everything else, in aggregate, was a wash or worse. ... 71% of Stocks Fail to Beat the Market. Here’s How to Find the 4% That Create Real Wealth",2026-05-06T19:26:59Z,24/7 Wall St.
SPY,investment,2026-05-07T06:40:33.711605,Portfolio Manager Reveals How Selling a 19-Bagger Too Early Changed His Investment Philosophy Forever,"On a recent episode of The Compound and Friends hosted by Josh Brown, former Janus analyst Matt Ancrum told a story about how he’d made the correct call that Fastenal (NASDAQ:FAST) stock would sell off, but by selling the position, the firm missed out on the stock’s eventual 19x move. This was an epiphany moment ... Portfolio Manager Reveals How Selling a 19-Bagger Too Early Changed His Investment Philosophy Forever",2026-05-06T18:15:56Z,24/7 Wall St.
SPY,investment,2026-05-07T06:40:33.711608,CBOE VIX Slides Toward 17 as Oil Retreat and Tech Stock Surge Restore Risk Appetite,"The CBOE Volatility Index (^VIX) is drifting back toward the 17 line as optimism returns to the S&P 500 and capital rotates into stocks. The VIX closed near 18 on Monday after dipping to almost 17 late last week, well below the peak above 31 recorded in late March. In a display of a shifting ... CBOE VIX Slides Toward 17 as Oil Retreat and Tech Stock Surge Restore Risk Appetite",2026-05-06T14:08:56Z,24/7 Wall St.
QQQ,investment,2026-05-07T06:40:33.841679,The space ETFs prepping for liftoff ahead of SpaceX IPO,"Space-related funds are seeing a surge of inflows as investors eagerly await the IPO of Elon Musk's SpaceX (SPAX.PVT). In the latest installment of Yahoo Finance's ETF Report, TMX VettaFi head of research Todd Rosenbluth to talk about the ETFs that could draw in the most investors — like the Procure Space ETF (UFO) — as interest in the broader space economy grows. Rosenbluth goes on to weigh in on prediction market ETFs that are set to launch.",2026-05-06T16:15:00Z,Yahoo Finance Video
QQQ,investment,2026-05-07T06:40:33.841698,Exchange-Traded Funds Rise as US Equities Climb After Midday,Broad Market Indicators Broad-market exchange-traded fund IWM and IVV rose. Actively traded In,2026-05-06T17:13:12Z,MT Newswires
VTI,investment,2026-05-07T06:40:33.962233,"If Your Portfolio Is Too American, VXUS Is The Simple Fix","If you opened your brokerage statement this year and noticed your portfolio looked suspiciously like the S&P 500 with a few extra tech names sprinkled in, you are not alone. American investors have spent the last decade being rewarded for ignoring everything outside their own borders, and the muscle memory is hard to break. Vanguard ... If Your Portfolio Is Too American, VXUS Is The Simple Fix",2026-05-05T17:20:48Z,24/7 Wall St.
VTI,investment,2026-05-07T06:40:33.962242,The Cheap Way to Own the Entire U.S. Stock Market Right Now,You don't have to overthink investing. Keep it simple.,2026-05-04T10:01:00Z,Motley Fool
VTI,investment,2026-05-07T06:40:33.962245,Tech ETFs Dominate as $11.4B Floods Into U.S. Equity Funds,"<p>Here are the daily ETF fund flows for April 30, 2026.</p>",2026-04-30T21:00:04Z,etf.com
ARKK,investment,2026-05-07T06:40:34.089355,Cathie Wood sells another $15.6M of surging semiconductor stock,"Sometimes the hardest part of investing isn't buying. It's not the patience asked of you before the market rewards your move. It’s not even what to invest in, as you may think. It's watching something you sold keep going up to the moon without you. And now you can only stay out and be a spectator. ...",2026-05-06T20:35:22Z,TheStreet
ARKK,investment,2026-05-07T06:40:34.089368,Cathie Wood Remains Convinced on CoreWeave After 78% YTD Rally in CRWV Stock,"Wood invested and divested CoreWeave, as the stock is up 78.65% this year.",2026-05-05T18:53:45Z,Barchart
ARKK,investment,2026-05-07T06:40:34.089371,Intellia Therapeutics Stock Is Down Nearly 95% From Its Record Highs but Cathie Wood Keeps Buying,"Despite Intellia's severe stock drop from its 2021 peak, Cathie Wood is buying big.",2026-05-05T18:05:20Z,Barchart
GLD,investment,2026-05-07T06:40:34.220630,State Street’s 2026 Outlook Exposes Why Most Investors Still Underweight Gold After Its 50% Rally,"State Street’s 2026 Global ETF Outlook revisits its prior-year forecasts and flags a finding most investors glossed over: precious metals returned roughly 50% in 2025, and US precious metals ETFs now hold about $310 billion in assets. That is a generational run, and yet typical retail and advisor portfolios still carry low-single-digit gold exposure. Three ... State Street’s 2026 Outlook Exposes Why Most Investors Still Underweight Gold After Its 50% Rally",2026-05-06T21:22:23Z,24/7 Wall St.
GLD,investment,2026-05-07T06:40:34.220638,Gold and Silver Mining ETFs Surge as Precious Metals Rally Accelerates,"<p>Precious metals ETFs surged on Wednesday as gold and silver miners posted outsized gains, driven by a weakening dollar, safe-haven demand, and strong institutional inflows. The <a href=""https://www.etf.com/GDX""><strong>VanEck Gold Miners ETF (GDX)</strong></a>, the <a href=""https://www.etf.com/GDXJ""><strong>VanEck Junior Gold Miners ETF (GDXJ)</strong></a>, and the <a href=""https://www.etf.com/SLV""><strong>iShares Silver Trust (SLV)</strong></a> each logged their largest single-day gains in m",2026-05-06T18:26:02Z,etf.com
GLD,investment,2026-05-07T06:40:34.220640,Update: Gold Moves Higher as the Dollar and Yields Retreat Following Reports the Iran War May Be Near an End,(Updates prices.) Gold was higher midafternoon on Wednesday as the U.S. dollar and yields were sh,2026-05-06T18:00:10Z,MT Newswires
SPY,investment,2026-05-07T06:40:44.951320,71% of Stocks Fail to Beat the Market. Here’s How to Find the 4% That Create Real Wealth,"The math behind long-term stock picking is brutal. 71% of individual stocks fail to match the market return over rolling 10-year periods, and per Hendrik Bessembinder’s research at Arizona State University, only 4% of companies from 1926 to 2018 actually created net wealth relative to T-bills. Everything else, in aggregate, was a wash or worse. ... 71% of Stocks Fail to Beat the Market. Here’s How to Find the 4% That Create Real Wealth",2026-05-06T19:26:59Z,24/7 Wall St.
SPY,investment,2026-05-07T06:40:44.951328,Portfolio Manager Reveals How Selling a 19-Bagger Too Early Changed His Investment Philosophy Forever,"On a recent episode of The Compound and Friends hosted by Josh Brown, former Janus analyst Matt Ancrum told a story about how he’d made the correct call that Fastenal (NASDAQ:FAST) stock would sell off, but by selling the position, the firm missed out on the stock’s eventual 19x move. This was an epiphany moment ... Portfolio Manager Reveals How Selling a 19-Bagger Too Early Changed His Investment Philosophy Forever",2026-05-06T18:15:56Z,24/7 Wall St.
SPY,investment,2026-05-07T06:40:44.951330,CBOE VIX Slides Toward 17 as Oil Retreat and Tech Stock Surge Restore Risk Appetite,"The CBOE Volatility Index (^VIX) is drifting back toward the 17 line as optimism returns to the S&P 500 and capital rotates into stocks. The VIX closed near 18 on Monday after dipping to almost 17 late last week, well below the peak above 31 recorded in late March. In a display of a shifting ... CBOE VIX Slides Toward 17 as Oil Retreat and Tech Stock Surge Restore Risk Appetite",2026-05-06T14:08:56Z,24/7 Wall St.
QQQ,investment,2026-05-07T06:40:45.090605,The space ETFs prepping for liftoff ahead of SpaceX IPO,"Space-related funds are seeing a surge of inflows as investors eagerly await the IPO of Elon Musk's SpaceX (SPAX.PVT). In the latest installment of Yahoo Finance's ETF Report, TMX VettaFi head of research Todd Rosenbluth to talk about the ETFs that could draw in the most investors — like the Procure Space ETF (UFO) — as interest in the broader space economy grows. Rosenbluth goes on to weigh in on prediction market ETFs that are set to launch.",2026-05-06T16:15:00Z,Yahoo Finance Video
QQQ,investment,2026-05-07T06:40:45.090613,Exchange-Traded Funds Rise as US Equities Climb After Midday,Broad Market Indicators Broad-market exchange-traded fund IWM and IVV rose. Actively traded In,2026-05-06T17:13:12Z,MT Newswires
VTI,investment,2026-05-07T06:40:45.257212,"If Your Portfolio Is Too American, VXUS Is The Simple Fix","If you opened your brokerage statement this year and noticed your portfolio looked suspiciously like the S&P 500 with a few extra tech names sprinkled in, you are not alone. American investors have spent the last decade being rewarded for ignoring everything outside their own borders, and the muscle memory is hard to break. Vanguard ... If Your Portfolio Is Too American, VXUS Is The Simple Fix",2026-05-05T17:20:48Z,24/7 Wall St.
VTI,investment,2026-05-07T06:40:45.257220,The Cheap Way to Own the Entire U.S. Stock Market Right Now,You don't have to overthink investing. Keep it simple.,2026-05-04T10:01:00Z,Motley Fool
VTI,investment,2026-05-07T06:40:45.257223,Tech ETFs Dominate as $11.4B Floods Into U.S. Equity Funds,"<p>Here are the daily ETF fund flows for April 30, 2026.</p>",2026-04-30T21:00:04Z,etf.com
ARKK,investment,2026-05-07T06:40:45.475253,Cathie Wood sells another $15.6M of surging semiconductor stock,"Sometimes the hardest part of investing isn't buying. It's not the patience asked of you before the market rewards your move. It’s not even what to invest in, as you may think. It's watching something you sold keep going up to the moon without you. And now you can only stay out and be a spectator. ...",2026-05-06T20:35:22Z,TheStreet
ARKK,investment,2026-05-07T06:40:45.475263,Cathie Wood Remains Convinced on CoreWeave After 78% YTD Rally in CRWV Stock,"Wood invested and divested CoreWeave, as the stock is up 78.65% this year.",2026-05-05T18:53:45Z,Barchart
ARKK,investment,2026-05-07T06:40:45.475265,Intellia Therapeutics Stock Is Down Nearly 95% From Its Record Highs but Cathie Wood Keeps Buying,"Despite Intellia's severe stock drop from its 2021 peak, Cathie Wood is buying big.",2026-05-05T18:05:20Z,Barchart
GLD,investment,2026-05-07T06:40:45.601796,State Street’s 2026 Outlook Exposes Why Most Investors Still Underweight Gold After Its 50% Rally,"State Street’s 2026 Global ETF Outlook revisits its prior-year forecasts and flags a finding most investors glossed over: precious metals returned roughly 50% in 2025, and US precious metals ETFs now hold about $310 billion in assets. That is a generational run, and yet typical retail and advisor portfolios still carry low-single-digit gold exposure. Three ... State Street’s 2026 Outlook Exposes Why Most Investors Still Underweight Gold After Its 50% Rally",2026-05-06T21:22:23Z,24/7 Wall St.
GLD,investment,2026-05-07T06:40:45.601804,Gold and Silver Mining ETFs Surge as Precious Metals Rally Accelerates,"<p>Precious metals ETFs surged on Wednesday as gold and silver miners posted outsized gains, driven by a weakening dollar, safe-haven demand, and strong institutional inflows. The <a href=""https://www.etf.com/GDX""><strong>VanEck Gold Miners ETF (GDX)</strong></a>, the <a href=""https://www.etf.com/GDXJ""><strong>VanEck Junior Gold Miners ETF (GDXJ)</strong></a>, and the <a href=""https://www.etf.com/SLV""><strong>iShares Silver Trust (SLV)</strong></a> each logged their largest single-day gains in m",2026-05-06T18:26:02Z,etf.com
GLD,investment,2026-05-07T06:40:45.601806,Update: Gold Moves Higher as the Dollar and Yields Retreat Following Reports the Iran War May Be Near an End,(Updates prices.) Gold was higher midafternoon on Wednesday as the U.S. dollar and yields were sh,2026-05-06T18:00:10Z,MT Newswires
SPY,investment,2026-05-07T06:40:55.964955,71% of Stocks Fail to Beat the Market. Here’s How to Find the 4% That Create Real Wealth,"The math behind long-term stock picking is brutal. 71% of individual stocks fail to match the market return over rolling 10-year periods, and per Hendrik Bessembinder’s research at Arizona State University, only 4% of companies from 1926 to 2018 actually created net wealth relative to T-bills. Everything else, in aggregate, was a wash or worse. ... 71% of Stocks Fail to Beat the Market. Here’s How to Find the 4% That Create Real Wealth",2026-05-06T19:26:59Z,24/7 Wall St.
SPY,investment,2026-05-07T06:40:55.964966,Portfolio Manager Reveals How Selling a 19-Bagger Too Early Changed His Investment Philosophy Forever,"On a recent episode of The Compound and Friends hosted by Josh Brown, former Janus analyst Matt Ancrum told a story about how he’d made the correct call that Fastenal (NASDAQ:FAST) stock would sell off, but by selling the position, the firm missed out on the stock’s eventual 19x move. This was an epiphany moment ... Portfolio Manager Reveals How Selling a 19-Bagger Too Early Changed His Investment Philosophy Forever",2026-05-06T18:15:56Z,24/7 Wall St.
SPY,investment,2026-05-07T06:40:55.964968,CBOE VIX Slides Toward 17 as Oil Retreat and Tech Stock Surge Restore Risk Appetite,"The CBOE Volatility Index (^VIX) is drifting back toward the 17 line as optimism returns to the S&P 500 and capital rotates into stocks. The VIX closed near 18 on Monday after dipping to almost 17 late last week, well below the peak above 31 recorded in late March. In a display of a shifting ... CBOE VIX Slides Toward 17 as Oil Retreat and Tech Stock Surge Restore Risk Appetite",2026-05-06T14:08:56Z,24/7 Wall St.
QQQ,investment,2026-05-07T06:40:56.092331,The space ETFs prepping for liftoff ahead of SpaceX IPO,"Space-related funds are seeing a surge of inflows as investors eagerly await the IPO of Elon Musk's SpaceX (SPAX.PVT). In the latest installment of Yahoo Finance's ETF Report, TMX VettaFi head of research Todd Rosenbluth to talk about the ETFs that could draw in the most investors — like the Procure Space ETF (UFO) — as interest in the broader space economy grows. Rosenbluth goes on to weigh in on prediction market ETFs that are set to launch.",2026-05-06T16:15:00Z,Yahoo Finance Video
QQQ,investment,2026-05-07T06:40:56.092343,Exchange-Traded Funds Rise as US Equities Climb After Midday,Broad Market Indicators Broad-market exchange-traded fund IWM and IVV rose. Actively traded In,2026-05-06T17:13:12Z,MT Newswires
VTI,investment,2026-05-07T06:40:56.256769,"If Your Portfolio Is Too American, VXUS Is The Simple Fix","If you opened your brokerage statement this year and noticed your portfolio looked suspiciously like the S&P 500 with a few extra tech names sprinkled in, you are not alone. American investors have spent the last decade being rewarded for ignoring everything outside their own borders, and the muscle memory is hard to break. Vanguard ... If Your Portfolio Is Too American, VXUS Is The Simple Fix",2026-05-05T17:20:48Z,24/7 Wall St.
VTI,investment,2026-05-07T06:40:56.256778,The Cheap Way to Own the Entire U.S. Stock Market Right Now,You don't have to overthink investing. Keep it simple.,2026-05-04T10:01:00Z,Motley Fool
VTI,investment,2026-05-07T06:40:56.256781,Tech ETFs Dominate as $11.4B Floods Into U.S. Equity Funds,"<p>Here are the daily ETF fund flows for April 30, 2026.</p>",2026-04-30T21:00:04Z,etf.com
ARKK,investment,2026-05-07T06:40:56.404565,Cathie Wood sells another $15.6M of surging semiconductor stock,"Sometimes the hardest part of investing isn't buying. It's not the patience asked of you before the market rewards your move. It’s not even what to invest in, as you may think. It's watching something you sold keep going up to the moon without you. And now you can only stay out and be a spectator. ...",2026-05-06T20:35:22Z,TheStreet
ARKK,investment,2026-05-07T06:40:56.404574,Cathie Wood Remains Convinced on CoreWeave After 78% YTD Rally in CRWV Stock,"Wood invested and divested CoreWeave, as the stock is up 78.65% this year.",2026-05-05T18:53:45Z,Barchart
ARKK,investment,2026-05-07T06:40:56.404576,Intellia Therapeutics Stock Is Down Nearly 95% From Its Record Highs but Cathie Wood Keeps Buying,"Despite Intellia's severe stock drop from its 2021 peak, Cathie Wood is buying big.",2026-05-05T18:05:20Z,Barchart
GLD,investment,2026-05-07T06:40:56.540126,State Street’s 2026 Outlook Exposes Why Most Investors Still Underweight Gold After Its 50% Rally,"State Street’s 2026 Global ETF Outlook revisits its prior-year forecasts and flags a finding most investors glossed over: precious metals returned roughly 50% in 2025, and US precious metals ETFs now hold about $310 billion in assets. That is a generational run, and yet typical retail and advisor portfolios still carry low-single-digit gold exposure. Three ... State Street’s 2026 Outlook Exposes Why Most Investors Still Underweight Gold After Its 50% Rally",2026-05-06T21:22:23Z,24/7 Wall St.
GLD,investment,2026-05-07T06:40:56.540154,Gold and Silver Mining ETFs Surge as Precious Metals Rally Accelerates,"<p>Precious metals ETFs surged on Wednesday as gold and silver miners posted outsized gains, driven by a weakening dollar, safe-haven demand, and strong institutional inflows. The <a href=""https://www.etf.com/GDX""><strong>VanEck Gold Miners ETF (GDX)</strong></a>, the <a href=""https://www.etf.com/GDXJ""><strong>VanEck Junior Gold Miners ETF (GDXJ)</strong></a>, and the <a href=""https://www.etf.com/SLV""><strong>iShares Silver Trust (SLV)</strong></a> each logged their largest single-day gains in m",2026-05-06T18:26:02Z,etf.com
GLD,investment,2026-05-07T06:40:56.540156,Update: Gold Moves Higher as the Dollar and Yields Retreat Following Reports the Iran War May Be Near an End,(Updates prices.) Gold was higher midafternoon on Wednesday as the U.S. dollar and yields were sh,2026-05-06T18:00:10Z,MT Newswires
SPY,investment,2026-05-07T06:41:07.084725,71% of Stocks Fail to Beat the Market. Here’s How to Find the 4% That Create Real Wealth,"The math behind long-term stock picking is brutal. 71% of individual stocks fail to match the market return over rolling 10-year periods, and per Hendrik Bessembinder’s research at Arizona State University, only 4% of companies from 1926 to 2018 actually created net wealth relative to T-bills. Everything else, in aggregate, was a wash or worse. ... 71% of Stocks Fail to Beat the Market. Here’s How to Find the 4% That Create Real Wealth",2026-05-06T19:26:59Z,24/7 Wall St.
SPY,investment,2026-05-07T06:41:07.084735,Portfolio Manager Reveals How Selling a 19-Bagger Too Early Changed His Investment Philosophy Forever,"On a recent episode of The Compound and Friends hosted by Josh Brown, former Janus analyst Matt Ancrum told a story about how he’d made the correct call that Fastenal (NASDAQ:FAST) stock would sell off, but by selling the position, the firm missed out on the stock’s eventual 19x move. This was an epiphany moment ... Portfolio Manager Reveals How Selling a 19-Bagger Too Early Changed His Investment Philosophy Forever",2026-05-06T18:15:56Z,24/7 Wall St.
SPY,investment,2026-05-07T06:41:07.084737,CBOE VIX Slides Toward 17 as Oil Retreat and Tech Stock Surge Restore Risk Appetite,"The CBOE Volatility Index (^VIX) is drifting back toward the 17 line as optimism returns to the S&P 500 and capital rotates into stocks. The VIX closed near 18 on Monday after dipping to almost 17 late last week, well below the peak above 31 recorded in late March. In a display of a shifting ... CBOE VIX Slides Toward 17 as Oil Retreat and Tech Stock Surge Restore Risk Appetite",2026-05-06T14:08:56Z,24/7 Wall St.
QQQ,investment,2026-05-07T06:41:07.214368,The space ETFs prepping for liftoff ahead of SpaceX IPO,"Space-related funds are seeing a surge of inflows as investors eagerly await the IPO of Elon Musk's SpaceX (SPAX.PVT). In the latest installment of Yahoo Finance's ETF Report, TMX VettaFi head of research Todd Rosenbluth to talk about the ETFs that could draw in the most investors — like the Procure Space ETF (UFO) — as interest in the broader space economy grows. Rosenbluth goes on to weigh in on prediction market ETFs that are set to launch.",2026-05-06T16:15:00Z,Yahoo Finance Video
QQQ,investment,2026-05-07T06:41:07.214376,Exchange-Traded Funds Rise as US Equities Climb After Midday,Broad Market Indicators Broad-market exchange-traded fund IWM and IVV rose. Actively traded In,2026-05-06T17:13:12Z,MT Newswires
VTI,investment,2026-05-07T06:41:07.338050,"If Your Portfolio Is Too American, VXUS Is The Simple Fix","If you opened your brokerage statement this year and noticed your portfolio looked suspiciously like the S&P 500 with a few extra tech names sprinkled in, you are not alone. American investors have spent the last decade being rewarded for ignoring everything outside their own borders, and the muscle memory is hard to break. Vanguard ... If Your Portfolio Is Too American, VXUS Is The Simple Fix",2026-05-05T17:20:48Z,24/7 Wall St.
VTI,investment,2026-05-07T06:41:07.338057,The Cheap Way to Own the Entire U.S. Stock Market Right Now,You don't have to overthink investing. Keep it simple.,2026-05-04T10:01:00Z,Motley Fool
VTI,investment,2026-05-07T06:41:07.338060,Tech ETFs Dominate as $11.4B Floods Into U.S. Equity Funds,"<p>Here are the daily ETF fund flows for April 30, 2026.</p>",2026-04-30T21:00:04Z,etf.com
ARKK,investment,2026-05-07T06:41:07.473804,Cathie Wood sells another $15.6M of surging semiconductor stock,"Sometimes the hardest part of investing isn't buying. It's not the patience asked of you before the market rewards your move. It’s not even what to invest in, as you may think. It's watching something you sold keep going up to the moon without you. And now you can only stay out and be a spectator. ...",2026-05-06T20:35:22Z,TheStreet
ARKK,investment,2026-05-07T06:41:07.473812,Cathie Wood Remains Convinced on CoreWeave After 78% YTD Rally in CRWV Stock,"Wood invested and divested CoreWeave, as the stock is up 78.65% this year.",2026-05-05T18:53:45Z,Barchart
ARKK,investment,2026-05-07T06:41:07.473814,Intellia Therapeutics Stock Is Down Nearly 95% From Its Record Highs but Cathie Wood Keeps Buying,"Despite Intellia's severe stock drop from its 2021 peak, Cathie Wood is buying big.",2026-05-05T18:05:20Z,Barchart
GLD,investment,2026-05-07T06:41:07.607348,State Street’s 2026 Outlook Exposes Why Most Investors Still Underweight Gold After Its 50% Rally,"State Street’s 2026 Global ETF Outlook revisits its prior-year forecasts and flags a finding most investors glossed over: precious metals returned roughly 50% in 2025, and US precious metals ETFs now hold about $310 billion in assets. That is a generational run, and yet typical retail and advisor portfolios still carry low-single-digit gold exposure. Three ... State Street’s 2026 Outlook Exposes Why Most Investors Still Underweight Gold After Its 50% Rally",2026-05-06T21:22:23Z,24/7 Wall St.
GLD,investment,2026-05-07T06:41:07.607357,Gold and Silver Mining ETFs Surge as Precious Metals Rally Accelerates,"<p>Precious metals ETFs surged on Wednesday as gold and silver miners posted outsized gains, driven by a weakening dollar, safe-haven demand, and strong institutional inflows. The <a href=""https://www.etf.com/GDX""><strong>VanEck Gold Miners ETF (GDX)</strong></a>, the <a href=""https://www.etf.com/GDXJ""><strong>VanEck Junior Gold Miners ETF (GDXJ)</strong></a>, and the <a href=""https://www.etf.com/SLV""><strong>iShares Silver Trust (SLV)</strong></a> each logged their largest single-day gains in m",2026-05-06T18:26:02Z,etf.com
GLD,investment,2026-05-07T06:41:07.607360,Update: Gold Moves Higher as the Dollar and Yields Retreat Following Reports the Iran War May Be Near an End,(Updates prices.) Gold was higher midafternoon on Wednesday as the U.S. dollar and yields were sh,2026-05-06T18:00:10Z,MT Newswires
SPY,investment,2026-05-07T09:26:29.117353,71% of Stocks Fail to Beat the Market. Here’s How to Find the 4% That Create Real Wealth,"The math behind long-term stock picking is brutal. 71% of individual stocks fail to match the market return over rolling 10-year periods, and per Hendrik Bessembinder’s research at Arizona State University, only 4% of companies from 1926 to 2018 actually created net wealth relative to T-bills. Everything else, in aggregate, was a wash or worse. ... 71% of Stocks Fail to Beat the Market. Here’s How to Find the 4% That Create Real Wealth",2026-05-06T19:26:59Z,24/7 Wall St.
SPY,investment,2026-05-07T09:26:29.117365,Portfolio Manager Reveals How Selling a 19-Bagger Too Early Changed His Investment Philosophy Forever,"On a recent episode of The Compound and Friends hosted by Josh Brown, former Janus analyst Matt Ancrum told a story about how he’d made the correct call that Fastenal (NASDAQ:FAST) stock would sell off, but by selling the position, the firm missed out on the stock’s eventual 19x move. This was an epiphany moment ... Portfolio Manager Reveals How Selling a 19-Bagger Too Early Changed His Investment Philosophy Forever",2026-05-06T18:15:56Z,24/7 Wall St.
SPY,investment,2026-05-07T09:26:29.117367,CBOE VIX Slides Toward 17 as Oil Retreat and Tech Stock Surge Restore Risk Appetite,"The CBOE Volatility Index (^VIX) is drifting back toward the 17 line as optimism returns to the S&P 500 and capital rotates into stocks. The VIX closed near 18 on Monday after dipping to almost 17 late last week, well below the peak above 31 recorded in late March. In a display of a shifting ... CBOE VIX Slides Toward 17 as Oil Retreat and Tech Stock Surge Restore Risk Appetite",2026-05-06T14:08:56Z,24/7 Wall St.
QQQ,investment,2026-05-07T09:26:29.253837,The space ETFs prepping for liftoff ahead of SpaceX IPO,"Space-related funds are seeing a surge of inflows as investors eagerly await the IPO of Elon Musk's SpaceX (SPAX.PVT). In the latest installment of Yahoo Finance's ETF Report, TMX VettaFi head of research Todd Rosenbluth to talk about the ETFs that could draw in the most investors — like the Procure Space ETF (UFO) — as interest in the broader space economy grows. Rosenbluth goes on to weigh in on prediction market ETFs that are set to launch.",2026-05-06T16:15:00Z,Yahoo Finance Video
QQQ,investment,2026-05-07T09:26:29.253851,Exchange-Traded Funds Rise as US Equities Climb After Midday,Broad Market Indicators Broad-market exchange-traded fund IWM and IVV rose. Actively traded In,2026-05-06T17:13:12Z,MT Newswires
VTI,investment,2026-05-07T09:26:29.378160,"If Your Portfolio Is Too American, VXUS Is The Simple Fix","If you opened your brokerage statement this year and noticed your portfolio looked suspiciously like the S&P 500 with a few extra tech names sprinkled in, you are not alone. American investors have spent the last decade being rewarded for ignoring everything outside their own borders, and the muscle memory is hard to break. Vanguard ... If Your Portfolio Is Too American, VXUS Is The Simple Fix",2026-05-05T17:20:48Z,24/7 Wall St.
VTI,investment,2026-05-07T09:26:29.378173,The Cheap Way to Own the Entire U.S. Stock Market Right Now,You don't have to overthink investing. Keep it simple.,2026-05-04T10:01:00Z,Motley Fool
VTI,investment,2026-05-07T09:26:29.378175,Tech ETFs Dominate as $11.4B Floods Into U.S. Equity Funds,"<p>Here are the daily ETF fund flows for April 30, 2026.</p>",2026-04-30T21:00:04Z,etf.com
ARKK,investment,2026-05-07T09:26:29.567356,Cathie Wood sells another $15.6M of surging semiconductor stock,"Sometimes the hardest part of investing isn't buying. It's not the patience asked of you before the market rewards your move. It’s not even what to invest in, as you may think. It's watching something you sold keep going up to the moon without you. And now you can only stay out and be a spectator. ...",2026-05-06T20:35:22Z,TheStreet
ARKK,investment,2026-05-07T09:26:29.567369,Cathie Wood Remains Convinced on CoreWeave After 78% YTD Rally in CRWV Stock,"Wood invested and divested CoreWeave, as the stock is up 78.65% this year.",2026-05-05T18:53:45Z,Barchart
ARKK,investment,2026-05-07T09:26:29.567371,Intellia Therapeutics Stock Is Down Nearly 95% From Its Record Highs but Cathie Wood Keeps Buying,"Despite Intellia's severe stock drop from its 2021 peak, Cathie Wood is buying big.",2026-05-05T18:05:20Z,Barchart
GLD,investment,2026-05-07T09:26:29.704917,State Street’s 2026 Outlook Exposes Why Most Investors Still Underweight Gold After Its 50% Rally,"State Street’s 2026 Global ETF Outlook revisits its prior-year forecasts and flags a finding most investors glossed over: precious metals returned roughly 50% in 2025, and US precious metals ETFs now hold about $310 billion in assets. That is a generational run, and yet typical retail and advisor portfolios still carry low-single-digit gold exposure. Three ... State Street’s 2026 Outlook Exposes Why Most Investors Still Underweight Gold After Its 50% Rally",2026-05-06T21:22:23Z,24/7 Wall St.
GLD,investment,2026-05-07T09:26:29.704929,Gold and Silver Mining ETFs Surge as Precious Metals Rally Accelerates,"<p>Precious metals ETFs surged on Wednesday as gold and silver miners posted outsized gains, driven by a weakening dollar, safe-haven demand, and strong institutional inflows. The <a href=""https://www.etf.com/GDX""><strong>VanEck Gold Miners ETF (GDX)</strong></a>, the <a href=""https://www.etf.com/GDXJ""><strong>VanEck Junior Gold Miners ETF (GDXJ)</strong></a>, and the <a href=""https://www.etf.com/SLV""><strong>iShares Silver Trust (SLV)</strong></a> each logged their largest single-day gains in m",2026-05-06T18:26:02Z,etf.com
GLD,investment,2026-05-07T09:26:29.704931,Update: Gold Moves Higher as the Dollar and Yields Retreat Following Reports the Iran War May Be Near an End,(Updates prices.) Gold was higher midafternoon on Wednesday as the U.S. dollar and yields were sh,2026-05-06T18:00:10Z,MT Newswires
