symbol,timestamp,price,change,open,high,low,volume
^NSEI,2026-03-31T05:22:55.100701,22331.400390625,-218.25,22549.650390625,22714.099609375,22283.849609375,698600
^BSESN,2026-03-31T05:22:55.375162,71947.546875,-617.671875,72565.21875,73165.3203125,71774.1328125,26600
BTC-USD,2026-03-31T05:22:55.715633,67415.5234375,688.0,66727.5234375,68292.8125,66546.828125,36318347264
RELIANCE.NS,2026-03-31T05:22:56.058212,1343.9000244140625,8.9000244140625,1335.0,1365.0,1334.0999755859375,24393861
TCS.NS,2026-03-31T05:22:56.934363,2358.89990234375,-16.2001953125,2375.10009765625,2398.0,2346.199951171875,6804756
AAPL,2026-03-31T05:22:57.487800,246.6300048828125,-3.44000244140625,250.07000732421875,250.8699951171875,245.50999450683594,39106000
MSFT,2026-03-31T05:22:57.864515,358.9599914550781,-2.94000244140625,361.8999938964844,365.3599853515625,356.2799987792969,44568600
^NSEI,2026-04-01T05:34:32.981321,22753.900390625,-145.099609375,22899.0,22941.30078125,22743.599609375,0
^BSESN,2026-04-01T05:34:33.159417,73503.9765625,-258.453125,73762.4296875,73964.578125,73432.640625,0
BTC-USD,2026-04-01T05:34:33.313705,68555.0703125,330.6015625,68224.46875,68555.0703125,67591.140625,42267234304
RELIANCE.NS,2026-04-01T05:34:33.535687,1371.4000244140625,-12.7999267578125,1384.199951171875,1384.4000244140625,1364.5,5111052
TCS.NS,2026-04-01T05:34:33.909532,2446.699951171875,17.699951171875,2429.0,2472.0,2408.300048828125,1713360
AAPL,2026-04-01T05:34:34.164430,253.7899932861328,5.8799896240234375,247.91000366210938,255.47999572753906,247.10000610351562,49549600
MSFT,2026-04-01T05:34:34.741435,370.1700134277344,5.620025634765625,364.54998779296875,372.8999938964844,363.07000732421875,45131800
^NSEI,2026-04-02T05:17:37.803833,22193.25,-190.150390625,22383.400390625,22394.650390625,22182.55078125,0
^BSESN,2026-04-02T05:17:38.061193,71690.2265625,-571.8203125,72262.046875,72262.046875,71545.8125,0
BTC-USD,2026-04-02T05:17:38.278685,66368.65625,-1726.609375,68095.265625,68588.5390625,66268.84375,39065473024
RELIANCE.NS,2026-04-02T05:17:38.569642,1332.0999755859375,-24.9000244140625,1357.0,1358.0,1328.0,4022267
TCS.NS,2026-04-02T05:17:38.863698,2414.0,28.0,2386.0,2421.800048828125,2375.699951171875,1147514
AAPL,2026-04-02T05:17:39.151661,255.6300048828125,1.5500030517578125,254.0800018310547,256.17999267578125,253.3300018310547,40000100
MSFT,2026-04-02T05:17:39.423948,369.3699951171875,-4.1199951171875,373.489990234375,373.989990234375,368.20001220703125,29334600
^NSEI,2026-04-03T05:19:28.786911,22713.099609375,329.69921875,22383.400390625,22782.30078125,22182.55078125,495100
^BSESN,2026-04-03T05:19:28.977534,73319.546875,1057.5,72262.046875,73568.5390625,71545.8125,33000
BTC-USD,2026-04-03T05:19:29.224172,66559.109375,-329.3671875,66888.4765625,66972.71875,66296.953125,34159390720
RELIANCE.NS,2026-04-03T05:19:29.504233,1350.5,-6.5,1357.0,1358.199951171875,1328.0,21280051
TCS.NS,2026-04-03T05:19:29.820887,2450.699951171875,64.699951171875,2386.0,2469.89990234375,2375.699951171875,5378361
AAPL,2026-04-03T05:19:30.157768,255.9199981689453,1.720001220703125,254.1999969482422,256.1300048828125,250.64999389648438,31264600
MSFT,2026-04-03T05:19:30.473144,373.4599914550781,6.25,367.2099914550781,373.6400146484375,364.1499938964844,24047500
^NSEI,2026-04-04T05:07:43.808645,22713.099609375,329.69921875,22383.400390625,22782.30078125,22182.55078125,495100
^BSESN,2026-04-04T05:07:44.103237,73319.546875,1057.5,72262.046875,73568.5390625,71545.8125,33000
BTC-USD,2026-04-04T05:07:44.363989,66864.1953125,-73.0546875,66937.25,66937.25,66794.5078125,19601616896
RELIANCE.NS,2026-04-04T05:07:44.726275,1350.5,-6.5,1357.0,1358.199951171875,1328.0,21280051
TCS.NS,2026-04-04T05:07:45.136709,2450.699951171875,64.699951171875,2386.0,2469.89990234375,2375.699951171875,5378361
AAPL,2026-04-04T05:07:45.449274,255.9199981689453,1.720001220703125,254.1999969482422,256.1300048828125,250.64999389648438,31289400
MSFT,2026-04-04T05:07:45.779097,373.4599914550781,6.25,367.2099914550781,373.6400146484375,364.1499938964844,24099100
^NSEI,2026-04-05T05:24:13.653112,22713.099609375,329.69921875,22383.400390625,22782.30078125,22182.55078125,495100
^BSESN,2026-04-05T05:24:13.900978,73319.546875,1057.5,72262.046875,73568.5390625,71545.8125,33000
BTC-USD,2026-04-05T05:24:14.143921,67075.0546875,-217.3515625,67292.40625,67292.40625,66981.0390625,16192139264
RELIANCE.NS,2026-04-05T05:24:14.548127,1350.5,-6.5,1357.0,1358.199951171875,1328.0,21280051
TCS.NS,2026-04-05T05:24:14.824226,2450.699951171875,64.699951171875,2386.0,2469.89990234375,2375.699951171875,5378361
AAPL,2026-04-05T05:24:15.196310,255.9199981689453,1.720001220703125,254.1999969482422,256.1300048828125,250.64999389648438,31289400
MSFT,2026-04-05T05:24:15.440670,373.4599914550781,6.25,367.2099914550781,373.6400146484375,364.1499938964844,24099100
^NSEI,2026-04-06T05:36:56.218872,22594.94921875,-185.3515625,22780.30078125,22798.25,22561.900390625,0
^BSESN,2026-04-06T05:36:56.397293,72997.2734375,-480.2578125,73477.53125,73588.75,72790.4921875,0
BTC-USD,2026-04-06T05:36:56.560166,69168.84375,189.9296875,68978.9140625,69321.890625,68780.3515625,29253416960
RELIANCE.NS,2026-04-06T05:36:56.813529,1298.0999755859375,-60.9000244140625,1359.0,1359.0,1296.300048828125,10104744
TCS.NS,2026-04-06T05:36:57.077995,2459.300048828125,-14.699951171875,2474.0,2479.0,2448.199951171875,877534
AAPL,2026-04-06T05:36:57.325163,255.9199981689453,1.720001220703125,254.1999969482422,256.1300048828125,250.64999389648438,31289400
MSFT,2026-04-06T05:36:57.539325,373.4599914550781,6.25,367.2099914550781,373.6400146484375,364.1499938964844,24099100
^NSEI,2026-04-07T05:23:28.473415,22896.099609375,57.400390625,22838.69921875,22966.599609375,22719.30078125,0
^BSESN,2026-04-07T05:23:28.884777,73923.6875,189.328125,73734.359375,74073.7109375,73282.40625,0
BTC-USD,2026-04-07T05:23:29.160500,68784.296875,-76.1640625,68860.4609375,68975.375,68400.7734375,36347215872
RELIANCE.NS,2026-04-07T05:23:29.494681,1295.0999755859375,0.0999755859375,1295.0,1301.5999755859375,1291.0999755859375,5356782
TCS.NS,2026-04-07T05:23:29.822153,2511.0,50.0,2461.0,2515.0,2448.0,1122195
AAPL,2026-04-07T05:23:30.159202,258.8599853515625,2.3499755859375,256.510009765625,262.1600036621094,256.4599914550781,29297900
MSFT,2026-04-07T05:23:30.483756,372.8800048828125,-0.6099853515625,373.489990234375,373.7300109863281,369.5,16095200
^NSEI,2026-04-08T05:24:45.614391,23967.25,112.099609375,23855.150390625,23967.349609375,23828.5,0
^BSESN,2026-04-08T05:24:45.951753,77290.578125,-0.0546875,77290.6328125,77456.109375,77042.1484375,0
BTC-USD,2026-04-08T05:24:46.187246,71730.578125,-195.578125,71926.15625,71978.5546875,71284.6171875,48048455680
RELIANCE.NS,2026-04-08T05:24:46.449207,1344.9000244140625,-4.0999755859375,1349.0,1349.0,1326.199951171875,9191744
TCS.NS,2026-04-08T05:24:46.725830,2561.699951171875,-10.300048828125,2572.0,2580.300048828125,2540.10009765625,2371323
AAPL,2026-04-08T05:24:47.093713,253.5,-2.654998779296875,256.1549987792969,256.19000244140625,245.6999969482422,60820961
MSFT,2026-04-08T05:24:47.341106,372.2900085449219,1.94500732421875,370.3450012207031,372.45001220703125,366.57000732421875,20486199
^NSEI,2026-04-09T05:25:14.939904,23832.55078125,-76.5,23909.05078125,23990.75,23759.44921875,0
^BSESN,2026-04-09T05:25:15.353770,76897.171875,-422.15625,77319.328125,77429.328125,76624.3515625,0
BTC-USD,2026-04-09T05:25:15.743847,70909.0390625,-184.71875,71093.7578125,71155.4765625,70528.3125,39127875584
RELIANCE.NS,2026-04-09T05:25:16.104107,1335.0999755859375,-10.9000244140625,1346.0,1350.0,1331.5,3967588
TCS.NS,2026-04-09T05:25:16.455111,2562.89990234375,8.89990234375,2554.0,2578.199951171875,2531.10009765625,1710077
HDFCBANK.NS,2026-04-09T05:25:16.822072,802.5,-12.5,815.0,819.0,800.2000122070312,12244028
INFY.NS,2026-04-09T05:25:17.204721,1321.0,-8.9000244140625,1329.9000244140625,1332.5,1314.0,5603306
AAPL,2026-04-09T05:25:17.749799,258.8999938964844,0.389984130859375,258.510009765625,259.7499084472656,256.5299987792969,39655304
MSFT,2026-04-09T05:25:18.097601,374.3299865722656,-10.6500244140625,384.9800109863281,385.0,371.4100036621094,32957404
GOOGL,2026-04-09T05:25:18.394231,317.32000732421875,-3.125,320.44500732421875,322.052490234375,315.0199890136719,32754861
TSLA,2026-04-09T05:25:18.797865,343.25,-20.545013427734375,363.7950134277344,364.5,339.6700134277344,78262380
NVDA,2026-04-09T05:25:19.115400,182.0800018310547,-2.3699951171875,184.4499969482422,185.25999450683594,180.30999755859375,147041074
ETH-USD,2026-04-09T05:25:19.455822,2179.712646484375,-10.02197265625,2189.734619140625,2191.162109375,2167.24072265625,18700357632
^NSEI,2026-04-10T05:36:51.725618,24000.599609375,120.048828125,23880.55078125,24036.19921875,23856.349609375,0
^BSESN,2026-04-10T05:36:52.049198,77349.75,228.7421875,77121.0078125,77501.3984375,76851.15625,0
BTC-USD,2026-04-10T05:36:52.237577,72212.59375,429.078125,71783.515625,72305.703125,71639.4921875,39708848128
RELIANCE.NS,2026-04-10T05:36:52.505068,1346.0,9.0,1337.0,1351.0,1331.5,6188152
TCS.NS,2026-04-10T05:36:52.774421,2503.89990234375,-61.900146484375,2565.800048828125,2565.800048828125,2501.199951171875,5757931
HDFCBANK.NS,2026-04-10T05:36:53.073646,810.9500122070312,6.95001220703125,804.0,812.0,801.0,13689762
INFY.NS,2026-04-10T05:36:53.441464,1286.800048828125,-31.199951171875,1318.0,1318.9000244140625,1285.0,7734736
AAPL,2026-04-10T05:36:53.801109,260.489990234375,1.489990234375,259.0,261.1199951171875,256.07000732421875,28084500
MSFT,2026-04-10T05:36:54.075101,373.07000732421875,0.57000732421875,372.5,373.5,367.04998779296875,30351200
GOOGL,2026-04-10T05:36:54.272306,318.489990234375,2.579986572265625,315.9100036621094,319.5400085449219,311.05999755859375,23672500
TSLA,2026-04-10T05:36:54.507637,345.6199951171875,2.470001220703125,343.1499938964844,348.8800048828125,337.25,62016000
NVDA,2026-04-10T05:36:54.728460,183.91000366210938,2.07000732421875,181.83999633789062,184.0800018310547,180.6199951171875,116030600
ETH-USD,2026-04-10T05:36:54.901148,2199.8662109375,9.871826171875,2189.994384765625,2202.089111328125,2183.527099609375,17795325952
^NSEI,2026-04-11T05:11:10.513313,24050.599609375,170.048828125,23880.55078125,24074.05078125,23856.349609375,481300
^BSESN,2026-04-11T05:11:10.734889,77550.25,429.2421875,77121.0078125,77622.5,76851.15625,16200
BTC-USD,2026-04-11T05:11:10.933385,72811.421875,-162.7734375,72974.1953125,73083.59375,72743.8203125,36148424704
RELIANCE.NS,2026-04-11T05:11:11.156159,1350.199951171875,13.199951171875,1337.0,1352.300048828125,1331.5,19364461
TCS.NS,2026-04-11T05:11:11.376973,2524.300048828125,-41.5,2565.800048828125,2565.800048828125,2501.10009765625,10480239
HDFCBANK.NS,2026-04-11T05:11:11.642799,810.2999877929688,6.29998779296875,804.0,812.25,801.0,38156026
INFY.NS,2026-04-11T05:11:11.870566,1292.5,-25.5,1318.0,1318.9000244140625,1283.300048828125,19233369
AAPL,2026-04-11T05:11:12.205900,260.4800109863281,0.5,259.9800109863281,262.19000244140625,259.0199890136719,31259500
MSFT,2026-04-11T05:11:12.437374,370.8699951171875,-2.110015869140625,372.9800109863281,375.6400146484375,370.0299987792969,28038000
GOOGL,2026-04-11T05:11:12.621065,317.239990234375,-2.779998779296875,320.0199890136719,321.8299865722656,316.32000732421875,19127000
TSLA,2026-04-11T05:11:12.794968,348.95001220703125,2.660003662109375,346.2900085449219,350.3599853515625,342.739990234375,51045600
NVDA,2026-04-11T05:11:13.026212,188.6300048828125,4.32000732421875,184.30999755859375,190.0,184.3000030517578,160099500
ETH-USD,2026-04-11T05:11:13.199185,2240.127197265625,-5.268798828125,2245.39599609375,2250.517578125,2236.70068359375,15985664000
^NSEI,2026-04-12T05:34:10.544369,24050.599609375,170.048828125,23880.55078125,24074.05078125,23856.349609375,481300
^BSESN,2026-04-12T05:34:10.744968,77550.25,429.2421875,77121.0078125,77622.5,76851.15625,16200
BTC-USD,2026-04-12T05:34:10.901410,71695.9921875,-1361.1640625,73057.15625,73103.0390625,71408.796875,26254393344
RELIANCE.NS,2026-04-12T05:34:11.156712,1350.199951171875,13.199951171875,1337.0,1352.300048828125,1331.5,19364461
TCS.NS,2026-04-12T05:34:11.376247,2524.300048828125,-41.5,2565.800048828125,2565.800048828125,2501.10009765625,10480239
HDFCBANK.NS,2026-04-12T05:34:11.611003,810.2999877929688,6.29998779296875,804.0,812.25,801.0,38156026
INFY.NS,2026-04-12T05:34:11.862443,1292.5,-25.5,1318.0,1318.9000244140625,1283.300048828125,19233369
AAPL,2026-04-12T05:34:12.236675,260.4800109863281,0.5,259.9800109863281,262.19000244140625,259.0199890136719,31259500
MSFT,2026-04-12T05:34:12.490119,370.8699951171875,-2.110015869140625,372.9800109863281,375.6400146484375,370.0299987792969,28038000
GOOGL,2026-04-12T05:34:12.759360,317.239990234375,-2.779998779296875,320.0199890136719,321.8299865722656,316.32000732421875,19127000
TSLA,2026-04-12T05:34:12.970062,348.95001220703125,2.660003662109375,346.2900085449219,350.3599853515625,342.739990234375,51045600
NVDA,2026-04-12T05:34:13.237584,188.6300048828125,4.32000732421875,184.30999755859375,190.0,184.3000030517578,160099500
ETH-USD,2026-04-12T05:34:13.423179,2218.6435546875,-66.6923828125,2285.3359375,2286.019775390625,2211.180908203125,15541124096
^NSEI,2026-04-13T05:59:58.462331,23740.599609375,151.0,23589.599609375,23762.75,23555.599609375,0
^BSESN,2026-04-13T05:59:58.707949,76483.890625,546.734375,75937.15625,76559.8203125,75868.3203125,0
BTC-USD,2026-04-13T05:59:58.904224,70857.4375,116.140625,70741.296875,71229.5703125,70681.25,28547747840
RELIANCE.NS,2026-04-13T05:59:59.156749,1320.0,-1.199951171875,1321.199951171875,1327.5999755859375,1311.0,11856808
TCS.NS,2026-04-13T05:59:59.379734,2489.5,-0.39990234375,2489.89990234375,2504.89990234375,2475.0,1464077
HDFCBANK.NS,2026-04-13T05:59:59.695814,789.0499877929688,-2.45001220703125,791.5,793.9500122070312,787.5,18845098
INFY.NS,2026-04-13T06:00:00.078334,1276.0999755859375,4.0999755859375,1272.0,1289.0,1265.699951171875,3930985
AAPL,2026-04-13T06:00:00.363941,260.4800109863281,0.5,259.9800109863281,262.19000244140625,259.0199890136719,31259500
MSFT,2026-04-13T06:00:00.642555,370.8699951171875,-2.110015869140625,372.9800109863281,375.6400146484375,370.0299987792969,28038000
GOOGL,2026-04-13T06:00:00.826782,317.239990234375,-2.779998779296875,320.0199890136719,321.8299865722656,316.32000732421875,19127000
TSLA,2026-04-13T06:00:01.060997,348.95001220703125,2.660003662109375,346.2900085449219,350.3599853515625,342.739990234375,51045600
NVDA,2026-04-13T06:00:01.319195,188.6300048828125,4.32000732421875,184.30999755859375,190.0,184.3000030517578,160099500
ETH-USD,2026-04-13T06:00:01.520652,2189.590576171875,-2.07373046875,2191.664306640625,2207.2353515625,2184.19140625,12567749632
^NSEI,2026-04-14T05:35:36.054490,23842.650390625,253.05078125,23589.599609375,23907.400390625,23555.599609375,488800
^BSESN,2026-04-14T05:35:36.259124,76847.5703125,910.4140625,75937.15625,77063.40625,75868.3203125,19300
BTC-USD,2026-04-14T05:35:36.414460,74367.7265625,-74.5,74442.2265625,74543.4921875,74145.921875,51315351552
RELIANCE.NS,2026-04-14T05:35:36.665899,1315.0999755859375,-6.0999755859375,1321.199951171875,1327.5999755859375,1310.0,28753269
TCS.NS,2026-04-14T05:35:36.889347,2472.60009765625,-17.2998046875,2489.89990234375,2504.89990234375,2470.0,3739587
HDFCBANK.NS,2026-04-14T05:35:37.114128,794.7000122070312,3.20001220703125,791.5,798.5,787.3499755859375,47549328
INFY.NS,2026-04-14T05:35:37.414411,1276.800048828125,4.800048828125,1272.0,1289.0,1265.699951171875,10366082
AAPL,2026-04-14T05:35:37.701685,259.20001220703125,-0.529998779296875,259.7300109863281,260.17999267578125,256.6600036621094,35196600
MSFT,2026-04-14T05:35:37.932665,384.3699951171875,10.760009765625,373.6099853515625,384.5400085449219,371.0199890136719,35563300
GOOGL,2026-04-14T05:35:38.106188,321.30999755859375,4.16998291015625,317.1400146484375,321.6300048828125,315.4700012207031,18829800
TSLA,2026-04-14T05:35:38.285453,352.4200134277344,2.350006103515625,350.07000732421875,356.3500061035156,348.57000732421875,53399400
NVDA,2026-04-14T05:35:38.473312,189.30999755859375,3.279998779296875,186.02999877929688,189.66000366210938,185.74000549316406,133242100
ETH-USD,2026-04-14T05:35:38.653270,2363.889892578125,-6.012451171875,2369.90234375,2375.546875,2360.017333984375,26053529600
^NSEI,2026-04-15T05:35:45.385019,24206.650390625,42.849609375,24163.80078125,24280.900390625,24145.80078125,0
^BSESN,2026-04-15T05:35:45.929652,78106.78125,125.6796875,77981.1015625,78270.421875,77849.5234375,0
BTC-USD,2026-04-15T05:35:46.273835,74032.0234375,-143.2109375,74175.234375,74765.8828125,73995.453125,51349512192
RELIANCE.NS,2026-04-15T05:35:46.704035,1340.699951171875,3.699951171875,1337.0,1342.0999755859375,1334.199951171875,4973846
TCS.NS,2026-04-15T05:35:47.107879,2537.300048828125,35.400146484375,2501.89990234375,2554.89990234375,2493.39990234375,2846906
HDFCBANK.NS,2026-04-15T05:35:47.616667,810.2999877929688,5.3499755859375,804.9500122070312,814.7999877929688,804.0,14179630
INFY.NS,2026-04-15T05:35:48.086774,1304.300048828125,-2.0,1306.300048828125,1322.5,1300.5,5244910
AAPL,2026-04-15T05:35:48.561680,258.8299865722656,-0.420013427734375,259.25,261.92999267578125,257.19000244140625,48214600
MSFT,2026-04-15T05:35:49.157173,393.1099853515625,5.189971923828125,387.9200134277344,394.69000244140625,386.5199890136719,37335000
GOOGL,2026-04-15T05:35:49.547403,332.9100036621094,8.1199951171875,324.7900085449219,333.2900085449219,323.75,27604400
TSLA,2026-04-15T05:35:49.889082,364.20001220703125,6.529998779296875,357.6700134277344,367.6300048828125,354.7699890136719,59782500
NVDA,2026-04-15T05:35:50.344286,196.50999450683594,5.6699981689453125,190.83999633789062,196.50999450683594,190.77000427246094,160691000
ETH-USD,2026-04-15T05:35:50.770365,2321.110107421875,-2.080810546875,2323.19091796875,2341.852294921875,2318.87646484375,23279331328
^NSEI,2026-04-16T05:40:48.111125,24314.0,-71.19921875,24385.19921875,24400.94921875,24264.400390625,0
^BSESN,2026-04-16T05:40:48.407655,78397.7265625,-279.8359375,78677.5625,78730.3203125,78222.3828125,0
BTC-USD,2026-04-16T05:40:48.703979,75136.078125,322.859375,74813.21875,75209.671875,74517.6953125,38561251328
RELIANCE.NS,2026-04-16T05:40:49.057878,1337.699951171875,-14.300048828125,1352.0,1353.800048828125,1332.0,8259807
TCS.NS,2026-04-16T05:40:49.422314,2575.699951171875,3.699951171875,2572.0,2594.0,2565.89990234375,1663230
HDFCBANK.NS,2026-04-16T05:40:49.806124,809.6500244140625,-8.3499755859375,818.0,820.0499877929688,809.0,15783528
INFY.NS,2026-04-16T05:40:50.108749,1319.0,-3.0999755859375,1322.0999755859375,1331.0,1314.4000244140625,6555797
AAPL,2026-04-16T05:40:50.498727,266.42999267578125,8.269989013671875,258.1600036621094,266.55999755859375,257.80999755859375,49735000
MSFT,2026-04-16T05:40:50.822060,411.2200012207031,13.220001220703125,398.0,414.3699951171875,396.7300109863281,44793300
GOOGL,2026-04-16T05:40:51.124787,337.1199951171875,4.22998046875,332.8900146484375,337.4800109863281,330.8999938964844,24877900
TSLA,2026-04-16T05:40:51.309241,391.95001220703125,25.120025634765625,366.8299865722656,394.6499938964844,362.5,113381300
NVDA,2026-04-16T05:40:51.497018,198.8699951171875,2.3300018310546875,196.5399932861328,200.39999389648438,195.74000549316406,184934400
ETH-USD,2026-04-16T05:40:51.698085,2361.159912109375,1.213623046875,2359.9462890625,2367.609130859375,2349.9990234375,17084554240
^NSEI,2026-04-17T05:38:45.317163,24254.349609375,88.44921875,24165.900390625,24304.55078125,24096.05078125,0
^BSESN,2026-04-17T05:38:45.537413,78193.9765625,217.84375,77976.1328125,78358.140625,77726.2265625,0
BTC-USD,2026-04-17T05:38:45.708997,74713.9921875,-438.0,75151.9921875,75151.9921875,74598.078125,39431143424
RELIANCE.NS,2026-04-17T05:38:45.958062,1355.9000244140625,15.9000244140625,1340.0,1355.9000244140625,1340.0,3761709
TCS.NS,2026-04-17T05:38:46.231158,2574.89990234375,4.89990234375,2570.0,2589.0,2555.89990234375,850881
HDFCBANK.NS,2026-04-17T05:38:46.476092,800.0,9.9000244140625,790.0999755859375,802.7000122070312,788.2000122070312,14544661
INFY.NS,2026-04-17T05:38:46.743327,1313.199951171875,0.199951171875,1313.0,1328.300048828125,1306.0999755859375,3411322
AAPL,2026-04-17T05:38:47.022306,263.3999938964844,-3.399993896484375,266.79998779296875,267.1600036621094,261.2699890136719,43263500
MSFT,2026-04-17T05:38:47.307924,420.260009765625,0.4000244140625,419.8599853515625,420.82000732421875,412.1400146484375,41526900
GOOGL,2026-04-17T05:38:47.488273,336.0199890136719,-2.730010986328125,338.75,339.8800048828125,334.5199890136719,20520000
TSLA,2026-04-17T05:38:47.671075,388.8999938964844,-4.910003662109375,393.80999755859375,394.05999755859375,381.79998779296875,63381400
NVDA,2026-04-17T05:38:47.882037,198.35000610351562,0.920013427734375,197.42999267578125,199.85000610351562,195.80999755859375,133800000
ETH-USD,2026-04-17T05:38:48.070954,2324.18994140625,-24.295166015625,2348.485107421875,2349.650390625,2320.304931640625,20000378880
^NSEI,2026-04-18T05:20:34.041602,24353.55078125,187.650390625,24165.900390625,24371.900390625,24096.05078125,498600
^BSESN,2026-04-18T05:20:34.245156,78493.5390625,517.40625,77976.1328125,78553.453125,77726.2265625,14200
BTC-USD,2026-04-18T05:20:34.426911,77217.5234375,91.5,77126.0234375,77379.703125,76966.25,52805369856
RELIANCE.NS,2026-04-18T05:20:34.698101,1365.0,25.0,1340.0,1368.4000244140625,1340.0,13869105
TCS.NS,2026-04-18T05:20:34.962870,2581.5,11.5,2570.0,2589.0,2555.89990234375,2718206
HDFCBANK.NS,2026-04-18T05:20:35.213883,799.9000244140625,9.800048828125,790.0999755859375,803.9500122070312,788.2000122070312,37282544
INFY.NS,2026-04-18T05:20:35.477336,1318.699951171875,5.699951171875,1313.0,1328.300048828125,1306.0999755859375,12064048
AAPL,2026-04-18T05:20:35.758228,270.2300109863281,3.27001953125,266.9599914550781,272.29998779296875,266.7200012207031,61314800
MSFT,2026-04-18T05:20:35.977149,422.7900085449219,-2.029998779296875,424.82000732421875,431.5799865722656,420.69000244140625,47812100
GOOGL,2026-04-18T05:20:36.177675,341.67999267578125,4.029998779296875,337.6499938964844,342.32000732421875,336.239990234375,25519000
TSLA,2026-04-18T05:20:36.351483,400.6199951171875,4.699981689453125,395.9200134277344,409.2799987792969,391.6499938964844,90388400
NVDA,2026-04-18T05:20:36.560391,201.67999267578125,1.779998779296875,199.89999389648438,201.6999969482422,199.27000427246094,159843200
ETH-USD,2026-04-18T05:20:36.776342,2410.60009765625,-10.329833984375,2420.929931640625,2427.1630859375,2402.9921875,26294505472
^NSEI,2026-04-19T05:39:04.895838,24353.55078125,187.650390625,24165.900390625,24371.900390625,24096.05078125,498600
^BSESN,2026-04-19T05:39:05.348561,78493.5390625,517.40625,77976.1328125,78553.453125,77726.2265625,14200
BTC-USD,2026-04-19T05:39:05.675056,75659.953125,-63.453125,75723.40625,75845.984375,75455.7578125,25782255616
RELIANCE.NS,2026-04-19T05:39:06.280518,1365.0,25.0,1340.0,1368.4000244140625,1340.0,13869105
TCS.NS,2026-04-19T05:39:06.724372,2581.5,11.5,2570.0,2589.0,2555.89990234375,2718206
HDFCBANK.NS,2026-04-19T05:39:07.180860,799.9000244140625,9.800048828125,790.0999755859375,803.9500122070312,788.2000122070312,37282544
INFY.NS,2026-04-19T05:39:07.654699,1318.699951171875,5.699951171875,1313.0,1328.300048828125,1306.0999755859375,12064048
AAPL,2026-04-19T05:39:08.153384,270.2300109863281,3.27001953125,266.9599914550781,272.29998779296875,266.7200012207031,61314800
MSFT,2026-04-19T05:39:08.454817,422.7900085449219,-2.029998779296875,424.82000732421875,431.5799865722656,420.69000244140625,47812100
GOOGL,2026-04-19T05:39:08.737273,341.67999267578125,4.029998779296875,337.6499938964844,342.32000732421875,336.239990234375,25519000
TSLA,2026-04-19T05:39:09.114671,400.6199951171875,4.699981689453125,395.9200134277344,409.2799987792969,391.6499938964844,90388400
NVDA,2026-04-19T05:39:09.486167,201.67999267578125,1.779998779296875,199.89999389648438,201.6999969482422,199.27000427246094,159843200
ETH-USD,2026-04-19T05:39:09.817531,2336.830078125,-14.18896484375,2351.01904296875,2355.154296875,2328.987060546875,14250848256
^BSESN,2026-04-20T06:00:10.712689,78433.4921875,-199.40625,78632.8984375,78733.25,78203.296875,0
BTC-USD,2026-04-20T06:00:11.031718,74318.3125,498.203125,73820.109375,74736.390625,73820.109375,33339262976
RELIANCE.NS,2026-04-20T06:00:11.404215,1360.800048828125,-2.39990234375,1363.199951171875,1365.0,1352.800048828125,2436087
TCS.NS,2026-04-20T06:00:11.755924,2576.0,-11.10009765625,2587.10009765625,2589.0,2561.199951171875,566437
HDFCBANK.NS,2026-04-20T06:00:12.274448,795.5999755859375,-1.5,797.0999755859375,809.9500122070312,790.0,15507585
INFY.NS,2026-04-20T06:00:12.589578,1312.300048828125,-7.699951171875,1320.0,1324.9000244140625,1308.0999755859375,1435473
AAPL,2026-04-20T06:00:12.916502,270.2300109863281,3.27001953125,266.9599914550781,272.29998779296875,266.7200012207031,61314800
MSFT,2026-04-20T06:00:13.172365,422.7900085449219,-2.029998779296875,424.82000732421875,431.5799865722656,420.69000244140625,47812100
GOOGL,2026-04-20T06:00:13.443186,341.67999267578125,4.029998779296875,337.6499938964844,342.32000732421875,336.239990234375,25519000
TSLA,2026-04-20T06:00:13.768864,400.6199951171875,4.699981689453125,395.9200134277344,409.2799987792969,391.6499938964844,90388400
NVDA,2026-04-20T06:00:14.018160,201.67999267578125,1.779998779296875,199.89999389648438,201.6999969482422,199.27000427246094,159843200
ETH-USD,2026-04-20T06:00:14.348774,2271.7900390625,8.2998046875,2263.490234375,2293.079345703125,2263.490234375,17606060032
^NSEI,2026-04-21T05:38:22.005235,24554.19921875,179.6484375,24374.55078125,24562.849609375,24354.900390625,0
^BSESN,2026-04-21T05:38:22.582905,79159.3828125,542.2265625,78617.15625,79159.640625,78522.9609375,0
BTC-USD,2026-04-21T05:38:22.962407,75910.90625,56.109375,75854.796875,76178.1171875,75526.375,37944549376
RELIANCE.NS,2026-04-21T05:38:23.342023,1368.300048828125,9.300048828125,1359.0,1369.800048828125,1359.0,4657415
TCS.NS,2026-04-21T05:38:23.725477,2588.39990234375,28.39990234375,2560.0,2593.0,2560.0,729523
HDFCBANK.NS,2026-04-21T05:38:24.113223,805.5999755859375,10.39996337890625,795.2000122070312,806.0,795.2000122070312,10488973
INFY.NS,2026-04-21T05:38:24.536848,1317.5999755859375,7.5999755859375,1310.0,1319.9000244140625,1299.300048828125,2449176
AAPL,2026-04-21T05:38:25.001438,273.04998779296875,2.720001220703125,270.3299865722656,274.2799987792969,270.2900085449219,36472700
MSFT,2026-04-21T05:38:25.428699,418.07000732421875,-3.079986572265625,421.1499938964844,423.3299865722656,416.29998779296875,27501100
GOOGL,2026-04-21T05:38:25.750491,337.4200134277344,-3.339996337890625,340.760009765625,341.3999938964844,336.6099853515625,18757000
TSLA,2026-04-21T05:38:26.070878,392.5,-10.079986572265625,402.5799865722656,406.79998779296875,388.3299865722656,64464300
NVDA,2026-04-21T05:38:26.430078,202.05999755859375,2.0800018310546875,199.97999572753906,202.1699981689453,197.83999633789062,119047400
ETH-USD,2026-04-21T05:38:26.753866,2317.199951171875,2.78564453125,2314.414306640625,2324.49609375,2302.321533203125,18295801856
^NSEI,2026-04-22T05:37:19.362930,24433.400390625,-37.44921875,24470.849609375,24515.94921875,24352.900390625,0
^BSESN,2026-04-22T05:37:19.816671,78705.25,-314.09375,79019.34375,79031.03125,78442.296875,0
BTC-USD,2026-04-22T05:37:20.131692,78106.0,1764.2734375,76341.7265625,78282.2578125,76168.984375,42188775424
RELIANCE.NS,2026-04-22T05:37:20.629977,1363.300048828125,13.0,1350.300048828125,1364.4000244140625,1349.0999755859375,2903386
TCS.NS,2026-04-22T05:37:21.032305,2561.39990234375,-18.60009765625,2580.0,2580.0,2557.0,1572343
HDFCBANK.NS,2026-04-22T05:37:21.394785,804.7999877929688,-5.20001220703125,810.0,813.0499877929688,801.5,10446811
INFY.NS,2026-04-22T05:37:21.869352,1265.5,-29.5,1295.0,1297.699951171875,1262.0,10212093
AAPL,2026-04-22T05:37:22.383394,266.1700134277344,-5.329986572265625,271.5,272.79998779296875,265.3999938964844,50154100
MSFT,2026-04-22T05:37:22.733890,424.1600036621094,3.920013427734375,420.239990234375,427.17999267578125,417.20001220703125,31992100
GOOGL,2026-04-22T05:37:23.028056,332.2900085449219,-5.399993896484375,337.69000244140625,339.3399963378906,331.3500061035156,23091100
TSLA,2026-04-22T05:37:23.457051,386.4200134277344,-6.579986572265625,393.0,393.95001220703125,385.2200012207031,50345800
NVDA,2026-04-22T05:37:23.880000,199.8800048828125,-2.25,202.1300048828125,202.75,199.0,107561800
ETH-USD,2026-04-22T05:37:24.232962,2396.030029296875,68.419677734375,2327.6103515625,2398.32275390625,2315.122802734375,18906451968
^NSEI,2026-04-23T05:41:22.674087,24211.05078125,8.701171875,24202.349609375,24310.19921875,24134.80078125,0
^BSESN,2026-04-23T05:41:22.849464,77813.3671875,-170.2890625,77983.65625,78178.5390625,77693.0625,0
BTC-USD,2026-04-23T05:41:23.010189,77849.9375,-343.046875,78192.984375,78502.90625,77597.3203125,44356526080
RELIANCE.NS,2026-04-23T05:41:23.330767,1347.199951171875,1.199951171875,1346.0,1355.5,1344.0,5028860
TCS.NS,2026-04-23T05:41:23.610093,2552.5,23.5,2529.0,2559.5,2518.39990234375,948991
HDFCBANK.NS,2026-04-23T05:41:23.849717,791.2000122070312,-0.79998779296875,792.0,796.6500244140625,790.0,11977036
INFY.NS,2026-04-23T05:41:24.184477,1257.9000244140625,3.9000244140625,1254.0,1265.699951171875,1249.5999755859375,4842408
AAPL,2026-04-23T05:41:24.469493,273.1700134277344,5.350006103515625,267.82000732421875,273.739990234375,266.8699951171875,43195700
MSFT,2026-04-23T05:41:24.682515,432.9200134277344,6.730010986328125,426.19000244140625,433.70001220703125,423.6700134277344,29279800
GOOGL,2026-04-23T05:41:24.861863,339.32000732421875,2.300018310546875,337.0199890136719,339.82000732421875,335.1700134277344,20266500
TSLA,2026-04-23T05:41:25.045318,387.510009765625,-0.05999755859375,387.57000732421875,393.010009765625,385.29998779296875,58136500
NVDA,2026-04-23T05:41:25.265702,202.5,1.5099945068359375,200.99000549316406,202.5,199.0,107156200
ETH-USD,2026-04-23T05:41:25.529968,2343.89990234375,-31.215576171875,2375.115478515625,2378.58349609375,2336.185546875,21008572416
^NSEI,2026-04-24T05:53:58.845028,23930.05078125,-170.5,24100.55078125,24206.0,23903.25,0
^BSESN,2026-04-24T05:53:59.243284,76809.4765625,-674.3203125,77483.796875,77710.8203125,76758.0703125,0
BTC-USD,2026-04-24T05:53:59.542955,77875.1015625,-403.5546875,78278.65625,78494.1640625,77546.6015625,37714939904
RELIANCE.NS,2026-04-24T05:53:59.911231,1334.199951171875,-5.800048828125,1340.0,1345.9000244140625,1329.0999755859375,5011325
TCS.NS,2026-04-24T05:54:00.365007,2434.199951171875,-53.800048828125,2488.0,2505.0,2431.0,1966086
HDFCBANK.NS,2026-04-24T05:54:00.822188,784.5999755859375,7.29998779296875,777.2999877929688,787.0,777.0,13236177
INFY.NS,2026-04-24T05:54:01.262668,1178.800048828125,-21.199951171875,1200.0,1223.9000244140625,1175.0,18254582
AAPL,2026-04-24T05:54:01.628678,273.42999267578125,-1.6199951171875,275.04998779296875,275.7699890136719,271.6499938964844,33285900
MSFT,2026-04-24T05:54:02.026833,415.75,-4.1400146484375,419.8900146484375,423.6600036621094,411.4100036621094,38151200
GOOGL,2026-04-24T05:54:02.359621,338.8900146484375,-2.28997802734375,341.17999267578125,341.9599914550781,336.17999267578125,18586000
TSLA,2026-04-24T05:54:02.803171,373.7200012207031,-1.55999755859375,375.2799987792969,386.0,368.3900146484375,93683300
NVDA,2026-04-24T05:54:03.157187,199.63999938964844,-2.82000732421875,202.4600067138672,203.8300018310547,197.22000122070312,112939600
ETH-USD,2026-04-24T05:54:03.499767,2315.169921875,-16.3681640625,2331.5380859375,2336.3095703125,2302.93310546875,17708916736
^NSEI,2026-04-25T05:25:25.907648,23897.94921875,-202.6015625,24100.55078125,24206.0,23813.650390625,438400
^BSESN,2026-04-25T05:25:26.096670,76664.2109375,-819.5859375,77483.796875,77710.8203125,76403.8671875,14100
BTC-USD,2026-04-25T05:25:26.259612,77531.7578125,74.984375,77456.7734375,77712.8125,77337.4765625,30438266880
RELIANCE.NS,2026-04-25T05:25:26.522432,1327.800048828125,-12.199951171875,1340.0,1345.9000244140625,1325.0,11744802
TCS.NS,2026-04-25T05:25:26.743870,2396.89990234375,-91.10009765625,2488.0,2505.0,2388.800048828125,5107719
HDFCBANK.NS,2026-04-25T05:25:26.981395,784.8499755859375,7.54998779296875,777.2999877929688,787.5999755859375,777.0,27720358
INFY.NS,2026-04-25T05:25:27.284865,1154.5999755859375,-45.4000244140625,1200.0,1223.9000244140625,1152.199951171875,42078914
AAPL,2026-04-25T05:25:27.542064,271.05999755859375,-1.70001220703125,272.760009765625,273.05999755859375,269.6499938964844,38124500
MSFT,2026-04-25T05:25:27.775548,424.6199951171875,7.649993896484375,416.9700012207031,424.95001220703125,415.79998779296875,27413900
GOOGL,2026-04-25T05:25:27.952706,344.3999938964844,5.66998291015625,338.7300109863281,345.2699890136719,335.3900146484375,26400000
TSLA,2026-04-25T05:25:28.164644,376.29998779296875,2.79998779296875,373.5,382.760009765625,370.7300109863281,62753700
NVDA,2026-04-25T05:25:28.379364,208.27000427246094,8.30999755859375,199.9600067138672,210.9499969482422,199.80999755859375,213780100
ETH-USD,2026-04-25T05:25:28.598595,2315.0400390625,-0.727294921875,2315.767333984375,2320.77490234375,2312.727783203125,11948227584
^NSEI,2026-04-26T05:54:55.307979,23897.94921875,-202.6015625,24100.55078125,24206.0,23813.650390625,438400
^BSESN,2026-04-26T05:54:55.595700,76664.2109375,-819.5859375,77483.796875,77710.8203125,76403.8671875,14100
BTC-USD,2026-04-26T05:54:55.791122,78029.5703125,397.5,77632.0703125,78140.90625,77361.296875,16497171456
RELIANCE.NS,2026-04-26T05:54:56.038937,1327.800048828125,-12.199951171875,1340.0,1345.9000244140625,1325.0,11744802
TCS.NS,2026-04-26T05:54:56.320370,2396.89990234375,-91.10009765625,2488.0,2505.0,2388.800048828125,5107719
HDFCBANK.NS,2026-04-26T05:54:56.723564,784.8499755859375,7.54998779296875,777.2999877929688,787.5999755859375,777.0,27720358
INFY.NS,2026-04-26T05:54:57.010312,1154.5999755859375,-45.4000244140625,1200.0,1223.9000244140625,1152.199951171875,42078914
AAPL,2026-04-26T05:54:57.299460,271.05999755859375,-1.70001220703125,272.760009765625,273.05999755859375,269.6499938964844,38124500
MSFT,2026-04-26T05:54:57.554081,424.6199951171875,7.649993896484375,416.9700012207031,424.95001220703125,415.79998779296875,27413900
GOOGL,2026-04-26T05:54:57.745685,344.3999938964844,5.66998291015625,338.7300109863281,345.2699890136719,335.3900146484375,26400000
TSLA,2026-04-26T05:54:57.928151,376.29998779296875,2.79998779296875,373.5,382.760009765625,370.7300109863281,62753700
NVDA,2026-04-26T05:54:58.216305,208.27000427246094,8.30999755859375,199.9600067138672,210.9499969482422,199.80999755859375,213780100
ETH-USD,2026-04-26T05:54:58.429176,2328.530029296875,9.18310546875,2319.346923828125,2331.703125,2308.4990234375,7132028928
^NSEI,2026-04-27T06:13:29.199519,24000.94921875,55.5,23945.44921875,24107.599609375,23936.19921875,0
^BSESN,2026-04-27T06:13:29.397021,77103.078125,247.03125,76856.046875,77341.53125,76754.203125,0
BTC-USD,2026-04-27T06:13:29.560864,77732.7265625,-938.125,78670.8515625,79420.2734375,77754.8984375,28931684352
RELIANCE.NS,2026-04-27T06:13:29.801446,1335.4000244140625,22.4000244140625,1313.0,1345.199951171875,1311.0,10081581
TCS.NS,2026-04-27T06:13:30.026237,2438.39990234375,41.5,2396.89990234375,2446.0,2396.89990234375,2334402
HDFCBANK.NS,2026-04-27T06:13:30.296185,786.0499877929688,-1.45001220703125,787.5,793.0,785.1500244140625,7973224
INFY.NS,2026-04-27T06:13:30.545632,1173.4000244140625,18.800048828125,1154.5999755859375,1179.9000244140625,1154.5,8440169
AAPL,2026-04-27T06:13:30.789879,271.05999755859375,-1.70001220703125,272.760009765625,273.05999755859375,269.6499938964844,38124500
MSFT,2026-04-27T06:13:31.100258,424.6199951171875,7.649993896484375,416.9700012207031,424.95001220703125,415.79998779296875,27413900
GOOGL,2026-04-27T06:13:31.361763,344.3999938964844,5.66998291015625,338.7300109863281,345.2699890136719,335.3900146484375,26400000
TSLA,2026-04-27T06:13:31.751597,376.29998779296875,2.79998779296875,373.5,382.760009765625,370.7300109863281,62753700
NVDA,2026-04-27T06:13:32.054834,208.27000427246094,8.30999755859375,199.9600067138672,210.9499969482422,199.80999755859375,213780100
ETH-USD,2026-04-27T06:13:32.329292,2321.89990234375,-48.4169921875,2370.31689453125,2399.44287109375,2321.12939453125,14265505792
^NSEI,2026-04-28T06:17:01.180278,24083.19921875,33.298828125,24049.900390625,24181.80078125,23999.25,0
^BSESN,2026-04-28T06:17:01.425928,77087.703125,-7.0859375,77094.7890625,77493.53125,76973.5390625,0
BTC-USD,2026-04-28T06:17:01.625510,76996.421875,-371.859375,77368.28125,77423.171875,76696.8125,32510547968
RELIANCE.NS,2026-04-28T06:17:01.848360,1382.0999755859375,24.0999755859375,1358.0,1387.800048828125,1357.0,14477657
TCS.NS,2026-04-28T06:17:02.058496,2466.89990234375,22.89990234375,2444.0,2487.0,2437.89990234375,1575889
HDFCBANK.NS,2026-04-28T06:17:02.366322,787.5,2.5,785.0,794.5,783.2999877929688,11569380
INFY.NS,2026-04-28T06:17:02.678207,1158.5,-4.199951171875,1162.699951171875,1169.4000244140625,1153.0,4625281
AAPL,2026-04-28T06:17:03.129300,267.6099853515625,1.519989013671875,266.0899963378906,268.3599853515625,265.07000732421875,41407600
MSFT,2026-04-28T06:17:03.424376,424.82000732421875,2.44000244140625,422.3800048828125,427.1099853515625,417.07000732421875,30817600
GOOGL,2026-04-28T06:17:03.688628,350.3399963378906,4.3599853515625,345.9800109863281,353.17999267578125,342.7300109863281,28530600
TSLA,2026-04-28T06:17:03.896792,378.6700134277344,6.58001708984375,372.0899963378906,380.7799987792969,364.0199890136719,66583400
NVDA,2026-04-28T06:17:04.191119,216.61000061035156,6.9600067138671875,209.64999389648438,216.8300018310547,207.3800048828125,185608200
ETH-USD,2026-04-28T06:17:04.439748,2290.0,-13.329345703125,2303.329345703125,2309.231201171875,2283.135498046875,14485688320
^NSEI,2026-04-29T06:11:07.708541,24277.150390625,180.25,24096.900390625,24298.94921875,24059.94921875,0
^BSESN,2026-04-29T06:11:07.902099,77787.2734375,541.4453125,77245.828125,77879.6796875,77136.203125,0
BTC-USD,2026-04-29T06:11:08.118134,77273.0390625,932.65625,76340.3828125,77312.6640625,76239.609375,33421770752
RELIANCE.NS,2026-04-29T06:11:08.428447,1421.699951171875,29.699951171875,1392.0,1427.699951171875,1391.300048828125,11050799
TCS.NS,2026-04-29T06:11:08.711592,2476.10009765625,25.10009765625,2451.0,2485.800048828125,2447.60009765625,1188545
HDFCBANK.NS,2026-04-29T06:11:08.975029,786.2000122070312,0.70001220703125,785.5,790.0,780.25,9792736
INFY.NS,2026-04-29T06:11:09.320004,1172.699951171875,14.199951171875,1158.5,1177.9000244140625,1156.800048828125,3989056
AAPL,2026-04-29T06:11:09.674305,270.7099914550781,-1.6300048828125,272.3399963378906,273.2300109863281,268.6600036621094,39978600
MSFT,2026-04-29T06:11:09.927726,429.25,4.67999267578125,424.57000732421875,429.9200134277344,421.8999938964844,30373200
GOOGL,2026-04-29T06:11:10.147299,349.7799987792969,1.230010986328125,348.54998779296875,352.4200134277344,346.1199951171875,27776500
TSLA,2026-04-29T06:11:10.350382,376.0199890136719,1.339996337890625,374.67999267578125,382.2900085449219,372.5400085449219,50698300
NVDA,2026-04-29T06:11:10.572210,213.1699981689453,3.67999267578125,209.49000549316406,214.72999572753906,208.1999969482422,179828800
ETH-USD,2026-04-29T06:11:10.780306,2334.56005859375,45.356201171875,2289.203857421875,2335.100830078125,2281.736328125,14820404224
^NSEI,2026-04-30T06:15:17.181343,23834.05078125,-162.8984375,23996.94921875,24019.150390625,23796.849609375,0
^BSESN,2026-04-30T06:15:17.398912,76373.796875,-640.4140625,77014.2109375,77014.2109375,76258.859375,0
BTC-USD,2026-04-30T06:15:17.567466,75565.90625,-186.21875,75752.125,76357.734375,75397.875,40755359744
RELIANCE.NS,2026-04-30T06:15:17.869315,1403.800048828125,-5.199951171875,1409.0,1415.9000244140625,1393.0999755859375,10612258
TCS.NS,2026-04-30T06:15:18.143516,2441.39990234375,-37.60009765625,2479.0,2479.0,2438.0,1282956
HDFCBANK.NS,2026-04-30T06:15:18.411618,767.25,-2.75,770.0,772.25,762.25,18001370
INFY.NS,2026-04-30T06:15:18.632466,1168.0,0.5,1167.5,1175.0,1159.5999755859375,3242647
AAPL,2026-04-30T06:15:18.954150,270.1700134277344,2.620025634765625,267.54998779296875,271.0400085449219,267.0400085449219,29830500
MSFT,2026-04-30T06:15:19.167033,424.4599914550781,-0.1199951171875,424.5799865722656,426.82000732421875,420.2900085449219,36777600
GOOGL,2026-04-30T06:15:19.391673,349.94000244140625,2.3699951171875,347.57000732421875,355.7900085449219,344.2099914550781,34856900
TSLA,2026-04-30T06:15:19.570739,372.79998779296875,-2.600006103515625,375.3999938964844,376.3999938964844,370.0400085449219,45161700
NVDA,2026-04-30T06:15:19.775773,209.25,-3.4499969482421875,212.6999969482422,212.72000122070312,207.5800018310547,121737500
ETH-USD,2026-04-30T06:15:19.973132,2243.2900390625,-9.156494140625,2252.446533203125,2274.84033203125,2235.7509765625,20673601536
^NSEI,2026-05-01T06:25:17.415197,23997.55078125,0.6015625,23996.94921875,24087.44921875,23796.849609375,0
^BSESN,2026-05-01T06:25:17.791499,76913.5,-100.7109375,77014.2109375,77254.328125,76258.859375,0
BTC-USD,2026-05-01T06:25:18.105584,77136.5234375,829.96875,76306.5546875,77310.4765625,76306.5546875,29642571776
RELIANCE.NS,2026-05-01T06:25:18.477143,1436.0,27.0,1409.0,1437.0,1393.0999755859375,30956783
TCS.NS,2026-05-01T06:25:18.820270,2474.800048828125,-4.199951171875,2479.0,2491.0,2438.0,3970110
HDFCBANK.NS,2026-05-01T06:25:19.115214,774.75,4.75,770.0,778.7999877929688,762.25,47997131
INFY.NS,2026-05-01T06:25:19.486466,1182.5999755859375,15.0999755859375,1167.5,1189.800048828125,1159.5999755859375,12204863
AAPL,2026-05-01T06:25:19.891236,271.3500061035156,0.850006103515625,270.5,276.0,268.1400146484375,90134300
MSFT,2026-05-01T06:25:20.178774,407.7799987792969,-3.029998779296875,410.80999755859375,414.4200134277344,398.010009765625,70783800
GOOGL,2026-05-01T06:25:20.404579,384.79998779296875,10.72998046875,374.07000732421875,385.8399963378906,365.82000732421875,71949900
TSLA,2026-05-01T06:25:20.686095,381.6300048828125,8.8800048828125,372.75,384.75,368.1700134277344,50941500
NVDA,2026-05-01T06:25:20.997275,199.57000732421875,-10.3599853515625,209.92999267578125,210.3000030517578,198.6999969482422,224690300
ETH-USD,2026-05-01T06:25:21.226654,2284.9599609375,28.573974609375,2256.385986328125,2288.46826171875,2256.385986328125,11116496896
^NSEI,2026-05-02T05:52:24.143753,23997.55078125,0.6015625,23996.94921875,24087.44921875,23796.849609375,0
^BSESN,2026-05-02T05:52:24.492763,76913.5,-100.7109375,77014.2109375,77254.328125,76258.859375,0
BTC-USD,2026-05-02T05:52:24.673529,78213.2890625,-1.6640625,78214.953125,78430.2421875,78045.3046875,36437721088
RELIANCE.NS,2026-05-02T05:52:24.932122,1436.0,27.0,1409.0,1437.0,1393.0999755859375,30956783
TCS.NS,2026-05-02T05:52:25.209237,2474.800048828125,-4.199951171875,2479.0,2491.0,2438.0,3970110
HDFCBANK.NS,2026-05-02T05:52:25.527201,774.75,4.75,770.0,778.7999877929688,762.25,47997131
INFY.NS,2026-05-02T05:52:25.801695,1182.5999755859375,15.0999755859375,1167.5,1189.800048828125,1159.5999755859375,12204863
AAPL,2026-05-02T05:52:26.111757,280.1400146484375,1.280029296875,278.8599853515625,287.2200012207031,278.3699951171875,79844600
MSFT,2026-05-02T05:52:26.359440,414.44000244140625,1.6400146484375,412.79998779296875,417.1099853515625,410.44000244140625,31330100
GOOGL,2026-05-02T05:52:26.553295,385.69000244140625,4.05999755859375,381.6300048828125,386.760009765625,379.04998779296875,30075200
TSLA,2026-05-02T05:52:26.751125,390.82000732421875,8.33001708984375,382.489990234375,397.82000732421875,378.79998779296875,65210000
NVDA,2026-05-02T05:52:26.984869,198.4499969482422,-2.8300018310546875,201.27999877929688,203.0,197.1199951171875,128257500
ETH-USD,2026-05-02T05:52:27.195307,2300.0,4.85693359375,2295.14306640625,2305.944091796875,2293.038330078125,12109589504
^NSEI,2026-05-02T13:25:29.958689,23997.55078125,0.6015625,23996.94921875,24087.44921875,23796.849609375,0
^BSESN,2026-05-02T13:25:30.155835,76913.5,-100.7109375,77014.2109375,77254.328125,76258.859375,0
BTC-USD,2026-05-02T13:25:30.308736,78301.890625,86.9375,78214.953125,78430.2421875,78045.3046875,28388329472
RELIANCE.NS,2026-05-02T13:25:30.615048,1436.0,27.0,1409.0,1437.0,1393.0999755859375,30956783
TCS.NS,2026-05-02T13:25:30.984036,2474.800048828125,-4.199951171875,2479.0,2491.0,2438.0,3970110
HDFCBANK.NS,2026-05-02T13:25:31.251767,774.75,4.75,770.0,778.7999877929688,762.25,47997131
INFY.NS,2026-05-02T13:25:31.516431,1182.5999755859375,15.0999755859375,1167.5,1189.800048828125,1159.5999755859375,12204863
AAPL,2026-05-02T13:25:31.832794,280.1400146484375,1.280029296875,278.8599853515625,287.2200012207031,278.3699951171875,79844600
MSFT,2026-05-02T13:25:32.101009,414.44000244140625,1.6400146484375,412.79998779296875,417.1099853515625,410.44000244140625,31330100
GOOGL,2026-05-02T13:25:32.357614,385.69000244140625,4.05999755859375,381.6300048828125,386.760009765625,379.04998779296875,30075200
TSLA,2026-05-02T13:25:32.653003,390.82000732421875,8.33001708984375,382.489990234375,397.82000732421875,378.79998779296875,65210000
NVDA,2026-05-02T13:25:32.873682,198.4499969482422,-2.8300018310546875,201.27999877929688,203.0,197.1199951171875,128257500
ETH-USD,2026-05-02T13:25:33.045485,2308.0,12.85693359375,2295.14306640625,2310.724853515625,2293.038330078125,9718920192
^NSEI,2026-05-02T19:09:58.832837,23997.55078125,0.6015625,23996.94921875,24087.44921875,23796.849609375,0
^BSESN,2026-05-02T19:09:59.279752,76913.5,-100.7109375,77014.2109375,77254.328125,76258.859375,0
BTC-USD,2026-05-02T19:09:59.590486,78465.859375,250.90625,78214.953125,78540.625,78045.3046875,18710446080
RELIANCE.NS,2026-05-02T19:09:59.939592,1436.0,27.0,1409.0,1437.0,1393.0999755859375,30956783
TCS.NS,2026-05-02T19:10:00.350946,2474.800048828125,-4.199951171875,2479.0,2491.0,2438.0,3970110
HDFCBANK.NS,2026-05-02T19:10:00.780646,774.75,4.75,770.0,778.7999877929688,762.25,47997131
INFY.NS,2026-05-02T19:10:01.125009,1182.5999755859375,15.0999755859375,1167.5,1189.800048828125,1159.5999755859375,12204863
AAPL,2026-05-02T19:10:01.486227,280.1400146484375,1.280029296875,278.8599853515625,287.2200012207031,278.3699951171875,79844600
MSFT,2026-05-02T19:10:01.832496,414.44000244140625,1.6400146484375,412.79998779296875,417.1099853515625,410.44000244140625,31330100
GOOGL,2026-05-02T19:10:02.172669,385.69000244140625,4.05999755859375,381.6300048828125,386.760009765625,379.04998779296875,30075200
TSLA,2026-05-02T19:10:02.437471,390.82000732421875,8.33001708984375,382.489990234375,397.82000732421875,378.79998779296875,65210000
NVDA,2026-05-02T19:10:02.774548,198.4499969482422,-2.8300018310546875,201.27999877929688,203.0,197.1199951171875,128257500
ETH-USD,2026-05-02T19:10:03.046881,2309.39990234375,14.2568359375,2295.14306640625,2311.608154296875,2293.038330078125,6672890368
^NSEI,2026-05-03T03:51:19.710791,23997.55078125,0.6015625,23996.94921875,24087.44921875,23796.849609375,0
^BSESN,2026-05-03T03:51:19.903228,76913.5,-100.7109375,77014.2109375,77254.328125,76258.859375,0
BTC-USD,2026-05-03T03:51:20.080118,78184.0,-485.5546875,78669.5546875,78705.171875,78100.9375,17099503616
RELIANCE.NS,2026-05-03T03:51:20.314014,1436.0,27.0,1409.0,1437.0,1393.0999755859375,30956783
TCS.NS,2026-05-03T03:51:20.585338,2474.800048828125,-4.199951171875,2479.0,2491.0,2438.0,3970110
HDFCBANK.NS,2026-05-03T03:51:20.810883,774.75,4.75,770.0,778.7999877929688,762.25,47997131
INFY.NS,2026-05-03T03:51:21.123610,1182.5999755859375,15.0999755859375,1167.5,1189.800048828125,1159.5999755859375,12204863
AAPL,2026-05-03T03:51:21.532382,280.1400146484375,1.280029296875,278.8599853515625,287.2200012207031,278.3699951171875,79844600
MSFT,2026-05-03T03:51:21.849794,414.44000244140625,1.6400146484375,412.79998779296875,417.1099853515625,410.44000244140625,31330100
GOOGL,2026-05-03T03:51:22.154294,385.69000244140625,4.05999755859375,381.6300048828125,386.760009765625,379.04998779296875,30075200
TSLA,2026-05-03T03:51:22.466702,390.82000732421875,8.33001708984375,382.489990234375,397.82000732421875,378.79998779296875,65210000
NVDA,2026-05-03T03:51:22.774320,198.4499969482422,-2.8300018310546875,201.27999877929688,203.0,197.1199951171875,128257500
ETH-USD,2026-05-03T03:51:23.047926,2301.2099609375,-15.437744140625,2316.647705078125,2316.647705078125,2299.129638671875,7225152000
^NSEI,2026-05-03T08:08:21.312593,23997.55078125,0.6015625,23996.94921875,24087.44921875,23796.849609375,0
^BSESN,2026-05-03T08:08:21.726192,76913.5,-100.7109375,77014.2109375,77254.328125,76258.859375,0
BTC-USD,2026-05-03T08:08:22.149863,78455.5,-214.0546875,78669.5546875,78705.171875,78093.3046875,15927919616
RELIANCE.NS,2026-05-03T08:08:22.635491,1436.0,27.0,1409.0,1437.0,1393.0999755859375,30956783
TCS.NS,2026-05-03T08:08:23.046423,2474.800048828125,-4.199951171875,2479.0,2491.0,2438.0,3970110
HDFCBANK.NS,2026-05-03T08:08:23.511752,774.75,4.75,770.0,778.7999877929688,762.25,47997131
INFY.NS,2026-05-03T08:08:23.918345,1182.5999755859375,15.0999755859375,1167.5,1189.800048828125,1159.5999755859375,12204863
AAPL,2026-05-03T08:08:24.413658,280.1400146484375,1.280029296875,278.8599853515625,287.2200012207031,278.3699951171875,79844600
MSFT,2026-05-03T08:08:24.860497,414.44000244140625,1.6400146484375,412.79998779296875,417.1099853515625,410.44000244140625,31330100
GOOGL,2026-05-03T08:08:25.260193,385.69000244140625,4.05999755859375,381.6300048828125,386.760009765625,379.04998779296875,30075200
TSLA,2026-05-03T08:08:25.674184,390.82000732421875,8.33001708984375,382.489990234375,397.82000732421875,378.79998779296875,65210000
NVDA,2026-05-03T08:08:26.063058,198.4499969482422,-2.8300018310546875,201.27999877929688,203.0,197.1199951171875,128257500
ETH-USD,2026-05-03T08:08:26.419555,2310.89990234375,-5.747802734375,2316.647705078125,2316.647705078125,2297.55322265625,7241785344
^NSEI,2026-05-03T13:24:50.479844,23997.55078125,0.6015625,23996.94921875,24087.44921875,23796.849609375,0
^BSESN,2026-05-03T13:24:50.912637,76913.5,-100.7109375,77014.2109375,77254.328125,76258.859375,0
BTC-USD,2026-05-03T13:24:51.193833,78687.3125,17.7578125,78669.5546875,78840.3125,78093.3046875,16565298176
RELIANCE.NS,2026-05-03T13:24:51.557712,1436.0,27.0,1409.0,1437.0,1393.0999755859375,30956783
TCS.NS,2026-05-03T13:24:51.920130,2474.800048828125,-4.199951171875,2479.0,2491.0,2438.0,3970110
HDFCBANK.NS,2026-05-03T13:24:52.266690,774.75,4.75,770.0,778.7999877929688,762.25,47997131
INFY.NS,2026-05-03T13:24:52.620090,1182.5999755859375,15.0999755859375,1167.5,1189.800048828125,1159.5999755859375,12204863
AAPL,2026-05-03T13:24:52.980248,280.1400146484375,1.280029296875,278.8599853515625,287.2200012207031,278.3699951171875,79844600
MSFT,2026-05-03T13:24:53.298849,414.44000244140625,1.6400146484375,412.79998779296875,417.1099853515625,410.44000244140625,31330100
GOOGL,2026-05-03T13:24:53.560232,385.69000244140625,4.05999755859375,381.6300048828125,386.760009765625,379.04998779296875,30075200
TSLA,2026-05-03T13:24:53.826271,390.82000732421875,8.33001708984375,382.489990234375,397.82000732421875,378.79998779296875,65210000
NVDA,2026-05-03T13:24:54.128949,198.4499969482422,-2.8300018310546875,201.27999877929688,203.0,197.1199951171875,128257500
ETH-USD,2026-05-03T13:24:54.390876,2324.679931640625,8.0322265625,2316.647705078125,2329.61669921875,2297.55322265625,7768339456
^NSEI,2026-05-03T19:09:07.357408,23997.55078125,0.6015625,23996.94921875,24087.44921875,23796.849609375,0
^BSESN,2026-05-03T19:09:07.600119,76913.5,-100.7109375,77014.2109375,77254.328125,76258.859375,0
BTC-USD,2026-05-03T19:09:07.763587,78728.84375,59.2890625,78669.5546875,78840.3125,78093.3046875,17490587648
RELIANCE.NS,2026-05-03T19:09:08.026628,1436.0,27.0,1409.0,1437.0,1393.0999755859375,30957881
TCS.NS,2026-05-03T19:09:08.282672,2474.800048828125,-4.199951171875,2479.0,2491.0,2438.0,3970446
HDFCBANK.NS,2026-05-03T19:09:08.520169,774.75,4.75,770.0,778.7999877929688,762.25,47998755
INFY.NS,2026-05-03T19:09:08.816578,1182.5999755859375,15.0999755859375,1167.5,1189.800048828125,1159.5999755859375,12205669
AAPL,2026-05-03T19:09:09.114473,280.1400146484375,1.280029296875,278.8599853515625,287.2200012207031,278.3699951171875,79844600
MSFT,2026-05-03T19:09:09.377855,414.44000244140625,1.6400146484375,412.79998779296875,417.1099853515625,410.44000244140625,31330100
GOOGL,2026-05-03T19:09:09.574616,385.69000244140625,4.05999755859375,381.6300048828125,386.760009765625,379.04998779296875,30075200
TSLA,2026-05-03T19:09:09.772974,390.82000732421875,8.33001708984375,382.489990234375,397.82000732421875,378.79998779296875,65210000
NVDA,2026-05-03T19:09:10.053610,198.4499969482422,-2.8300018310546875,201.27999877929688,203.0,197.1199951171875,128257500
ETH-USD,2026-05-03T19:09:10.244532,2331.10009765625,14.452392578125,2316.647705078125,2333.71435546875,2297.55322265625,8415770624
^NSEI,2026-05-04T03:49:10.651718,24179.0,115.44921875,24063.55078125,24245.849609375,24061.849609375,0
BTC-USD,2026-05-04T03:49:10.996890,80203.109375,1659.6796875,78543.4296875,80320.6015625,78327.8046875,28188012544
RELIANCE.NS,2026-05-04T03:49:11.288665,1443.4000244140625,10.0,1433.4000244140625,1444.699951171875,1433.4000244140625,772725
TCS.NS,2026-05-04T03:49:11.559508,2463.10009765625,-30.89990234375,2494.0,2498.300048828125,2463.0,216260
HDFCBANK.NS,2026-05-04T03:49:11.909479,780.1500244140625,7.550048828125,772.5999755859375,784.0499877929688,772.5999755859375,2189511
INFY.NS,2026-05-04T03:49:12.170933,1185.0,-10.0,1195.0,1195.0,1183.300048828125,558469
AAPL,2026-05-04T03:49:12.507170,280.1400146484375,1.280029296875,278.8599853515625,287.2200012207031,278.3699951171875,79844600
MSFT,2026-05-04T03:49:12.757879,414.44000244140625,1.6400146484375,412.79998779296875,417.1099853515625,410.44000244140625,31330100
GOOGL,2026-05-04T03:49:13.026275,385.69000244140625,4.05999755859375,381.6300048828125,386.760009765625,379.04998779296875,30075200
TSLA,2026-05-04T03:49:13.276777,390.82000732421875,8.33001708984375,382.489990234375,397.82000732421875,378.79998779296875,65210000
NVDA,2026-05-04T03:49:13.514850,198.4499969482422,-2.8300018310546875,201.27999877929688,203.0,197.1199951171875,128257500
ETH-USD,2026-05-04T03:49:13.709888,2384.580078125,62.092529296875,2322.487548828125,2384.3330078125,2310.7431640625,14324083712
^NSEI,2026-05-04T08:38:05.119157,24069.19921875,5.6484375,24063.55078125,24290.19921875,24004.75,0
^BSESN,2026-05-04T08:38:05.528799,77220.4375,-36.8359375,77257.2734375,77910.75,76939.5390625,0
BTC-USD,2026-05-04T08:38:05.777706,79692.5234375,1149.09375,78543.4296875,80526.875,78327.8046875,34986160128
RELIANCE.NS,2026-05-04T08:38:06.157054,1461.300048828125,27.9000244140625,1433.4000244140625,1464.4000244140625,1433.4000244140625,16982410
TCS.NS,2026-05-04T08:38:06.527359,2428.60009765625,-65.39990234375,2494.0,2498.300048828125,2425.0,1944224
HDFCBANK.NS,2026-05-04T08:38:06.859088,775.0,2.4000244140625,772.5999755859375,786.5999755859375,772.5999755859375,20318113
INFY.NS,2026-05-04T08:38:07.261439,1168.300048828125,-26.699951171875,1195.0,1195.0,1165.199951171875,5225107
AAPL,2026-05-04T08:38:07.702696,280.1400146484375,1.280029296875,278.8599853515625,287.2200012207031,278.3699951171875,79844600
MSFT,2026-05-04T08:38:08.099664,414.44000244140625,1.6400146484375,412.79998779296875,417.1099853515625,410.44000244140625,31330100
GOOGL,2026-05-04T08:38:08.394538,385.69000244140625,4.05999755859375,381.6300048828125,386.760009765625,379.04998779296875,30075200
TSLA,2026-05-04T08:38:08.689071,390.82000732421875,8.33001708984375,382.489990234375,397.82000732421875,378.79998779296875,65210000
NVDA,2026-05-04T08:38:09.021911,198.4499969482422,-2.8300018310546875,201.27999877929688,203.0,197.1199951171875,128257500
ETH-USD,2026-05-04T08:38:09.282956,2358.610107421875,36.12255859375,2322.487548828125,2394.8642578125,2310.7431640625,17410600960
^NSEI,2026-05-04T14:18:13.884540,24119.30078125,55.75,24063.55078125,24290.19921875,24004.75,0
^BSESN,2026-05-04T14:18:14.165923,77269.3984375,12.125,77257.2734375,77910.75,76939.5390625,0
BTC-USD,2026-05-04T14:18:14.357744,79018.3125,474.8828125,78543.4296875,80526.875,78270.7578125,44156534784
RELIANCE.NS,2026-05-04T14:18:14.687106,1463.0999755859375,29.699951171875,1433.4000244140625,1467.4000244140625,1433.4000244140625,24032228
TCS.NS,2026-05-04T14:18:15.055891,2431.300048828125,-62.699951171875,2494.0,2498.300048828125,2425.0,2631147
HDFCBANK.NS,2026-05-04T14:18:15.511349,779.4000244140625,6.800048828125,772.5999755859375,786.5999755859375,772.5999755859375,29025681
INFY.NS,2026-05-04T14:18:15.752339,1168.4000244140625,-26.5999755859375,1195.0,1195.0,1165.199951171875,7733079
AAPL,2026-05-04T14:18:16.102522,276.2283020019531,-3.42669677734375,279.6549987792969,280.6300048828125,274.860107421875,10817786
MSFT,2026-05-04T14:18:16.411704,417.8299865722656,6.279998779296875,411.54998779296875,420.4150085449219,410.79998779296875,6401029
GOOGL,2026-05-04T14:18:16.668352,383.32000732421875,-2.30999755859375,385.6300048828125,387.3800048828125,380.5899963378906,6290619
TSLA,2026-05-04T14:18:16.914182,392.2850036621094,2.225006103515625,390.05999755859375,394.6400146484375,387.3999938964844,12658333
NVDA,2026-05-04T14:18:17.188071,198.0800018310547,-1.459991455078125,199.5399932861328,201.72999572753906,197.6300048828125,30292215
ETH-USD,2026-05-04T14:18:17.480485,2342.47998046875,19.992431640625,2322.487548828125,2394.8642578125,2310.7431640625,21421273088
^NSEI,2026-05-04T19:49:09.889414,24119.30078125,55.75,24063.55078125,24290.19921875,24004.75,0
^BSESN,2026-05-04T19:49:10.090227,77269.3984375,12.125,77257.2734375,77910.75,76939.5390625,0
BTC-USD,2026-05-04T19:49:10.334985,80024.2265625,1480.796875,78543.4296875,80526.875,78270.7578125,56336457728
RELIANCE.NS,2026-05-04T19:49:10.612089,1463.0999755859375,29.699951171875,1433.4000244140625,1467.4000244140625,1433.4000244140625,24032228
TCS.NS,2026-05-04T19:49:10.866708,2431.300048828125,-62.699951171875,2494.0,2498.300048828125,2425.0,2631147
HDFCBANK.NS,2026-05-04T19:49:11.171454,779.4000244140625,6.800048828125,772.5999755859375,786.5999755859375,772.5999755859375,29025681
INFY.NS,2026-05-04T19:49:11.479338,1168.4000244140625,-26.5999755859375,1195.0,1195.0,1165.199951171875,7733079
AAPL,2026-05-04T19:49:11.844550,277.0174865722656,-2.63751220703125,279.6549987792969,280.6300048828125,274.860107421875,29570379
MSFT,2026-05-04T19:49:12.141023,413.1000061035156,1.550018310546875,411.54998779296875,420.7799987792969,410.79998779296875,20681257
GOOGL,2026-05-04T19:49:12.347074,382.94000244140625,-2.69000244140625,385.6300048828125,387.3800048828125,379.79998779296875,19985797
TSLA,2026-05-04T19:49:12.569463,392.67999267578125,2.6199951171875,390.05999755859375,394.6400146484375,384.8004150390625,44588738
NVDA,2026-05-04T19:49:12.914463,198.82240295410156,-0.71759033203125,199.5399932861328,201.72999572753906,194.74000549316406,108900622
ETH-USD,2026-05-04T19:49:13.203782,2356.3798828125,33.892333984375,2322.487548828125,2394.8642578125,2310.7431640625,27293988864
^NSEI,2026-05-05T08:55:48.301431,24119.30078125,55.75,24063.55078125,24290.19921875,24004.75,419100
^BSESN,2026-05-05T08:55:48.544266,77269.3984375,12.125,77257.2734375,77910.75,76939.5390625,69200
BTC-USD,2026-05-05T08:55:48.713789,80825.5,1001.28125,79824.21875,80775.875,79824.21875,48973217792
RELIANCE.NS,2026-05-05T08:55:49.125617,1463.0999755859375,29.699951171875,1433.4000244140625,1467.4000244140625,1433.4000244140625,24035700
TCS.NS,2026-05-05T08:55:49.350462,2431.300048828125,-62.699951171875,2494.0,2498.300048828125,2425.0,2632358
HDFCBANK.NS,2026-05-05T08:55:49.575586,779.4000244140625,6.800048828125,772.5999755859375,786.5999755859375,772.5999755859375,29028060
INFY.NS,2026-05-05T08:55:49.821012,1168.4000244140625,-26.5999755859375,1195.0,1195.0,1165.199951171875,7735811
AAPL,2026-05-05T08:55:50.101686,276.8299865722656,-2.82501220703125,279.6549987792969,280.6300048828125,274.860107421875,45414226
MSFT,2026-05-05T08:55:50.332178,413.6199951171875,2.07000732421875,411.54998779296875,420.7799987792969,410.79998779296875,26572430
GOOGL,2026-05-05T08:55:50.659556,383.25,-2.3800048828125,385.6300048828125,387.3800048828125,379.79998779296875,26096271
TSLA,2026-05-05T08:55:50.866224,392.510009765625,2.45001220703125,390.05999755859375,394.6400146484375,384.8004150390625,48463706
NVDA,2026-05-05T08:55:51.088555,198.47999572753906,-1.05999755859375,199.5399932861328,201.72999572753906,194.74000549316406,124170649
ETH-USD,2026-05-05T08:55:51.366585,2375.830078125,29.156005859375,2346.674072265625,2375.856201171875,2346.674072265625,21770489856
^NSEI,2026-05-05T08:55:59.613355,24119.30078125,55.75,24063.55078125,24290.19921875,24004.75,419100
^BSESN,2026-05-05T08:55:59.831104,77269.3984375,12.125,77257.2734375,77910.75,76939.5390625,69200
BTC-USD,2026-05-05T08:56:00.002903,80801.6796875,977.4609375,79824.21875,80775.875,79824.21875,48973217792
RELIANCE.NS,2026-05-05T08:56:00.226407,1463.0999755859375,29.699951171875,1433.4000244140625,1467.4000244140625,1433.4000244140625,24035700
TCS.NS,2026-05-05T08:56:00.582107,2431.300048828125,-62.699951171875,2494.0,2498.300048828125,2425.0,2632358
HDFCBANK.NS,2026-05-05T08:56:00.792283,779.4000244140625,6.800048828125,772.5999755859375,786.5999755859375,772.5999755859375,29028060
INFY.NS,2026-05-05T08:56:01.013701,1168.4000244140625,-26.5999755859375,1195.0,1195.0,1165.199951171875,7735811
AAPL,2026-05-05T08:56:01.306399,276.8299865722656,-2.82501220703125,279.6549987792969,280.6300048828125,274.860107421875,45414226
MSFT,2026-05-05T08:56:01.525690,413.6199951171875,2.07000732421875,411.54998779296875,420.7799987792969,410.79998779296875,26572430
GOOGL,2026-05-05T08:56:01.875147,383.25,-2.3800048828125,385.6300048828125,387.3800048828125,379.79998779296875,26096271
TSLA,2026-05-05T08:56:02.186825,392.510009765625,2.45001220703125,390.05999755859375,394.6400146484375,384.8004150390625,48463706
NVDA,2026-05-05T08:56:02.450115,198.47999572753906,-1.05999755859375,199.5399932861328,201.72999572753906,194.74000549316406,124170649
ETH-USD,2026-05-05T08:56:02.667032,2375.77001953125,29.095947265625,2346.674072265625,2375.856201171875,2346.674072265625,21770489856
^NSEI,2026-05-05T08:56:10.972206,24119.30078125,55.75,24063.55078125,24290.19921875,24004.75,419100
^BSESN,2026-05-05T08:56:11.223958,77269.3984375,12.125,77257.2734375,77910.75,76939.5390625,69200
BTC-USD,2026-05-05T08:56:11.633212,80800.421875,976.203125,79824.21875,80775.875,79824.21875,48973217792
RELIANCE.NS,2026-05-05T08:56:12.030601,1463.0999755859375,29.699951171875,1433.4000244140625,1467.4000244140625,1433.4000244140625,24035700
TCS.NS,2026-05-05T08:56:12.326670,2431.300048828125,-62.699951171875,2494.0,2498.300048828125,2425.0,2632358
HDFCBANK.NS,2026-05-05T08:56:12.561664,779.4000244140625,6.800048828125,772.5999755859375,786.5999755859375,772.5999755859375,29028060
INFY.NS,2026-05-05T08:56:12.814640,1168.4000244140625,-26.5999755859375,1195.0,1195.0,1165.199951171875,7735811
AAPL,2026-05-05T08:56:13.080664,276.8299865722656,-2.82501220703125,279.6549987792969,280.6300048828125,274.860107421875,45414226
MSFT,2026-05-05T08:56:13.339802,413.6199951171875,2.07000732421875,411.54998779296875,420.7799987792969,410.79998779296875,26572430
GOOGL,2026-05-05T08:56:13.547389,383.25,-2.3800048828125,385.6300048828125,387.3800048828125,379.79998779296875,26096271
TSLA,2026-05-05T08:56:13.765712,392.510009765625,2.45001220703125,390.05999755859375,394.6400146484375,384.8004150390625,48463706
NVDA,2026-05-05T08:56:14.014047,198.47999572753906,-1.05999755859375,199.5399932861328,201.72999572753906,194.74000549316406,124170649
ETH-USD,2026-05-05T08:56:14.224066,2376.6201171875,29.946044921875,2346.674072265625,2375.856201171875,2346.674072265625,21770489856
^NSEI,2026-05-05T08:56:22.715853,24119.30078125,55.75,24063.55078125,24290.19921875,24004.75,419100
^BSESN,2026-05-05T08:56:23.017702,77269.3984375,12.125,77257.2734375,77910.75,76939.5390625,69200
BTC-USD,2026-05-05T08:56:23.194596,80769.5,945.28125,79824.21875,80775.875,79824.21875,48963207168
RELIANCE.NS,2026-05-05T08:56:23.532167,1463.0999755859375,29.699951171875,1433.4000244140625,1467.4000244140625,1433.4000244140625,24035700
TCS.NS,2026-05-05T08:56:23.803238,2431.300048828125,-62.699951171875,2494.0,2498.300048828125,2425.0,2632358
HDFCBANK.NS,2026-05-05T08:56:24.070004,779.4000244140625,6.800048828125,772.5999755859375,786.5999755859375,772.5999755859375,29028060
INFY.NS,2026-05-05T08:56:24.349815,1168.4000244140625,-26.5999755859375,1195.0,1195.0,1165.199951171875,7735811
AAPL,2026-05-05T08:56:24.640490,276.8299865722656,-2.82501220703125,279.6549987792969,280.6300048828125,274.860107421875,45414226
MSFT,2026-05-05T08:56:24.929738,413.6199951171875,2.07000732421875,411.54998779296875,420.7799987792969,410.79998779296875,26572430
GOOGL,2026-05-05T08:56:25.254651,383.25,-2.3800048828125,385.6300048828125,387.3800048828125,379.79998779296875,26096271
TSLA,2026-05-05T08:56:25.516550,392.510009765625,2.45001220703125,390.05999755859375,394.6400146484375,384.8004150390625,48463706
NVDA,2026-05-05T08:56:25.875723,198.47999572753906,-1.05999755859375,199.5399932861328,201.72999572753906,194.74000549316406,124170649
ETH-USD,2026-05-05T08:56:26.071709,2375.530029296875,28.85595703125,2346.674072265625,2375.209716796875,2346.674072265625,21770608640
^NSEI,2026-05-05T08:56:34.239093,24119.30078125,55.75,24063.55078125,24290.19921875,24004.75,419100
^BSESN,2026-05-05T08:56:34.501215,77269.3984375,12.125,77257.2734375,77910.75,76939.5390625,69200
BTC-USD,2026-05-05T08:56:34.695834,80757.421875,933.203125,79824.21875,80775.875,79824.21875,48963207168
RELIANCE.NS,2026-05-05T08:56:34.926824,1463.0999755859375,29.699951171875,1433.4000244140625,1467.4000244140625,1433.4000244140625,24035700
TCS.NS,2026-05-05T08:56:35.155562,2431.300048828125,-62.699951171875,2494.0,2498.300048828125,2425.0,2632358
HDFCBANK.NS,2026-05-05T08:56:35.390839,779.4000244140625,6.800048828125,772.5999755859375,786.5999755859375,772.5999755859375,29028060
INFY.NS,2026-05-05T08:56:35.651099,1168.4000244140625,-26.5999755859375,1195.0,1195.0,1165.199951171875,7735811
AAPL,2026-05-05T08:56:36.008688,276.8299865722656,-2.82501220703125,279.6549987792969,280.6300048828125,274.860107421875,45414226
MSFT,2026-05-05T08:56:36.226499,413.6199951171875,2.07000732421875,411.54998779296875,420.7799987792969,410.79998779296875,26572430
GOOGL,2026-05-05T08:56:36.491807,383.25,-2.3800048828125,385.6300048828125,387.3800048828125,379.79998779296875,26096271
TSLA,2026-05-05T08:56:36.815311,392.510009765625,2.45001220703125,390.05999755859375,394.6400146484375,384.8004150390625,48463706
NVDA,2026-05-05T08:56:37.089329,198.47999572753906,-1.05999755859375,199.5399932861328,201.72999572753906,194.74000549316406,124170649
ETH-USD,2026-05-05T08:56:37.363289,2375.43994140625,28.765869140625,2346.674072265625,2375.209716796875,2346.674072265625,21770608640
^NSEI,2026-05-05T08:56:48.373745,24119.30078125,55.75,24063.55078125,24290.19921875,24004.75,419100
^BSESN,2026-05-05T08:56:48.585663,77269.3984375,12.125,77257.2734375,77910.75,76939.5390625,69200
BTC-USD,2026-05-05T08:56:48.880526,80769.4921875,945.2734375,79824.21875,80775.875,79824.21875,48963207168
RELIANCE.NS,2026-05-05T08:56:49.215449,1463.0999755859375,29.699951171875,1433.4000244140625,1467.4000244140625,1433.4000244140625,24035700
TCS.NS,2026-05-05T08:56:49.435664,2431.300048828125,-62.699951171875,2494.0,2498.300048828125,2425.0,2632358
HDFCBANK.NS,2026-05-05T08:56:49.650335,779.4000244140625,6.800048828125,772.5999755859375,786.5999755859375,772.5999755859375,29028060
INFY.NS,2026-05-05T08:56:49.890713,1168.4000244140625,-26.5999755859375,1195.0,1195.0,1165.199951171875,7735811
AAPL,2026-05-05T08:56:50.176336,276.8299865722656,-2.82501220703125,279.6549987792969,280.6300048828125,274.860107421875,45414226
MSFT,2026-05-05T08:56:50.457579,413.6199951171875,2.07000732421875,411.54998779296875,420.7799987792969,410.79998779296875,26572430
GOOGL,2026-05-05T08:56:50.672351,383.25,-2.3800048828125,385.6300048828125,387.3800048828125,379.79998779296875,26096271
TSLA,2026-05-05T08:56:50.879171,392.510009765625,2.45001220703125,390.05999755859375,394.6400146484375,384.8004150390625,48463706
NVDA,2026-05-05T08:56:51.151824,198.47999572753906,-1.05999755859375,199.5399932861328,201.72999572753906,194.74000549316406,124170649
ETH-USD,2026-05-05T08:56:51.355336,2376.02001953125,29.345947265625,2346.674072265625,2375.209716796875,2346.674072265625,21770608640
^NSEI,2026-05-05T08:56:59.661107,24119.30078125,55.75,24063.55078125,24290.19921875,24004.75,419100
^BSESN,2026-05-05T08:56:59.888668,77269.3984375,12.125,77257.2734375,77910.75,76939.5390625,69200
BTC-USD,2026-05-05T08:57:00.064694,80765.46875,941.25,79824.21875,80775.875,79824.21875,48963207168
RELIANCE.NS,2026-05-05T08:57:00.341527,1463.0999755859375,29.699951171875,1433.4000244140625,1467.4000244140625,1433.4000244140625,24035700
TCS.NS,2026-05-05T08:57:00.641119,2431.300048828125,-62.699951171875,2494.0,2498.300048828125,2425.0,2632358
HDFCBANK.NS,2026-05-05T08:57:00.880574,779.4000244140625,6.800048828125,772.5999755859375,786.5999755859375,772.5999755859375,29028060
INFY.NS,2026-05-05T08:57:01.113481,1168.4000244140625,-26.5999755859375,1195.0,1195.0,1165.199951171875,7735811
AAPL,2026-05-05T08:57:01.408094,276.8299865722656,-2.82501220703125,279.6549987792969,280.6300048828125,274.860107421875,45414226
MSFT,2026-05-05T08:57:01.686063,413.6199951171875,2.07000732421875,411.54998779296875,420.7799987792969,410.79998779296875,26572430
GOOGL,2026-05-05T08:57:01.951841,383.25,-2.3800048828125,385.6300048828125,387.3800048828125,379.79998779296875,26096271
TSLA,2026-05-05T08:57:02.265624,392.510009765625,2.45001220703125,390.05999755859375,394.6400146484375,384.8004150390625,48463706
NVDA,2026-05-05T08:57:02.491600,198.47999572753906,-1.05999755859375,199.5399932861328,201.72999572753906,194.74000549316406,124170649
ETH-USD,2026-05-05T08:57:02.729137,2375.8798828125,29.205810546875,2346.674072265625,2375.209716796875,2346.674072265625,21770608640
^NSEI,2026-05-05T08:57:11.064248,24119.30078125,55.75,24063.55078125,24290.19921875,24004.75,419100
^BSESN,2026-05-05T08:57:11.313468,77269.3984375,12.125,77257.2734375,77910.75,76939.5390625,69200
BTC-USD,2026-05-05T08:57:11.485551,80762.5,938.28125,79824.21875,80775.875,79824.21875,48963207168
RELIANCE.NS,2026-05-05T08:57:11.760936,1463.0999755859375,29.699951171875,1433.4000244140625,1467.4000244140625,1433.4000244140625,24035700
TCS.NS,2026-05-05T08:57:11.987465,2431.300048828125,-62.699951171875,2494.0,2498.300048828125,2425.0,2632358
HDFCBANK.NS,2026-05-05T08:57:12.216154,779.4000244140625,6.800048828125,772.5999755859375,786.5999755859375,772.5999755859375,29028060
INFY.NS,2026-05-05T08:57:12.544068,1168.4000244140625,-26.5999755859375,1195.0,1195.0,1165.199951171875,7735811
AAPL,2026-05-05T08:57:12.882853,276.8299865722656,-2.82501220703125,279.6549987792969,280.6300048828125,274.860107421875,45414226
MSFT,2026-05-05T08:57:13.197259,413.6199951171875,2.07000732421875,411.54998779296875,420.7799987792969,410.79998779296875,26572430
GOOGL,2026-05-05T08:57:13.501885,383.25,-2.3800048828125,385.6300048828125,387.3800048828125,379.79998779296875,26096271
TSLA,2026-05-05T08:57:13.705460,392.510009765625,2.45001220703125,390.05999755859375,394.6400146484375,384.8004150390625,48463706
NVDA,2026-05-05T08:57:13.999547,198.47999572753906,-1.05999755859375,199.5399932861328,201.72999572753906,194.74000549316406,124170649
ETH-USD,2026-05-05T08:57:14.206738,2376.330078125,29.656005859375,2346.674072265625,2375.209716796875,2346.674072265625,21770608640
^NSEI,2026-05-05T08:57:22.538673,24119.30078125,55.75,24063.55078125,24290.19921875,24004.75,419100
^BSESN,2026-05-05T08:57:22.755648,77269.3984375,12.125,77257.2734375,77910.75,76939.5390625,69200
BTC-USD,2026-05-05T08:57:22.932771,80787.0,962.78125,79824.21875,80775.875,79824.21875,48963207168
RELIANCE.NS,2026-05-05T08:57:23.161333,1463.0999755859375,29.699951171875,1433.4000244140625,1467.4000244140625,1433.4000244140625,24035700
TCS.NS,2026-05-05T08:57:23.381872,2431.300048828125,-62.699951171875,2494.0,2498.300048828125,2425.0,2632358
HDFCBANK.NS,2026-05-05T08:57:23.600910,779.4000244140625,6.800048828125,772.5999755859375,786.5999755859375,772.5999755859375,29028060
INFY.NS,2026-05-05T08:57:23.816532,1168.4000244140625,-26.5999755859375,1195.0,1195.0,1165.199951171875,7735811
AAPL,2026-05-05T08:57:24.213678,276.8299865722656,-2.82501220703125,279.6549987792969,280.6300048828125,274.860107421875,45414226
MSFT,2026-05-05T08:57:24.473706,413.6199951171875,2.07000732421875,411.54998779296875,420.7799987792969,410.79998779296875,26572430
GOOGL,2026-05-05T08:57:24.673491,383.25,-2.3800048828125,385.6300048828125,387.3800048828125,379.79998779296875,26096271
TSLA,2026-05-05T08:57:24.878954,392.510009765625,2.45001220703125,390.05999755859375,394.6400146484375,384.8004150390625,48463706
NVDA,2026-05-05T08:57:25.179206,198.47999572753906,-1.05999755859375,199.5399932861328,201.72999572753906,194.74000549316406,124170649
ETH-USD,2026-05-05T08:57:25.505915,2376.75,30.075927734375,2346.674072265625,2375.894775390625,2346.674072265625,21847019520
^NSEI,2026-05-05T08:57:33.557506,24119.30078125,55.75,24063.55078125,24290.19921875,24004.75,419100
^BSESN,2026-05-05T08:57:33.813394,77269.3984375,12.125,77257.2734375,77910.75,76939.5390625,69200
BTC-USD,2026-05-05T08:57:33.988278,80780.0078125,955.7890625,79824.21875,80796.046875,79824.21875,49153372160
RELIANCE.NS,2026-05-05T08:57:34.222437,1463.0999755859375,29.699951171875,1433.4000244140625,1467.4000244140625,1433.4000244140625,24035700
TCS.NS,2026-05-05T08:57:34.431921,2431.300048828125,-62.699951171875,2494.0,2498.300048828125,2425.0,2632358
HDFCBANK.NS,2026-05-05T08:57:34.685576,779.4000244140625,6.800048828125,772.5999755859375,786.5999755859375,772.5999755859375,29028060
INFY.NS,2026-05-05T08:57:34.905161,1168.4000244140625,-26.5999755859375,1195.0,1195.0,1165.199951171875,7735811
AAPL,2026-05-05T08:57:35.154932,276.8299865722656,-2.82501220703125,279.6549987792969,280.6300048828125,274.860107421875,45414226
MSFT,2026-05-05T08:57:35.389400,413.6199951171875,2.07000732421875,411.54998779296875,420.7799987792969,410.79998779296875,26572430
GOOGL,2026-05-05T08:57:35.770818,383.25,-2.3800048828125,385.6300048828125,387.3800048828125,379.79998779296875,26096271
TSLA,2026-05-05T08:57:36.142585,392.510009765625,2.45001220703125,390.05999755859375,394.6400146484375,384.8004150390625,48463706
NVDA,2026-05-05T08:57:36.344420,198.47999572753906,-1.05999755859375,199.5399932861328,201.72999572753906,194.74000549316406,124170649
ETH-USD,2026-05-05T08:57:36.682686,2375.6298828125,28.955810546875,2346.674072265625,2375.894775390625,2346.674072265625,21847019520
^NSEI,2026-05-05T06:19:43.310774,23904.55078125,-148.048828125,24052.599609375,24072.099609375,23892.400390625,0
^BSESN,2026-05-05T06:19:43.821564,76726.1015625,-377.6171875,77103.71875,77140.96875,76628.7890625,0
BTC-USD,2026-05-05T06:19:44.150620,80895.8125,1071.59375,79824.21875,81226.421875,79824.21875,47667023872
RELIANCE.NS,2026-05-05T06:19:44.688019,1454.5999755859375,-5.4000244140625,1460.0,1473.4000244140625,1450.0,8093685
TCS.NS,2026-05-05T06:19:45.129646,2433.0,3.0,2430.0,2460.39990234375,2412.199951171875,1235801
HDFCBANK.NS,2026-05-05T06:19:45.557812,765.0999755859375,-9.300048828125,774.4000244140625,775.25,764.5,12424944
INFY.NS,2026-05-05T06:19:46.031263,1173.0,3.5,1169.5,1185.199951171875,1160.0999755859375,3110188
AAPL,2026-05-05T06:19:46.563634,276.8299865722656,-2.83001708984375,279.6600036621094,280.6300048828125,274.8599853515625,46638000
MSFT,2026-05-05T06:19:46.952335,413.6199951171875,2.079986572265625,411.5400085449219,420.7799987792969,410.79998779296875,28033200
GOOGL,2026-05-05T06:19:47.256890,383.25,-2.3800048828125,385.6300048828125,387.3800048828125,379.7900085449219,26274100
TSLA,2026-05-05T06:19:47.569354,392.510009765625,2.279998779296875,390.2300109863281,394.6400146484375,384.79998779296875,48673900
NVDA,2026-05-05T06:19:48.055639,198.47999572753906,-1.0200042724609375,199.5,201.72999572753906,194.74000549316406,125042700
ETH-USD,2026-05-05T06:19:48.381858,2374.909912109375,28.23583984375,2346.674072265625,2387.533935546875,2346.674072265625,20992757760
^NSEI,2026-05-05T06:19:56.107851,23902.650390625,-149.94921875,24052.599609375,24072.099609375,23892.400390625,0
^BSESN,2026-05-05T06:19:56.477524,76727.9296875,-375.7890625,77103.71875,77140.96875,76628.7890625,0
BTC-USD,2026-05-05T06:19:56.669130,80895.796875,1071.578125,79824.21875,81226.421875,79824.21875,47667023872
RELIANCE.NS,2026-05-05T06:19:56.887803,1454.0999755859375,-5.9000244140625,1460.0,1473.4000244140625,1450.0,8094602
TCS.NS,2026-05-05T06:19:57.103711,2433.199951171875,3.199951171875,2430.0,2460.39990234375,2412.199951171875,1235898
HDFCBANK.NS,2026-05-05T06:19:57.330277,765.0,-9.4000244140625,774.4000244140625,775.25,764.5,12428073
INFY.NS,2026-05-05T06:19:57.630865,1173.0999755859375,3.5999755859375,1169.5,1185.199951171875,1160.0999755859375,3110536
AAPL,2026-05-05T06:19:57.972617,276.8299865722656,-2.83001708984375,279.6600036621094,280.6300048828125,274.8599853515625,46638000
MSFT,2026-05-05T06:19:58.236590,413.6199951171875,2.079986572265625,411.5400085449219,420.7799987792969,410.79998779296875,28033200
GOOGL,2026-05-05T06:19:58.457874,383.25,-2.3800048828125,385.6300048828125,387.3800048828125,379.7900085449219,26274100
TSLA,2026-05-05T06:19:58.727888,392.510009765625,2.279998779296875,390.2300109863281,394.6400146484375,384.79998779296875,48673900
NVDA,2026-05-05T06:19:58.935387,198.47999572753906,-1.0200042724609375,199.5,201.72999572753906,194.74000549316406,125042700
ETH-USD,2026-05-05T06:19:59.119383,2374.909912109375,28.23583984375,2346.674072265625,2387.533935546875,2346.674072265625,20992757760
^NSEI,2026-05-05T06:20:07.313886,23900.30078125,-152.298828125,24052.599609375,24072.099609375,23892.400390625,0
^BSESN,2026-05-05T06:20:07.598142,76736.359375,-367.359375,77103.71875,77140.96875,76628.7890625,0
BTC-USD,2026-05-05T06:20:07.796274,80888.5,1064.28125,79824.21875,81226.421875,79824.21875,47667023872
RELIANCE.NS,2026-05-05T06:20:08.084163,1454.4000244140625,-5.5999755859375,1460.0,1473.4000244140625,1450.0,8095102
TCS.NS,2026-05-05T06:20:08.382655,2433.39990234375,3.39990234375,2430.0,2460.39990234375,2412.199951171875,1236013
HDFCBANK.NS,2026-05-05T06:20:08.652403,765.0999755859375,-9.300048828125,774.4000244140625,775.25,764.5,12430900
INFY.NS,2026-05-05T06:20:09.023315,1172.699951171875,3.199951171875,1169.5,1185.199951171875,1160.0999755859375,3114793
AAPL,2026-05-05T06:20:09.326425,276.8299865722656,-2.83001708984375,279.6600036621094,280.6300048828125,274.8599853515625,46638000
MSFT,2026-05-05T06:20:09.610243,413.6199951171875,2.079986572265625,411.5400085449219,420.7799987792969,410.79998779296875,28033200
GOOGL,2026-05-05T06:20:09.927970,383.25,-2.3800048828125,385.6300048828125,387.3800048828125,379.7900085449219,26274100
TSLA,2026-05-05T06:20:10.143352,392.510009765625,2.279998779296875,390.2300109863281,394.6400146484375,384.79998779296875,48673900
NVDA,2026-05-05T06:20:10.407645,198.47999572753906,-1.0200042724609375,199.5,201.72999572753906,194.74000549316406,125042700
ETH-USD,2026-05-05T06:20:10.687520,2374.330078125,27.656005859375,2346.674072265625,2387.533935546875,2346.674072265625,20992757760
^NSEI,2026-05-05T06:20:18.231523,23901.400390625,-151.19921875,24052.599609375,24072.099609375,23892.400390625,0
^BSESN,2026-05-05T06:20:18.559306,76740.859375,-362.859375,77103.71875,77140.96875,76628.7890625,0
BTC-USD,2026-05-05T06:20:18.817355,80891.8828125,1067.6640625,79824.21875,81226.421875,79824.21875,47634898944
RELIANCE.NS,2026-05-05T06:20:19.266539,1454.0999755859375,-5.9000244140625,1460.0,1473.4000244140625,1450.0,8095532
TCS.NS,2026-05-05T06:20:19.592052,2433.5,3.5,2430.0,2460.39990234375,2412.199951171875,1236099
HDFCBANK.NS,2026-05-05T06:20:19.879203,765.0999755859375,-9.300048828125,774.4000244140625,775.25,764.5,12432711
INFY.NS,2026-05-05T06:20:20.153739,1172.199951171875,2.699951171875,1169.5,1185.199951171875,1160.0999755859375,3115332
AAPL,2026-05-05T06:20:20.455783,276.8299865722656,-2.83001708984375,279.6600036621094,280.6300048828125,274.8599853515625,46638000
MSFT,2026-05-05T06:20:20.765194,413.6199951171875,2.079986572265625,411.5400085449219,420.7799987792969,410.79998779296875,28033200
GOOGL,2026-05-05T06:20:21.021242,383.25,-2.3800048828125,385.6300048828125,387.3800048828125,379.7900085449219,26274100
TSLA,2026-05-05T06:20:21.268167,392.510009765625,2.279998779296875,390.2300109863281,394.6400146484375,384.79998779296875,48673900
NVDA,2026-05-05T06:20:21.563347,198.47999572753906,-1.0200042724609375,199.5,201.72999572753906,194.74000549316406,125042700
ETH-USD,2026-05-05T06:20:21.895072,2374.550048828125,27.8759765625,2346.674072265625,2387.533935546875,2346.674072265625,20983517184
^NSEI,2026-05-05T06:20:29.606004,23903.099609375,-149.5,24052.599609375,24072.099609375,23892.400390625,0
^BSESN,2026-05-05T06:20:29.849245,76746.5,-357.21875,77103.71875,77140.96875,76628.7890625,0
BTC-USD,2026-05-05T06:20:30.049187,80888.15625,1063.9375,79824.21875,81226.421875,79824.21875,47634898944
RELIANCE.NS,2026-05-05T06:20:30.298934,1454.9000244140625,-5.0999755859375,1460.0,1473.4000244140625,1450.0,8096579
TCS.NS,2026-05-05T06:20:30.594189,2433.300048828125,3.300048828125,2430.0,2460.39990234375,2412.199951171875,1236949
HDFCBANK.NS,2026-05-05T06:20:30.838440,765.0999755859375,-9.300048828125,774.4000244140625,775.25,764.5,12438004
INFY.NS,2026-05-05T06:20:31.120120,1172.199951171875,2.699951171875,1169.5,1185.199951171875,1160.0999755859375,3115454
AAPL,2026-05-05T06:20:31.414481,276.8299865722656,-2.83001708984375,279.6600036621094,280.6300048828125,274.8599853515625,46638000
MSFT,2026-05-05T06:20:31.691086,413.6199951171875,2.079986572265625,411.5400085449219,420.7799987792969,410.79998779296875,28033200
GOOGL,2026-05-05T06:20:31.911484,383.25,-2.3800048828125,385.6300048828125,387.3800048828125,379.7900085449219,26274100
TSLA,2026-05-05T06:20:32.132200,392.510009765625,2.279998779296875,390.2300109863281,394.6400146484375,384.79998779296875,48673900
NVDA,2026-05-05T06:20:32.601807,198.47999572753906,-1.0200042724609375,199.5,201.72999572753906,194.74000549316406,125042700
ETH-USD,2026-05-05T06:20:32.819324,2374.550048828125,27.8759765625,2346.674072265625,2387.533935546875,2346.674072265625,20983517184
^NSEI,2026-05-05T06:20:40.228974,23904.900390625,-147.69921875,24052.599609375,24072.099609375,23892.400390625,0
^BSESN,2026-05-05T06:20:40.528032,76749.609375,-354.109375,77103.71875,77140.96875,76628.7890625,0
BTC-USD,2026-05-05T06:20:40.786759,80870.109375,1045.890625,79824.21875,81226.421875,79824.21875,47634898944
RELIANCE.NS,2026-05-05T06:20:40.982730,1454.9000244140625,-5.0999755859375,1460.0,1473.4000244140625,1450.0,8096579
TCS.NS,2026-05-05T06:20:41.319831,2433.300048828125,3.300048828125,2430.0,2460.39990234375,2412.199951171875,1237285
HDFCBANK.NS,2026-05-05T06:20:41.588790,765.4000244140625,-9.0,774.4000244140625,775.25,764.5,12448884
INFY.NS,2026-05-05T06:20:41.903161,1172.300048828125,2.800048828125,1169.5,1185.199951171875,1160.0999755859375,3115635
AAPL,2026-05-05T06:20:42.224156,276.8299865722656,-2.83001708984375,279.6600036621094,280.6300048828125,274.8599853515625,46638000
MSFT,2026-05-05T06:20:42.490152,413.6199951171875,2.079986572265625,411.5400085449219,420.7799987792969,410.79998779296875,28033200
GOOGL,2026-05-05T06:20:42.731597,383.25,-2.3800048828125,385.6300048828125,387.3800048828125,379.7900085449219,26274100
TSLA,2026-05-05T06:20:42.991693,392.510009765625,2.279998779296875,390.2300109863281,394.6400146484375,384.79998779296875,48673900
NVDA,2026-05-05T06:20:43.264685,198.47999572753906,-1.0200042724609375,199.5,201.72999572753906,194.74000549316406,125042700
ETH-USD,2026-05-05T06:20:43.503210,2373.89990234375,27.225830078125,2346.674072265625,2387.533935546875,2346.674072265625,20983517184
^NSEI,2026-05-05T06:20:51.289286,23907.44921875,-145.150390625,24052.599609375,24072.099609375,23892.400390625,0
^BSESN,2026-05-05T06:20:51.567092,76753.703125,-350.015625,77103.71875,77140.96875,76628.7890625,0
BTC-USD,2026-05-05T06:20:51.727165,80877.1015625,1052.8828125,79824.21875,81226.421875,79824.21875,47634898944
RELIANCE.NS,2026-05-05T06:20:51.951115,1455.0,-5.0,1460.0,1473.4000244140625,1450.0,8116911
TCS.NS,2026-05-05T06:20:52.167626,2433.800048828125,3.800048828125,2430.0,2460.39990234375,2412.199951171875,1237744
HDFCBANK.NS,2026-05-05T06:20:52.356333,765.4000244140625,-9.0,774.4000244140625,775.25,764.5,12461318
INFY.NS,2026-05-05T06:20:52.601394,1172.5999755859375,3.0999755859375,1169.5,1185.199951171875,1160.0999755859375,3124354
AAPL,2026-05-05T06:20:52.804804,276.8299865722656,-2.83001708984375,279.6600036621094,280.6300048828125,274.8599853515625,46638000
MSFT,2026-05-05T06:20:52.998903,413.6199951171875,2.079986572265625,411.5400085449219,420.7799987792969,410.79998779296875,28033200
GOOGL,2026-05-05T06:20:53.194968,383.25,-2.3800048828125,385.6300048828125,387.3800048828125,379.7900085449219,26274100
TSLA,2026-05-05T06:20:53.406075,392.510009765625,2.279998779296875,390.2300109863281,394.6400146484375,384.79998779296875,48673900
NVDA,2026-05-05T06:20:53.605656,198.47999572753906,-1.0200042724609375,199.5,201.72999572753906,194.74000549316406,125042700
ETH-USD,2026-05-05T06:20:53.774984,2373.840087890625,27.166015625,2346.674072265625,2387.533935546875,2346.674072265625,20983517184
^NSEI,2026-05-05T06:21:00.977027,23900.25,-152.349609375,24052.599609375,24072.099609375,23892.400390625,0
^BSESN,2026-05-05T06:21:01.347902,76769.4375,-334.28125,77103.71875,77140.96875,76628.7890625,0
BTC-USD,2026-05-05T06:21:01.533986,80871.0703125,1046.8515625,79824.21875,81226.421875,79824.21875,47634898944
RELIANCE.NS,2026-05-05T06:21:01.888977,1454.5,-5.5,1460.0,1473.4000244140625,1450.0,8121773
TCS.NS,2026-05-05T06:21:02.199343,2433.199951171875,3.199951171875,2430.0,2460.39990234375,2412.199951171875,1238157
HDFCBANK.NS,2026-05-05T06:21:02.452137,765.2000122070312,-9.20001220703125,774.4000244140625,775.25,764.5,12474523
INFY.NS,2026-05-05T06:21:02.780725,1172.300048828125,2.800048828125,1169.5,1185.199951171875,1160.0999755859375,3127935
AAPL,2026-05-05T06:21:03.062432,276.8299865722656,-2.83001708984375,279.6600036621094,280.6300048828125,274.8599853515625,46638000
MSFT,2026-05-05T06:21:03.330016,413.6199951171875,2.079986572265625,411.5400085449219,420.7799987792969,410.79998779296875,28033200
GOOGL,2026-05-05T06:21:03.565705,383.25,-2.3800048828125,385.6300048828125,387.3800048828125,379.7900085449219,26274100
TSLA,2026-05-05T06:21:03.780850,392.510009765625,2.279998779296875,390.2300109863281,394.6400146484375,384.79998779296875,48673900
NVDA,2026-05-05T06:21:04.037181,198.47999572753906,-1.0200042724609375,199.5,201.72999572753906,194.74000549316406,125042700
ETH-USD,2026-05-05T06:21:04.240450,2373.3701171875,26.696044921875,2346.674072265625,2387.533935546875,2346.674072265625,20983517184
^NSEI,2026-05-05T06:21:12.039226,23897.55078125,-155.048828125,24052.599609375,24072.099609375,23892.400390625,0
^BSESN,2026-05-05T06:21:12.338928,76761.890625,-341.828125,77103.71875,77140.96875,76628.7890625,0
BTC-USD,2026-05-05T06:21:12.563387,80871.0703125,1046.8515625,79824.21875,81226.421875,79824.21875,47634898944
RELIANCE.NS,2026-05-05T06:21:12.884991,1455.0999755859375,-4.9000244140625,1460.0,1473.4000244140625,1450.0,8135261
TCS.NS,2026-05-05T06:21:13.316832,2433.699951171875,3.699951171875,2430.0,2460.39990234375,2412.199951171875,1239408
HDFCBANK.NS,2026-05-05T06:21:13.678119,765.0999755859375,-9.300048828125,774.4000244140625,775.25,764.5,12488789
INFY.NS,2026-05-05T06:21:14.009703,1172.0999755859375,2.5999755859375,1169.5,1185.199951171875,1160.0999755859375,3129077
AAPL,2026-05-05T06:21:14.358655,276.8299865722656,-2.83001708984375,279.6600036621094,280.6300048828125,274.8599853515625,46638000
MSFT,2026-05-05T06:21:15.016584,413.6199951171875,2.079986572265625,411.5400085449219,420.7799987792969,410.79998779296875,28033200
GOOGL,2026-05-05T06:21:15.476024,383.25,-2.3800048828125,385.6300048828125,387.3800048828125,379.7900085449219,26274100
TSLA,2026-05-05T06:21:15.863032,392.510009765625,2.279998779296875,390.2300109863281,394.6400146484375,384.79998779296875,48673900
NVDA,2026-05-05T06:21:16.253621,198.47999572753906,-1.0200042724609375,199.5,201.72999572753906,194.74000549316406,125042700
ETH-USD,2026-05-05T06:21:16.509266,2373.5,26.825927734375,2346.674072265625,2387.533935546875,2346.674072265625,20983517184
^NSEI,2026-05-05T06:21:24.105244,23898.25,-154.349609375,24052.599609375,24072.099609375,23892.400390625,0
^BSESN,2026-05-05T06:21:24.414315,76757.8203125,-345.8984375,77103.71875,77140.96875,76628.7890625,0
BTC-USD,2026-05-05T06:21:24.684641,80871.078125,1046.859375,79824.21875,81226.421875,79824.21875,47634898944
RELIANCE.NS,2026-05-05T06:21:25.027197,1454.5999755859375,-5.4000244140625,1460.0,1473.4000244140625,1450.0,8143004
TCS.NS,2026-05-05T06:21:25.348170,2433.699951171875,3.699951171875,2430.0,2460.39990234375,2412.199951171875,1239984
HDFCBANK.NS,2026-05-05T06:21:25.657653,765.0499877929688,-9.35003662109375,774.4000244140625,775.25,764.5,12503464
INFY.NS,2026-05-05T06:21:26.013559,1173.0,3.5,1169.5,1185.199951171875,1160.0999755859375,3164817
AAPL,2026-05-05T06:21:26.322537,276.8299865722656,-2.83001708984375,279.6600036621094,280.6300048828125,274.8599853515625,46638000
MSFT,2026-05-05T06:21:26.761028,413.6199951171875,2.079986572265625,411.5400085449219,420.7799987792969,410.79998779296875,28033200
GOOGL,2026-05-05T06:21:27.084822,383.25,-2.3800048828125,385.6300048828125,387.3800048828125,379.7900085449219,26274100
TSLA,2026-05-05T06:21:27.390462,392.510009765625,2.279998779296875,390.2300109863281,394.6400146484375,384.79998779296875,48673900
NVDA,2026-05-05T06:21:27.702142,198.47999572753906,-1.0200042724609375,199.5,201.72999572753906,194.74000549316406,125042700
ETH-USD,2026-05-05T06:21:27.956700,2373.7099609375,27.035888671875,2346.674072265625,2387.533935546875,2346.674072265625,20950394880
^NSEI,2026-05-05T09:04:22.830413,24032.19921875,-20.400390625,24052.599609375,24081.69921875,23882.05078125,0
^BSESN,2026-05-05T09:04:23.064706,77016.359375,-87.359375,77103.71875,77151.328125,76515.03125,0
BTC-USD,2026-05-05T09:04:23.223912,80722.03125,897.8125,79824.21875,81226.421875,79824.21875,47322103808
RELIANCE.NS,2026-05-05T09:04:23.516886,1459.800048828125,-0.199951171875,1460.0,1473.4000244140625,1450.0,18027806
TCS.NS,2026-05-05T09:04:23.748636,2423.800048828125,-6.199951171875,2430.0,2460.39990234375,2412.199951171875,2377424
HDFCBANK.NS,2026-05-05T09:04:23.996845,775.2999877929688,0.89996337890625,774.4000244140625,776.9000244140625,763.7000122070312,30865575
INFY.NS,2026-05-05T09:04:24.245478,1174.699951171875,5.199951171875,1169.5,1185.199951171875,1160.0999755859375,5661650
AAPL,2026-05-05T09:04:24.535777,276.8299865722656,-2.83001708984375,279.6600036621094,280.6300048828125,274.8599853515625,46638000
MSFT,2026-05-05T09:04:24.779620,413.6199951171875,2.079986572265625,411.5400085449219,420.7799987792969,410.79998779296875,28033200
GOOGL,2026-05-05T09:04:24.999550,383.25,-2.3800048828125,385.6300048828125,387.3800048828125,379.7900085449219,26274100
TSLA,2026-05-05T09:04:25.177254,392.510009765625,2.279998779296875,390.2300109863281,394.6400146484375,384.79998779296875,48673900
NVDA,2026-05-05T09:04:25.390022,198.47999572753906,-1.0200042724609375,199.5,201.72999572753906,194.74000549316406,125042700
ETH-USD,2026-05-05T09:04:25.569563,2373.68994140625,27.015869140625,2346.674072265625,2387.6123046875,2346.674072265625,20841885696
^NSEI,2026-05-05T09:04:33.950826,24029.599609375,-23.0,24052.599609375,24081.69921875,23882.05078125,0
^BSESN,2026-05-05T09:04:34.120442,77006.0078125,-97.7109375,77103.71875,77151.328125,76515.03125,0
BTC-USD,2026-05-05T09:04:34.243961,80697.9921875,873.7734375,79824.21875,81226.421875,79824.21875,47322103808
RELIANCE.NS,2026-05-05T09:04:34.424272,1459.5,-0.5,1460.0,1473.4000244140625,1450.0,18048852
TCS.NS,2026-05-05T09:04:34.599602,2424.60009765625,-5.39990234375,2430.0,2460.39990234375,2412.199951171875,2380481
HDFCBANK.NS,2026-05-05T09:04:34.828137,775.2999877929688,0.89996337890625,774.4000244140625,776.9000244140625,763.7000122070312,30880999
INFY.NS,2026-05-05T09:04:35.003532,1174.699951171875,5.199951171875,1169.5,1185.199951171875,1160.0999755859375,5665941
AAPL,2026-05-05T09:04:35.194011,276.8299865722656,-2.83001708984375,279.6600036621094,280.6300048828125,274.8599853515625,46638000
MSFT,2026-05-05T09:04:35.432108,413.6199951171875,2.079986572265625,411.5400085449219,420.7799987792969,410.79998779296875,28033200
GOOGL,2026-05-05T09:04:35.573435,383.25,-2.3800048828125,385.6300048828125,387.3800048828125,379.7900085449219,26274100
TSLA,2026-05-05T09:04:35.749881,392.510009765625,2.279998779296875,390.2300109863281,394.6400146484375,384.79998779296875,48673900
NVDA,2026-05-05T09:04:35.904872,198.47999572753906,-1.0200042724609375,199.5,201.72999572753906,194.74000549316406,125042700
ETH-USD,2026-05-05T09:04:36.060435,2373.699951171875,27.02587890625,2346.674072265625,2387.6123046875,2346.674072265625,20841885696
^NSEI,2026-05-05T09:04:44.064386,24030.150390625,-22.44921875,24052.599609375,24081.69921875,23882.05078125,0
^BSESN,2026-05-05T09:04:44.262354,77007.96875,-95.75,77103.71875,77151.328125,76515.03125,0
BTC-USD,2026-05-05T09:04:44.395647,80697.9921875,873.7734375,79824.21875,81226.421875,79824.21875,47322103808
RELIANCE.NS,2026-05-05T09:04:44.584639,1459.5,-0.5,1460.0,1473.4000244140625,1450.0,18055943
TCS.NS,2026-05-05T09:04:44.777413,2423.800048828125,-6.199951171875,2430.0,2460.39990234375,2412.199951171875,2382084
HDFCBANK.NS,2026-05-05T09:04:44.996632,775.5,1.0999755859375,774.4000244140625,776.9000244140625,763.7000122070312,30901500
INFY.NS,2026-05-05T09:04:45.165428,1175.5,6.0,1169.5,1185.199951171875,1160.0999755859375,5672874
AAPL,2026-05-05T09:04:45.361538,276.8299865722656,-2.83001708984375,279.6600036621094,280.6300048828125,274.8599853515625,46638000
MSFT,2026-05-05T09:04:45.580343,413.6199951171875,2.079986572265625,411.5400085449219,420.7799987792969,410.79998779296875,28033200
GOOGL,2026-05-05T09:04:45.721426,383.25,-2.3800048828125,385.6300048828125,387.3800048828125,379.7900085449219,26274100
TSLA,2026-05-05T09:04:45.898011,392.510009765625,2.279998779296875,390.2300109863281,394.6400146484375,384.79998779296875,48673900
NVDA,2026-05-05T09:04:46.094173,198.47999572753906,-1.0200042724609375,199.5,201.72999572753906,194.74000549316406,125042700
ETH-USD,2026-05-05T09:04:46.234378,2373.699951171875,27.02587890625,2346.674072265625,2387.6123046875,2346.674072265625,20841885696
^NSEI,2026-05-05T09:04:53.422393,24035.599609375,-17.0,24052.599609375,24081.69921875,23882.05078125,0
^BSESN,2026-05-05T09:04:54.625223,77010.0703125,-93.6484375,77103.71875,77151.328125,76515.03125,0
BTC-USD,2026-05-05T09:04:54.743712,80697.9921875,873.7734375,79824.21875,81226.421875,79824.21875,47322103808
RELIANCE.NS,2026-05-05T09:04:54.919851,1459.9000244140625,-0.0999755859375,1460.0,1473.4000244140625,1450.0,18060582
TCS.NS,2026-05-05T09:04:55.169388,2424.800048828125,-5.199951171875,2430.0,2460.39990234375,2412.199951171875,2383218
HDFCBANK.NS,2026-05-05T09:04:55.354708,775.5499877929688,1.14996337890625,774.4000244140625,776.9000244140625,763.7000122070312,30921810
INFY.NS,2026-05-05T09:04:55.555875,1175.5,6.0,1169.5,1185.199951171875,1160.0999755859375,5678518
AAPL,2026-05-05T09:04:55.761362,276.8299865722656,-2.83001708984375,279.6600036621094,280.6300048828125,274.8599853515625,46638000
MSFT,2026-05-05T09:04:55.951993,413.6199951171875,2.079986572265625,411.5400085449219,420.7799987792969,410.79998779296875,28033200
GOOGL,2026-05-05T09:04:56.101290,383.25,-2.3800048828125,385.6300048828125,387.3800048828125,379.7900085449219,26274100
TSLA,2026-05-05T09:04:56.248490,392.510009765625,2.279998779296875,390.2300109863281,394.6400146484375,384.79998779296875,48673900
NVDA,2026-05-05T09:04:56.406047,198.47999572753906,-1.0200042724609375,199.5,201.72999572753906,194.74000549316406,125042700
ETH-USD,2026-05-05T09:04:56.542364,2373.699951171875,27.02587890625,2346.674072265625,2387.6123046875,2346.674072265625,20841885696
^NSEI,2026-05-05T09:05:04.465299,24038.05078125,-14.548828125,24052.599609375,24081.69921875,23882.05078125,0
^BSESN,2026-05-05T09:05:04.609665,77016.296875,-87.421875,77103.71875,77151.328125,76515.03125,0
BTC-USD,2026-05-05T09:05:04.755104,80697.9921875,873.7734375,79824.21875,81226.421875,79824.21875,47322103808
RELIANCE.NS,2026-05-05T09:05:04.937772,1460.0,0.0,1460.0,1473.4000244140625,1450.0,18066390
TCS.NS,2026-05-05T09:05:05.117058,2424.300048828125,-5.699951171875,2430.0,2460.39990234375,2412.199951171875,2383285
HDFCBANK.NS,2026-05-05T09:05:05.357000,775.9500122070312,1.54998779296875,774.4000244140625,776.9000244140625,763.7000122070312,30940671
INFY.NS,2026-05-05T09:05:05.534682,1175.5,6.0,1169.5,1185.199951171875,1160.0999755859375,5687255
AAPL,2026-05-05T09:05:05.735206,276.8299865722656,-2.83001708984375,279.6600036621094,280.6300048828125,274.8599853515625,46638000
MSFT,2026-05-05T09:05:05.940464,413.6199951171875,2.079986572265625,411.5400085449219,420.7799987792969,410.79998779296875,28033200
GOOGL,2026-05-05T09:05:06.082150,383.25,-2.3800048828125,385.6300048828125,387.3800048828125,379.7900085449219,26274100
TSLA,2026-05-05T09:05:06.232260,392.510009765625,2.279998779296875,390.2300109863281,394.6400146484375,384.79998779296875,48673900
NVDA,2026-05-05T09:05:06.395273,198.47999572753906,-1.0200042724609375,199.5,201.72999572753906,194.74000549316406,125042700
ETH-USD,2026-05-05T09:05:06.542699,2373.699951171875,27.02587890625,2346.674072265625,2387.6123046875,2346.674072265625,20841885696
^NSEI,2026-05-05T09:05:14.402487,24041.94921875,-10.650390625,24052.599609375,24081.69921875,23882.05078125,0
^BSESN,2026-05-05T09:05:14.556685,77020.6328125,-83.0859375,77103.71875,77151.328125,76515.03125,0
BTC-USD,2026-05-05T09:05:14.696677,80697.9921875,873.7734375,79824.21875,81226.421875,79824.21875,47322103808
RELIANCE.NS,2026-05-05T09:05:14.883438,1460.699951171875,0.699951171875,1460.0,1473.4000244140625,1450.0,18086777
TCS.NS,2026-05-05T09:05:15.061696,2424.60009765625,-5.39990234375,2430.0,2460.39990234375,2412.199951171875,2384120
HDFCBANK.NS,2026-05-05T09:05:15.226047,776.2000122070312,1.79998779296875,774.4000244140625,776.9000244140625,763.7000122070312,30993049
INFY.NS,2026-05-05T09:05:15.408041,1175.5,6.0,1169.5,1185.199951171875,1160.0999755859375,5697258
AAPL,2026-05-05T09:05:15.585876,276.8299865722656,-2.83001708984375,279.6600036621094,280.6300048828125,274.8599853515625,46638000
MSFT,2026-05-05T09:05:15.772687,413.6199951171875,2.079986572265625,411.5400085449219,420.7799987792969,410.79998779296875,28033200
GOOGL,2026-05-05T09:05:15.926685,383.25,-2.3800048828125,385.6300048828125,387.3800048828125,379.7900085449219,26274100
TSLA,2026-05-05T09:05:16.079266,392.510009765625,2.279998779296875,390.2300109863281,394.6400146484375,384.79998779296875,48673900
NVDA,2026-05-05T09:05:16.248547,198.47999572753906,-1.0200042724609375,199.5,201.72999572753906,194.74000549316406,125042700
ETH-USD,2026-05-05T09:05:16.400145,2373.699951171875,27.02587890625,2346.674072265625,2387.6123046875,2346.674072265625,20841885696
^NSEI,2026-05-05T09:05:24.768041,24044.55078125,-8.048828125,24052.599609375,24081.69921875,23882.05078125,0
^BSESN,2026-05-05T09:05:24.964005,77023.828125,-79.890625,77103.71875,77151.328125,76515.03125,0
BTC-USD,2026-05-05T09:05:25.095569,80697.9921875,873.7734375,79824.21875,81226.421875,79824.21875,47322103808
RELIANCE.NS,2026-05-05T09:05:25.273283,1461.0999755859375,1.0999755859375,1460.0,1473.4000244140625,1450.0,18093656
TCS.NS,2026-05-05T09:05:25.461457,2425.5,-4.5,2430.0,2460.39990234375,2412.199951171875,2384653
HDFCBANK.NS,2026-05-05T09:05:25.646527,776.2999877929688,1.89996337890625,774.4000244140625,776.9000244140625,763.7000122070312,31026828
INFY.NS,2026-05-05T09:05:25.922285,1175.699951171875,6.199951171875,1169.5,1185.199951171875,1160.0999755859375,5703470
AAPL,2026-05-05T09:05:26.189045,276.8299865722656,-2.83001708984375,279.6600036621094,280.6300048828125,274.8599853515625,46638000
MSFT,2026-05-05T09:05:26.360928,413.6199951171875,2.079986572265625,411.5400085449219,420.7799987792969,410.79998779296875,28033200
GOOGL,2026-05-05T09:05:26.515682,383.25,-2.3800048828125,385.6300048828125,387.3800048828125,379.7900085449219,26274100
TSLA,2026-05-05T09:05:26.687946,392.510009765625,2.279998779296875,390.2300109863281,394.6400146484375,384.79998779296875,48673900
NVDA,2026-05-05T09:05:26.867090,198.47999572753906,-1.0200042724609375,199.5,201.72999572753906,194.74000549316406,125042700
ETH-USD,2026-05-05T09:05:27.007273,2373.699951171875,27.02587890625,2346.674072265625,2387.6123046875,2346.674072265625,20841885696
^NSEI,2026-05-05T09:05:34.941313,24041.44921875,-11.150390625,24052.599609375,24081.69921875,23882.05078125,0
^BSESN,2026-05-05T09:05:35.097115,77034.890625,-68.828125,77103.71875,77151.328125,76515.03125,0
BTC-USD,2026-05-05T09:05:35.225337,80697.9921875,873.7734375,79824.21875,81226.421875,79824.21875,47322103808
RELIANCE.NS,2026-05-05T09:05:35.410529,1461.300048828125,1.300048828125,1460.0,1473.4000244140625,1450.0,18105666
TCS.NS,2026-05-05T09:05:35.613725,2425.60009765625,-4.39990234375,2430.0,2460.39990234375,2412.199951171875,2385210
HDFCBANK.NS,2026-05-05T09:05:35.864967,776.25,1.8499755859375,774.4000244140625,776.9000244140625,763.7000122070312,31088310
INFY.NS,2026-05-05T09:05:36.053407,1175.199951171875,5.699951171875,1169.5,1185.199951171875,1160.0999755859375,5705615
AAPL,2026-05-05T09:05:36.261979,276.8299865722656,-2.83001708984375,279.6600036621094,280.6300048828125,274.8599853515625,46638000
MSFT,2026-05-05T09:05:36.431512,413.6199951171875,2.079986572265625,411.5400085449219,420.7799987792969,410.79998779296875,28033200
GOOGL,2026-05-05T09:05:36.576100,383.25,-2.3800048828125,385.6300048828125,387.3800048828125,379.7900085449219,26274100
TSLA,2026-05-05T09:05:36.717436,392.510009765625,2.279998779296875,390.2300109863281,394.6400146484375,384.79998779296875,48673900
NVDA,2026-05-05T09:05:36.882146,198.47999572753906,-1.0200042724609375,199.5,201.72999572753906,194.74000549316406,125042700
ETH-USD,2026-05-05T09:05:37.049424,2373.699951171875,27.02587890625,2346.674072265625,2387.6123046875,2346.674072265625,20841885696
^NSEI,2026-05-05T09:05:45.224706,24037.75,-14.849609375,24052.599609375,24081.69921875,23882.05078125,0
^BSESN,2026-05-05T09:05:45.414889,77039.1171875,-64.6015625,77103.71875,77151.328125,76515.03125,0
BTC-USD,2026-05-05T09:05:45.544149,80697.9921875,873.7734375,79824.21875,81226.421875,79824.21875,47322103808
RELIANCE.NS,2026-05-05T09:05:45.741941,1461.699951171875,1.699951171875,1460.0,1473.4000244140625,1450.0,18129801
TCS.NS,2026-05-05T09:05:45.974189,2425.5,-4.5,2430.0,2460.39990234375,2412.199951171875,2393618
HDFCBANK.NS,2026-05-05T09:05:46.167215,776.1500244140625,1.75,774.4000244140625,776.9000244140625,763.7000122070312,31181182
INFY.NS,2026-05-05T09:05:46.346769,1175.0999755859375,5.5999755859375,1169.5,1185.199951171875,1160.0999755859375,5707990
AAPL,2026-05-05T09:05:46.527678,276.8299865722656,-2.83001708984375,279.6600036621094,280.6300048828125,274.8599853515625,46638000
MSFT,2026-05-05T09:05:46.703069,413.6199951171875,2.079986572265625,411.5400085449219,420.7799987792969,410.79998779296875,28033200
GOOGL,2026-05-05T09:05:46.847148,383.25,-2.3800048828125,385.6300048828125,387.3800048828125,379.7900085449219,26274100
TSLA,2026-05-05T09:05:46.985037,392.510009765625,2.279998779296875,390.2300109863281,394.6400146484375,384.79998779296875,48673900
NVDA,2026-05-05T09:05:47.136208,198.47999572753906,-1.0200042724609375,199.5,201.72999572753906,194.74000549316406,125042700
ETH-USD,2026-05-05T09:05:47.337057,2373.699951171875,27.02587890625,2346.674072265625,2387.6123046875,2346.674072265625,20841885696
^NSEI,2026-05-05T09:05:54.212308,24032.05078125,-20.548828125,24052.599609375,24081.69921875,23882.05078125,0
^BSESN,2026-05-05T09:05:55.384830,77043.3671875,-60.3515625,77103.71875,77151.328125,76515.03125,0
BTC-USD,2026-05-05T09:05:55.560908,80699.9609375,875.7421875,79824.21875,81226.421875,79824.21875,47322103808
RELIANCE.NS,2026-05-05T09:05:55.738701,1461.4000244140625,1.4000244140625,1460.0,1473.4000244140625,1450.0,18159342
TCS.NS,2026-05-05T09:05:55.957632,2424.5,-5.5,2430.0,2460.39990234375,2412.199951171875,2403195
HDFCBANK.NS,2026-05-05T09:05:56.221366,776.3499755859375,1.949951171875,774.4000244140625,776.9000244140625,763.7000122070312,31219568
INFY.NS,2026-05-05T09:05:56.405403,1174.4000244140625,4.9000244140625,1169.5,1185.199951171875,1160.0999755859375,5712597
AAPL,2026-05-05T09:05:56.617181,276.8299865722656,-2.83001708984375,279.6600036621094,280.6300048828125,274.8599853515625,46638000
MSFT,2026-05-05T09:05:56.806760,413.6199951171875,2.079986572265625,411.5400085449219,420.7799987792969,410.79998779296875,28033200
GOOGL,2026-05-05T09:05:56.959369,383.25,-2.3800048828125,385.6300048828125,387.3800048828125,379.7900085449219,26274100
TSLA,2026-05-05T09:05:57.132993,392.510009765625,2.279998779296875,390.2300109863281,394.6400146484375,384.79998779296875,48673900
NVDA,2026-05-05T09:05:57.293735,198.47999572753906,-1.0200042724609375,199.5,201.72999572753906,194.74000549316406,125042700
ETH-USD,2026-05-05T09:05:57.436338,2373.02001953125,26.345947265625,2346.674072265625,2387.6123046875,2346.674072265625,20841885696
^NSEI,2026-05-05T11:40:47.627549,24032.80078125,-19.798828125,24052.599609375,24081.69921875,23882.05078125,0
^BSESN,2026-05-05T11:40:47.996630,77017.7890625,-85.9296875,77103.71875,77151.328125,76515.03125,0
BTC-USD,2026-05-05T11:40:48.244755,81055.0625,1230.84375,79824.21875,81226.421875,79824.21875,42024538112
RELIANCE.NS,2026-05-05T11:40:48.598693,1463.5999755859375,3.5999755859375,1460.0,1473.4000244140625,1450.0,23541837
TCS.NS,2026-05-05T11:40:48.921169,2427.300048828125,-2.699951171875,2430.0,2460.39990234375,2412.199951171875,3385505
HDFCBANK.NS,2026-05-05T11:40:49.284391,772.2999877929688,-2.10003662109375,774.4000244140625,776.9000244140625,763.7000122070312,38885326
INFY.NS,2026-05-05T11:40:49.568254,1178.0999755859375,8.5999755859375,1169.5,1185.199951171875,1160.0999755859375,8163102
AAPL,2026-05-05T11:40:49.931184,276.8299865722656,-2.83001708984375,279.6600036621094,280.6300048828125,274.8599853515625,46638000
MSFT,2026-05-05T11:40:50.217261,413.6199951171875,2.079986572265625,411.5400085449219,420.7799987792969,410.79998779296875,28033200
GOOGL,2026-05-05T11:40:50.603412,383.25,-2.3800048828125,385.6300048828125,387.3800048828125,379.7900085449219,26274100
TSLA,2026-05-05T11:40:50.925905,392.510009765625,2.279998779296875,390.2300109863281,394.6400146484375,384.79998779296875,48673900
NVDA,2026-05-05T11:40:51.255082,198.47999572753906,-1.0200042724609375,199.5,201.72999572753906,194.74000549316406,125042700
ETH-USD,2026-05-05T11:40:51.475694,2381.820068359375,35.14599609375,2346.674072265625,2387.6123046875,2346.674072265625,18307323904
^NSEI,2026-05-05T11:40:58.915444,24032.80078125,-19.798828125,24052.599609375,24081.69921875,23882.05078125,0
^BSESN,2026-05-05T11:40:59.064477,77017.7890625,-85.9296875,77103.71875,77151.328125,76515.03125,0
BTC-USD,2026-05-05T11:40:59.273603,81053.8203125,1229.6015625,79824.21875,81226.421875,79824.21875,42024538112
RELIANCE.NS,2026-05-05T11:40:59.508383,1463.5999755859375,3.5999755859375,1460.0,1473.4000244140625,1450.0,23541837
TCS.NS,2026-05-05T11:40:59.763341,2427.300048828125,-2.699951171875,2430.0,2460.39990234375,2412.199951171875,3385505
HDFCBANK.NS,2026-05-05T11:41:00.161788,772.2999877929688,-2.10003662109375,774.4000244140625,776.9000244140625,763.7000122070312,38885326
INFY.NS,2026-05-05T11:41:00.367889,1178.0999755859375,8.5999755859375,1169.5,1185.199951171875,1160.0999755859375,8163102
AAPL,2026-05-05T11:41:00.598318,276.8299865722656,-2.83001708984375,279.6600036621094,280.6300048828125,274.8599853515625,46638000
MSFT,2026-05-05T11:41:00.698909,413.6199951171875,2.079986572265625,411.5400085449219,420.7799987792969,410.79998779296875,28033200
GOOGL,2026-05-05T11:41:00.900212,383.25,-2.3800048828125,385.6300048828125,387.3800048828125,379.7900085449219,26274100
TSLA,2026-05-05T11:41:01.070132,392.510009765625,2.279998779296875,390.2300109863281,394.6400146484375,384.79998779296875,48673900
NVDA,2026-05-05T11:41:01.227397,198.47999572753906,-1.0200042724609375,199.5,201.72999572753906,194.74000549316406,125042700
ETH-USD,2026-05-05T11:41:01.331492,2381.820068359375,35.14599609375,2346.674072265625,2387.6123046875,2346.674072265625,18307323904
^NSEI,2026-05-05T11:41:08.295926,24032.80078125,-19.798828125,24052.599609375,24081.69921875,23882.05078125,0
^BSESN,2026-05-05T11:41:08.426038,77017.7890625,-85.9296875,77103.71875,77151.328125,76515.03125,0
BTC-USD,2026-05-05T11:41:08.535653,81053.8203125,1229.6015625,79824.21875,81226.421875,79824.21875,42024538112
RELIANCE.NS,2026-05-05T11:41:08.655398,1463.5999755859375,3.5999755859375,1460.0,1473.4000244140625,1450.0,23541837
TCS.NS,2026-05-05T11:41:08.814689,2427.300048828125,-2.699951171875,2430.0,2460.39990234375,2412.199951171875,3385505
HDFCBANK.NS,2026-05-05T11:41:08.932455,772.2999877929688,-2.10003662109375,774.4000244140625,776.9000244140625,763.7000122070312,38885326
INFY.NS,2026-05-05T11:41:09.051550,1178.0999755859375,8.5999755859375,1169.5,1185.199951171875,1160.0999755859375,8163102
AAPL,2026-05-05T11:41:09.256157,276.8299865722656,-2.83001708984375,279.6600036621094,280.6300048828125,274.8599853515625,46638000
MSFT,2026-05-05T11:41:09.419497,413.6199951171875,2.079986572265625,411.5400085449219,420.7799987792969,410.79998779296875,28033200
GOOGL,2026-05-05T11:41:09.650734,383.25,-2.3800048828125,385.6300048828125,387.3800048828125,379.7900085449219,26274100
TSLA,2026-05-05T11:41:09.830792,392.510009765625,2.279998779296875,390.2300109863281,394.6400146484375,384.79998779296875,48673900
NVDA,2026-05-05T11:41:09.963305,198.47999572753906,-1.0200042724609375,199.5,201.72999572753906,194.74000549316406,125042700
ETH-USD,2026-05-05T11:41:10.113066,2381.39990234375,34.725830078125,2346.674072265625,2387.6123046875,2346.674072265625,18305306624
^NSEI,2026-05-05T11:41:17.147500,24032.80078125,-19.798828125,24052.599609375,24081.69921875,23882.05078125,0
^BSESN,2026-05-05T11:41:17.306134,77017.7890625,-85.9296875,77103.71875,77151.328125,76515.03125,0
BTC-USD,2026-05-05T11:41:17.474755,81058.546875,1234.328125,79824.21875,81226.421875,79824.21875,42022907904
RELIANCE.NS,2026-05-05T11:41:17.711203,1463.5999755859375,3.5999755859375,1460.0,1473.4000244140625,1450.0,23541837
TCS.NS,2026-05-05T11:41:17.948414,2427.300048828125,-2.699951171875,2430.0,2460.39990234375,2412.199951171875,3385505
HDFCBANK.NS,2026-05-05T11:41:18.168018,772.2999877929688,-2.10003662109375,774.4000244140625,776.9000244140625,763.7000122070312,38885326
INFY.NS,2026-05-05T11:41:18.400866,1178.0999755859375,8.5999755859375,1169.5,1185.199951171875,1160.0999755859375,8163102
AAPL,2026-05-05T11:41:18.643827,276.8299865722656,-2.83001708984375,279.6600036621094,280.6300048828125,274.8599853515625,46638000
MSFT,2026-05-05T11:41:18.782608,413.6199951171875,2.079986572265625,411.5400085449219,420.7799987792969,410.79998779296875,28033200
GOOGL,2026-05-05T11:41:18.893165,383.25,-2.3800048828125,385.6300048828125,387.3800048828125,379.7900085449219,26274100
TSLA,2026-05-05T11:41:19.108092,392.510009765625,2.279998779296875,390.2300109863281,394.6400146484375,384.79998779296875,48673900
NVDA,2026-05-05T11:41:19.280551,198.47999572753906,-1.0200042724609375,199.5,201.72999572753906,194.74000549316406,125042700
ETH-USD,2026-05-05T11:41:19.402579,2381.39990234375,34.725830078125,2346.674072265625,2387.6123046875,2346.674072265625,18305306624
^NSEI,2026-05-05T11:41:26.651589,24032.80078125,-19.798828125,24052.599609375,24081.69921875,23882.05078125,0
^BSESN,2026-05-05T11:41:26.775776,77017.7890625,-85.9296875,77103.71875,77151.328125,76515.03125,0
BTC-USD,2026-05-05T11:41:26.950428,81058.546875,1234.328125,79824.21875,81226.421875,79824.21875,42022907904
RELIANCE.NS,2026-05-05T11:41:27.073839,1463.5999755859375,3.5999755859375,1460.0,1473.4000244140625,1450.0,23541837
TCS.NS,2026-05-05T11:41:27.185863,2427.300048828125,-2.699951171875,2430.0,2460.39990234375,2412.199951171875,3385505
HDFCBANK.NS,2026-05-05T11:41:27.296843,772.2999877929688,-2.10003662109375,774.4000244140625,776.9000244140625,763.7000122070312,38885326
INFY.NS,2026-05-05T11:41:27.446917,1178.0999755859375,8.5999755859375,1169.5,1185.199951171875,1160.0999755859375,8163102
AAPL,2026-05-05T11:41:27.570232,276.8299865722656,-2.83001708984375,279.6600036621094,280.6300048828125,274.8599853515625,46638000
MSFT,2026-05-05T11:41:27.745230,413.6199951171875,2.079986572265625,411.5400085449219,420.7799987792969,410.79998779296875,28033200
GOOGL,2026-05-05T11:41:27.985067,383.25,-2.3800048828125,385.6300048828125,387.3800048828125,379.7900085449219,26274100
TSLA,2026-05-05T11:41:28.094180,392.510009765625,2.279998779296875,390.2300109863281,394.6400146484375,384.79998779296875,48673900
NVDA,2026-05-05T11:41:28.270583,198.47999572753906,-1.0200042724609375,199.5,201.72999572753906,194.74000549316406,125042700
ETH-USD,2026-05-05T11:41:28.458395,2382.1201171875,35.446044921875,2346.674072265625,2387.6123046875,2346.674072265625,18305306624
^NSEI,2026-05-05T11:41:35.522068,24032.80078125,-19.798828125,24052.599609375,24081.69921875,23882.05078125,0
^BSESN,2026-05-05T11:41:35.664388,77017.7890625,-85.9296875,77103.71875,77151.328125,76515.03125,0
BTC-USD,2026-05-05T11:41:35.881743,81059.953125,1235.734375,79824.21875,81226.421875,79824.21875,42022907904
RELIANCE.NS,2026-05-05T11:41:36.162315,1463.5999755859375,3.5999755859375,1460.0,1473.4000244140625,1450.0,23541837
TCS.NS,2026-05-05T11:41:36.386886,2427.300048828125,-2.699951171875,2430.0,2460.39990234375,2412.199951171875,3385505
HDFCBANK.NS,2026-05-05T11:41:36.595170,772.2999877929688,-2.10003662109375,774.4000244140625,776.9000244140625,763.7000122070312,38885326
INFY.NS,2026-05-05T11:41:36.856401,1178.0999755859375,8.5999755859375,1169.5,1185.199951171875,1160.0999755859375,8163102
AAPL,2026-05-05T11:41:37.215678,276.8299865722656,-2.83001708984375,279.6600036621094,280.6300048828125,274.8599853515625,46638000
MSFT,2026-05-05T11:41:37.325951,413.6199951171875,2.079986572265625,411.5400085449219,420.7799987792969,410.79998779296875,28033200
GOOGL,2026-05-05T11:41:37.482786,383.25,-2.3800048828125,385.6300048828125,387.3800048828125,379.7900085449219,26274100
TSLA,2026-05-05T11:41:37.671160,392.510009765625,2.279998779296875,390.2300109863281,394.6400146484375,384.79998779296875,48673900
NVDA,2026-05-05T11:41:37.845566,198.47999572753906,-1.0200042724609375,199.5,201.72999572753906,194.74000549316406,125042700
ETH-USD,2026-05-05T11:41:37.970534,2382.1201171875,35.446044921875,2346.674072265625,2387.6123046875,2346.674072265625,18305306624
^NSEI,2026-05-05T11:41:45.091603,24032.80078125,-19.798828125,24052.599609375,24081.69921875,23882.05078125,0
^BSESN,2026-05-05T11:41:45.257891,77017.7890625,-85.9296875,77103.71875,77151.328125,76515.03125,0
BTC-USD,2026-05-05T11:41:45.377609,81051.7421875,1227.5234375,79824.21875,81226.421875,79824.21875,42022907904
RELIANCE.NS,2026-05-05T11:41:45.675358,1463.5999755859375,3.5999755859375,1460.0,1473.4000244140625,1450.0,23541837
TCS.NS,2026-05-05T11:41:45.892513,2427.300048828125,-2.699951171875,2430.0,2460.39990234375,2412.199951171875,3385505
HDFCBANK.NS,2026-05-05T11:41:46.056532,772.2999877929688,-2.10003662109375,774.4000244140625,776.9000244140625,763.7000122070312,38885326
INFY.NS,2026-05-05T11:41:46.255904,1178.0999755859375,8.5999755859375,1169.5,1185.199951171875,1160.0999755859375,8163102
AAPL,2026-05-05T11:41:46.500358,276.8299865722656,-2.83001708984375,279.6600036621094,280.6300048828125,274.8599853515625,46638000
MSFT,2026-05-05T11:41:46.719346,413.6199951171875,2.079986572265625,411.5400085449219,420.7799987792969,410.79998779296875,28033200
GOOGL,2026-05-05T11:41:46.936615,383.25,-2.3800048828125,385.6300048828125,387.3800048828125,379.7900085449219,26274100
TSLA,2026-05-05T11:41:47.122423,392.510009765625,2.279998779296875,390.2300109863281,394.6400146484375,384.79998779296875,48673900
NVDA,2026-05-05T11:41:47.347535,198.47999572753906,-1.0200042724609375,199.5,201.72999572753906,194.74000549316406,125042700
ETH-USD,2026-05-05T11:41:47.555062,2381.280029296875,34.60595703125,2346.674072265625,2387.6123046875,2346.674072265625,18305306624
^NSEI,2026-05-05T11:41:54.717326,24032.80078125,-19.798828125,24052.599609375,24081.69921875,23882.05078125,0
^BSESN,2026-05-05T11:41:54.864064,77017.7890625,-85.9296875,77103.71875,77151.328125,76515.03125,0
BTC-USD,2026-05-05T11:41:54.971197,81051.7421875,1227.5234375,79824.21875,81226.421875,79824.21875,42022907904
RELIANCE.NS,2026-05-05T11:41:55.084091,1463.5999755859375,3.5999755859375,1460.0,1473.4000244140625,1450.0,23541837
TCS.NS,2026-05-05T11:41:55.220612,2427.300048828125,-2.699951171875,2430.0,2460.39990234375,2412.199951171875,3385505
HDFCBANK.NS,2026-05-05T11:41:55.419779,772.2999877929688,-2.10003662109375,774.4000244140625,776.9000244140625,763.7000122070312,38885326
INFY.NS,2026-05-05T11:41:55.520654,1178.0999755859375,8.5999755859375,1169.5,1185.199951171875,1160.0999755859375,8163102
AAPL,2026-05-05T11:41:55.632910,276.8299865722656,-2.83001708984375,279.6600036621094,280.6300048828125,274.8599853515625,46638000
MSFT,2026-05-05T11:41:55.841711,413.6199951171875,2.079986572265625,411.5400085449219,420.7799987792969,410.79998779296875,28033200
GOOGL,2026-05-05T11:41:55.950709,383.25,-2.3800048828125,385.6300048828125,387.3800048828125,379.7900085449219,26274100
TSLA,2026-05-05T11:41:56.059969,392.510009765625,2.279998779296875,390.2300109863281,394.6400146484375,384.79998779296875,48673900
NVDA,2026-05-05T11:41:56.167594,198.47999572753906,-1.0200042724609375,199.5,201.72999572753906,194.74000549316406,125042700
ETH-USD,2026-05-05T11:41:56.332411,2381.280029296875,34.60595703125,2346.674072265625,2387.6123046875,2346.674072265625,18305306624
^NSEI,2026-05-05T11:42:03.426578,24032.80078125,-19.798828125,24052.599609375,24081.69921875,23882.05078125,0
^BSESN,2026-05-05T11:42:03.592683,77017.7890625,-85.9296875,77103.71875,77151.328125,76515.03125,0
BTC-USD,2026-05-05T11:42:03.874428,81050.2578125,1226.0390625,79824.21875,81226.421875,79824.21875,42022907904
RELIANCE.NS,2026-05-05T11:42:04.089366,1463.5999755859375,3.5999755859375,1460.0,1473.4000244140625,1450.0,23541837
TCS.NS,2026-05-05T11:42:04.319307,2427.300048828125,-2.699951171875,2430.0,2460.39990234375,2412.199951171875,3385505
HDFCBANK.NS,2026-05-05T11:42:04.591382,772.2999877929688,-2.10003662109375,774.4000244140625,776.9000244140625,763.7000122070312,38885326
INFY.NS,2026-05-05T11:42:04.837012,1178.0999755859375,8.5999755859375,1169.5,1185.199951171875,1160.0999755859375,8163102
AAPL,2026-05-05T11:42:05.036227,276.8299865722656,-2.83001708984375,279.6600036621094,280.6300048828125,274.8599853515625,46638000
MSFT,2026-05-05T11:42:05.202192,413.6199951171875,2.079986572265625,411.5400085449219,420.7799987792969,410.79998779296875,28033200
GOOGL,2026-05-05T11:42:05.621568,383.25,-2.3800048828125,385.6300048828125,387.3800048828125,379.7900085449219,26274100
TSLA,2026-05-05T11:42:05.830597,392.510009765625,2.279998779296875,390.2300109863281,394.6400146484375,384.79998779296875,48673900
NVDA,2026-05-05T11:42:06.047036,198.47999572753906,-1.0200042724609375,199.5,201.72999572753906,194.74000549316406,125042700
ETH-USD,2026-05-05T11:42:06.293722,2381.830078125,35.156005859375,2346.674072265625,2387.6123046875,2346.674072265625,18305306624
^NSEI,2026-05-05T11:42:13.399659,24032.80078125,-19.798828125,24052.599609375,24081.69921875,23882.05078125,0
^BSESN,2026-05-05T11:42:13.549172,77017.7890625,-85.9296875,77103.71875,77151.328125,76515.03125,0
BTC-USD,2026-05-05T11:42:13.651217,81050.2578125,1226.0390625,79824.21875,81226.421875,79824.21875,42022907904
RELIANCE.NS,2026-05-05T11:42:13.886190,1463.5999755859375,3.5999755859375,1460.0,1473.4000244140625,1450.0,23541837
TCS.NS,2026-05-05T11:42:13.990622,2427.300048828125,-2.699951171875,2430.0,2460.39990234375,2412.199951171875,3385505
HDFCBANK.NS,2026-05-05T11:42:14.147136,772.2999877929688,-2.10003662109375,774.4000244140625,776.9000244140625,763.7000122070312,38885326
INFY.NS,2026-05-05T11:42:14.259453,1178.0999755859375,8.5999755859375,1169.5,1185.199951171875,1160.0999755859375,8163102
AAPL,2026-05-05T11:42:14.537690,276.8299865722656,-2.83001708984375,279.6600036621094,280.6300048828125,274.8599853515625,46638000
MSFT,2026-05-05T11:42:14.688607,413.6199951171875,2.079986572265625,411.5400085449219,420.7799987792969,410.79998779296875,28033200
GOOGL,2026-05-05T11:42:14.801703,383.25,-2.3800048828125,385.6300048828125,387.3800048828125,379.7900085449219,26274100
TSLA,2026-05-05T11:42:14.926615,392.510009765625,2.279998779296875,390.2300109863281,394.6400146484375,384.79998779296875,48673900
NVDA,2026-05-05T11:42:15.204041,198.47999572753906,-1.0200042724609375,199.5,201.72999572753906,194.74000549316406,125042700
ETH-USD,2026-05-05T11:42:15.322145,2381.830078125,35.156005859375,2346.674072265625,2387.6123046875,2346.674072265625,18305306624
^NSEI,2026-05-05T15:57:18.010191,24032.80078125,-19.798828125,24052.599609375,24081.69921875,23882.05078125,0
^BSESN,2026-05-05T15:57:18.220318,77017.7890625,-85.9296875,77103.71875,77151.328125,76515.03125,0
BTC-USD,2026-05-05T15:57:18.452506,81587.4296875,1763.2109375,79824.21875,81650.203125,79824.21875,40588394496
RELIANCE.NS,2026-05-05T15:57:18.691118,1463.5999755859375,3.5999755859375,1460.0,1473.4000244140625,1450.0,23541837
TCS.NS,2026-05-05T15:57:19.055945,2427.300048828125,-2.699951171875,2430.0,2460.39990234375,2412.199951171875,3385505
HDFCBANK.NS,2026-05-05T15:57:19.339267,772.2999877929688,-2.10003662109375,774.4000244140625,776.9000244140625,763.7000122070312,38885326
INFY.NS,2026-05-05T15:57:19.724867,1178.0999755859375,8.5999755859375,1169.5,1185.199951171875,1160.0999755859375,8163102
AAPL,2026-05-05T15:57:20.053476,280.2449951171875,3.345001220703125,276.8999938964844,283.2099914550781,276.5010070800781,16273631
MSFT,2026-05-05T15:57:20.464924,409.70001220703125,-5.6199951171875,415.32000732421875,416.7799072265625,409.1679992675781,10220962
GOOGL,2026-05-05T15:57:20.679833,388.2650146484375,1.916015625,386.3489990234375,392.81988525390625,384.8450012207031,10162001
TSLA,2026-05-05T15:57:21.057145,392.8599853515625,-2.32501220703125,395.18499755859375,402.0899963378906,391.53009033203125,27268228
NVDA,2026-05-05T15:57:21.345044,197.33900451660156,-1.96099853515625,199.3000030517578,200.24000549316406,196.66000366210938,51775837
ETH-USD,2026-05-05T15:57:21.621619,2383.3798828125,36.705810546875,2346.674072265625,2395.674560546875,2346.674072265625,17624592384
^NSEI,2026-05-05T15:57:29.238054,24032.80078125,-19.798828125,24052.599609375,24081.69921875,23882.05078125,0
^BSESN,2026-05-05T15:57:29.450579,77017.7890625,-85.9296875,77103.71875,77151.328125,76515.03125,0
BTC-USD,2026-05-05T15:57:29.663366,80937.359375,1113.140625,79824.21875,81226.421875,79824.21875,41989226496
RELIANCE.NS,2026-05-05T15:57:29.984392,1463.5999755859375,3.5999755859375,1460.0,1473.4000244140625,1450.0,23541837
TCS.NS,2026-05-05T15:57:30.203510,2427.300048828125,-2.699951171875,2430.0,2460.39990234375,2412.199951171875,3385505
HDFCBANK.NS,2026-05-05T15:57:30.493890,772.2999877929688,-2.10003662109375,774.4000244140625,776.9000244140625,763.7000122070312,38885326
INFY.NS,2026-05-05T15:57:30.713674,1178.0999755859375,8.5999755859375,1169.5,1185.199951171875,1160.0999755859375,8163102
AAPL,2026-05-05T15:57:30.944899,280.2300109863281,3.33001708984375,276.8999938964844,283.2099914550781,276.5010070800781,16282852
MSFT,2026-05-05T15:57:31.124786,409.69000244140625,-5.6300048828125,415.32000732421875,416.7799072265625,409.1679992675781,10261456
GOOGL,2026-05-05T15:57:31.413438,388.1499938964844,1.800994873046875,386.3489990234375,392.81988525390625,384.8450012207031,10170830
TSLA,2026-05-05T15:57:31.618347,392.8500061035156,-2.334991455078125,395.18499755859375,402.0899963378906,391.53009033203125,27280162
NVDA,2026-05-05T15:57:31.910550,197.27000427246094,-2.029998779296875,199.3000030517578,200.24000549316406,196.66000366210938,51817065
ETH-USD,2026-05-05T15:57:32.458975,2382.679931640625,36.005859375,2346.674072265625,2395.674560546875,2346.674072265625,17476265984
^NSEI,2026-05-05T15:57:39.912378,24032.80078125,-19.798828125,24052.599609375,24081.69921875,23882.05078125,0
^BSESN,2026-05-05T15:57:40.069556,77017.7890625,-85.9296875,77103.71875,77151.328125,76515.03125,0
BTC-USD,2026-05-05T15:57:40.257820,81558.7890625,1734.5703125,79824.21875,81650.203125,79824.21875,40410443776
RELIANCE.NS,2026-05-05T15:57:40.462896,1463.5999755859375,3.5999755859375,1460.0,1473.4000244140625,1450.0,23541837
TCS.NS,2026-05-05T15:57:40.777017,2427.300048828125,-2.699951171875,2430.0,2460.39990234375,2412.199951171875,3385505
HDFCBANK.NS,2026-05-05T15:57:40.959667,772.2999877929688,-2.10003662109375,774.4000244140625,776.9000244140625,763.7000122070312,38885326
INFY.NS,2026-05-05T15:57:41.138019,1178.0999755859375,8.5999755859375,1169.5,1185.199951171875,1160.0999755859375,8163102
AAPL,2026-05-05T15:57:41.408253,280.17999267578125,3.279998779296875,276.8999938964844,283.2099914550781,276.5010070800781,16294837
MSFT,2026-05-05T15:57:41.717108,409.65008544921875,-5.669921875,415.32000732421875,416.7799072265625,409.1679992675781,10266771
GOOGL,2026-05-05T15:57:41.920106,388.1099853515625,1.760986328125,386.3489990234375,392.81988525390625,384.8450012207031,10174745
TSLA,2026-05-05T15:57:42.153991,392.5801086425781,-2.604888916015625,395.18499755859375,402.0899963378906,391.53009033203125,27304482
NVDA,2026-05-05T15:57:42.424406,197.2449951171875,-2.0550079345703125,199.3000030517578,200.24000549316406,196.66000366210938,51840630
ETH-USD,2026-05-05T15:57:42.623773,2382.389892578125,35.7158203125,2346.674072265625,2395.674560546875,2346.674072265625,17476265984
^NSEI,2026-05-05T15:57:49.760047,24032.80078125,-19.798828125,24052.599609375,24081.69921875,23882.05078125,0
^BSESN,2026-05-05T15:57:49.945031,77017.7890625,-85.9296875,77103.71875,77151.328125,76515.03125,0
BTC-USD,2026-05-05T15:57:50.106961,81550.296875,1726.078125,79824.21875,81650.203125,79824.21875,40410443776
RELIANCE.NS,2026-05-05T15:57:50.388570,1463.5999755859375,3.5999755859375,1460.0,1473.4000244140625,1450.0,23541837
TCS.NS,2026-05-05T15:57:50.621624,2427.300048828125,-2.699951171875,2430.0,2460.39990234375,2412.199951171875,3385505
HDFCBANK.NS,2026-05-05T15:57:50.902211,772.2999877929688,-2.10003662109375,774.4000244140625,776.9000244140625,763.7000122070312,38885326
INFY.NS,2026-05-05T15:57:51.106578,1178.0999755859375,8.5999755859375,1169.5,1185.199951171875,1160.0999755859375,8163102
AAPL,2026-05-05T15:57:51.353960,280.17498779296875,3.274993896484375,276.8999938964844,283.2099914550781,276.5010070800781,16299633
MSFT,2026-05-05T15:57:51.638829,409.6000061035156,-5.720001220703125,415.32000732421875,416.7799072265625,409.1679992675781,10270801
GOOGL,2026-05-05T15:57:51.852862,388.090087890625,1.7410888671875,386.3489990234375,392.81988525390625,384.8450012207031,10178460
TSLA,2026-05-05T15:57:52.180433,392.5950012207031,-2.589996337890625,395.18499755859375,402.0899963378906,391.53009033203125,27311740
NVDA,2026-05-05T15:57:52.385144,197.26429748535156,-2.03570556640625,199.3000030517578,200.24000549316406,196.66000366210938,51866846
ETH-USD,2026-05-05T15:57:52.628836,2381.719970703125,35.0458984375,2346.674072265625,2395.674560546875,2346.674072265625,17476265984
^NSEI,2026-05-05T15:57:59.982980,24032.80078125,-19.798828125,24052.599609375,24081.69921875,23882.05078125,0
^BSESN,2026-05-05T15:58:00.159991,77017.7890625,-85.9296875,77103.71875,77151.328125,76515.03125,0
BTC-USD,2026-05-05T15:58:00.428907,81572.359375,1748.140625,79824.21875,81650.203125,79824.21875,40410443776
RELIANCE.NS,2026-05-05T15:58:00.549629,1463.5999755859375,3.5999755859375,1460.0,1473.4000244140625,1450.0,23541837
TCS.NS,2026-05-05T15:58:00.654892,2427.300048828125,-2.699951171875,2430.0,2460.39990234375,2412.199951171875,3385505
HDFCBANK.NS,2026-05-05T15:58:00.807345,772.2999877929688,-2.10003662109375,774.4000244140625,776.9000244140625,763.7000122070312,38885326
INFY.NS,2026-05-05T15:58:00.935534,1178.0999755859375,8.5999755859375,1169.5,1185.199951171875,1160.0999755859375,8163102
AAPL,2026-05-05T15:58:01.068500,280.17498779296875,3.274993896484375,276.8999938964844,283.2099914550781,276.5010070800781,16299633
MSFT,2026-05-05T15:58:01.254849,409.6000061035156,-5.720001220703125,415.32000732421875,416.7799072265625,409.1679992675781,10270801
GOOGL,2026-05-05T15:58:01.364733,388.090087890625,1.7410888671875,386.3489990234375,392.81988525390625,384.8450012207031,10178460
TSLA,2026-05-05T15:58:01.496786,392.5950012207031,-2.589996337890625,395.18499755859375,402.0899963378906,391.53009033203125,27311740
NVDA,2026-05-05T15:58:01.666058,197.26429748535156,-2.03570556640625,199.3000030517578,200.24000549316406,196.66000366210938,51866846
ETH-USD,2026-05-05T15:58:01.783716,2381.719970703125,35.0458984375,2346.674072265625,2395.674560546875,2346.674072265625,17476265984
^NSEI,2026-05-05T15:58:09.026378,24032.80078125,-19.798828125,24052.599609375,24081.69921875,23882.05078125,0
^BSESN,2026-05-05T15:58:09.278571,77017.7890625,-85.9296875,77103.71875,77151.328125,76515.03125,0
BTC-USD,2026-05-05T15:58:09.511104,81576.6796875,1752.4609375,79824.21875,81650.203125,79824.21875,40410443776
RELIANCE.NS,2026-05-05T15:58:09.696206,1463.5999755859375,3.5999755859375,1460.0,1473.4000244140625,1450.0,23541837
TCS.NS,2026-05-05T15:58:09.885844,2427.300048828125,-2.699951171875,2430.0,2460.39990234375,2412.199951171875,3385505
HDFCBANK.NS,2026-05-05T15:58:10.144067,772.2999877929688,-2.10003662109375,774.4000244140625,776.9000244140625,763.7000122070312,38885326
INFY.NS,2026-05-05T15:58:10.348655,1178.0999755859375,8.5999755859375,1169.5,1185.199951171875,1160.0999755859375,8163102
AAPL,2026-05-05T15:58:10.583185,280.2200012207031,3.32000732421875,276.8999938964844,283.2099914550781,276.5010070800781,16343438
MSFT,2026-05-05T15:58:10.772429,409.5199890136719,-5.800018310546875,415.32000732421875,416.7799072265625,409.1679992675781,10281732
GOOGL,2026-05-05T15:58:11.009417,387.9549865722656,1.605987548828125,386.3489990234375,392.81988525390625,384.8450012207031,10200362
TSLA,2026-05-05T15:58:11.215396,392.60009765625,-2.58489990234375,395.18499755859375,402.0899963378906,391.53009033203125,27337441
NVDA,2026-05-05T15:58:11.432693,197.25,-2.0500030517578125,199.3000030517578,200.24000549316406,196.66000366210938,51896815
ETH-USD,2026-05-05T15:58:11.588786,2382.5,35.825927734375,2346.674072265625,2395.674560546875,2346.674072265625,17476265984
^NSEI,2026-05-05T15:58:18.724500,24032.80078125,-19.798828125,24052.599609375,24081.69921875,23882.05078125,0
^BSESN,2026-05-05T15:58:18.870227,77017.7890625,-85.9296875,77103.71875,77151.328125,76515.03125,0
BTC-USD,2026-05-05T15:58:19.081377,81558.5234375,1734.3046875,79824.21875,81650.203125,79824.21875,40410443776
RELIANCE.NS,2026-05-05T15:58:19.384213,1463.5999755859375,3.5999755859375,1460.0,1473.4000244140625,1450.0,23541837
TCS.NS,2026-05-05T15:58:19.705309,2427.300048828125,-2.699951171875,2430.0,2460.39990234375,2412.199951171875,3385505
HDFCBANK.NS,2026-05-05T15:58:19.976221,772.2999877929688,-2.10003662109375,774.4000244140625,776.9000244140625,763.7000122070312,38885326
INFY.NS,2026-05-05T15:58:20.214254,1178.0999755859375,8.5999755859375,1169.5,1185.199951171875,1160.0999755859375,8163102
AAPL,2026-05-05T15:58:20.471149,280.1600036621094,3.260009765625,276.8999938964844,283.2099914550781,276.5010070800781,16347473
MSFT,2026-05-05T15:58:20.749074,409.5199890136719,-5.800018310546875,415.32000732421875,416.7799072265625,409.1679992675781,10293946
GOOGL,2026-05-05T15:58:20.998616,388.0050048828125,1.656005859375,386.3489990234375,392.81988525390625,384.8450012207031,10206675
TSLA,2026-05-05T15:58:21.216254,392.4750061035156,-2.709991455078125,395.18499755859375,402.0899963378906,391.53009033203125,27370714
NVDA,2026-05-05T15:58:21.416260,197.19500732421875,-2.1049957275390625,199.3000030517578,200.24000549316406,196.66000366210938,51929305
ETH-USD,2026-05-05T15:58:21.649522,2381.6298828125,34.955810546875,2346.674072265625,2395.674560546875,2346.674072265625,17476265984
^NSEI,2026-05-05T15:58:28.681105,24032.80078125,-19.798828125,24052.599609375,24081.69921875,23882.05078125,0
^BSESN,2026-05-05T15:58:28.883919,77017.7890625,-85.9296875,77103.71875,77151.328125,76515.03125,0
BTC-USD,2026-05-05T15:58:29.039562,80937.359375,1113.140625,79824.21875,81226.421875,79824.21875,41989226496
RELIANCE.NS,2026-05-05T15:58:29.311036,1463.5999755859375,3.5999755859375,1460.0,1473.4000244140625,1450.0,23541837
TCS.NS,2026-05-05T15:58:29.486150,2427.300048828125,-2.699951171875,2430.0,2460.39990234375,2412.199951171875,3385505
HDFCBANK.NS,2026-05-05T15:58:29.739921,772.2999877929688,-2.10003662109375,774.4000244140625,776.9000244140625,763.7000122070312,38885326
INFY.NS,2026-05-05T15:58:29.971188,1178.0999755859375,8.5999755859375,1169.5,1185.199951171875,1160.0999755859375,8163102
AAPL,2026-05-05T15:58:30.160234,280.1199951171875,3.220001220703125,276.8999938964844,283.2099914550781,276.5010070800781,16353101
MSFT,2026-05-05T15:58:30.438672,409.6000061035156,-5.720001220703125,415.32000732421875,416.7799072265625,409.1679992675781,10298433
GOOGL,2026-05-05T15:58:30.580142,388.0801086425781,1.731109619140625,386.3489990234375,392.81988525390625,384.8450012207031,10212151
TSLA,2026-05-05T15:58:30.789419,392.5299987792969,-2.654998779296875,395.18499755859375,402.0899963378906,391.53009033203125,27381923
NVDA,2026-05-05T15:58:31.032215,197.22999572753906,-2.07000732421875,199.3000030517578,200.24000549316406,196.66000366210938,51943539
ETH-USD,2026-05-05T15:58:31.249550,2381.719970703125,35.0458984375,2346.674072265625,2395.674560546875,2346.674072265625,17475604480
^NSEI,2026-05-05T15:58:38.509308,24032.80078125,-19.798828125,24052.599609375,24081.69921875,23882.05078125,0
^BSESN,2026-05-05T15:58:38.911685,77017.7890625,-85.9296875,77103.71875,77151.328125,76515.03125,0
BTC-USD,2026-05-05T15:58:39.050120,81550.15625,1725.9375,79824.21875,81650.203125,79824.21875,40410443776
RELIANCE.NS,2026-05-05T15:58:39.216153,1463.5999755859375,3.5999755859375,1460.0,1473.4000244140625,1450.0,23541837
TCS.NS,2026-05-05T15:58:39.433860,2427.300048828125,-2.699951171875,2430.0,2460.39990234375,2412.199951171875,3385505
HDFCBANK.NS,2026-05-05T15:58:39.709665,772.2999877929688,-2.10003662109375,774.4000244140625,776.9000244140625,763.7000122070312,38885326
INFY.NS,2026-05-05T15:58:39.884311,1178.0999755859375,8.5999755859375,1169.5,1185.199951171875,1160.0999755859375,8163102
AAPL,2026-05-05T15:58:40.123298,280.1199951171875,3.220001220703125,276.8999938964844,283.2099914550781,276.5010070800781,16355438
MSFT,2026-05-05T15:58:40.291302,409.739990234375,-5.58001708984375,415.32000732421875,416.7799072265625,409.1679992675781,10305054
GOOGL,2026-05-05T15:58:40.449217,387.9700012207031,1.621002197265625,386.3489990234375,392.81988525390625,384.8450012207031,10221375
TSLA,2026-05-05T15:58:40.614973,392.5899963378906,-2.595001220703125,395.18499755859375,402.0899963378906,391.53009033203125,27392879
NVDA,2026-05-05T15:58:40.777670,197.22999572753906,-2.07000732421875,199.3000030517578,200.24000549316406,196.66000366210938,51965049
ETH-USD,2026-05-05T15:58:40.948596,2381.719970703125,35.0458984375,2346.674072265625,2395.674560546875,2346.674072265625,17475604480
^NSEI,2026-05-05T15:58:47.986527,24032.80078125,-19.798828125,24052.599609375,24081.69921875,23882.05078125,0
^BSESN,2026-05-05T15:58:48.210865,77017.7890625,-85.9296875,77103.71875,77151.328125,76515.03125,0
BTC-USD,2026-05-05T15:58:48.412985,81547.640625,1723.421875,79824.21875,81650.203125,79824.21875,40410443776
RELIANCE.NS,2026-05-05T15:58:48.639904,1463.5999755859375,3.5999755859375,1460.0,1473.4000244140625,1450.0,23541837
TCS.NS,2026-05-05T15:58:49.025611,2427.300048828125,-2.699951171875,2430.0,2460.39990234375,2412.199951171875,3385505
HDFCBANK.NS,2026-05-05T15:58:49.201790,772.2999877929688,-2.10003662109375,774.4000244140625,776.9000244140625,763.7000122070312,38885326
INFY.NS,2026-05-05T15:58:49.403069,1178.0999755859375,8.5999755859375,1169.5,1185.199951171875,1160.0999755859375,8163102
AAPL,2026-05-05T15:58:49.612109,280.1400146484375,3.240020751953125,276.8999938964844,283.2099914550781,276.5010070800781,16358985
MSFT,2026-05-05T15:58:49.866973,409.6400146484375,-5.67999267578125,415.32000732421875,416.7799072265625,409.1679992675781,10308791
GOOGL,2026-05-05T15:58:50.047917,387.8800048828125,1.531005859375,386.3489990234375,392.81988525390625,384.8450012207031,10233954
TSLA,2026-05-05T15:58:50.250153,392.4800109863281,-2.704986572265625,395.18499755859375,402.0899963378906,391.53009033203125,27397660
NVDA,2026-05-05T15:58:50.456691,197.25,-2.0500030517578125,199.3000030517578,200.24000549316406,196.66000366210938,51980813
ETH-USD,2026-05-05T15:58:50.671208,2381.719970703125,35.0458984375,2346.674072265625,2395.674560546875,2346.674072265625,17475604480
^NSEI,2026-05-05T19:03:25.901307,24032.80078125,-19.798828125,24052.599609375,24081.69921875,23882.05078125,0
^BSESN,2026-05-05T19:03:26.106439,77017.7890625,-85.9296875,77103.71875,77151.328125,76515.03125,0
BTC-USD,2026-05-05T19:03:26.318497,81492.578125,1668.359375,79824.21875,81650.203125,79824.21875,37294620672
RELIANCE.NS,2026-05-05T19:03:26.720373,1463.5999755859375,3.5999755859375,1460.0,1473.4000244140625,1450.0,23541837
TCS.NS,2026-05-05T19:03:27.165153,2427.300048828125,-2.699951171875,2430.0,2460.39990234375,2412.199951171875,3385505
HDFCBANK.NS,2026-05-05T19:03:27.588659,772.2999877929688,-2.10003662109375,774.4000244140625,776.9000244140625,763.7000122070312,38885326
INFY.NS,2026-05-05T19:03:27.908818,1178.0999755859375,8.5999755859375,1169.5,1185.199951171875,1160.0999755859375,8163102
AAPL,2026-05-05T19:03:28.306651,283.9949951171875,7.095001220703125,276.8999938964844,284.57000732421875,276.5010070800781,29106246
MSFT,2026-05-05T19:03:28.685268,411.2300109863281,-4.089996337890625,415.32000732421875,416.7799072265625,408.79998779296875,16751218
GOOGL,2026-05-05T19:03:28.931834,386.760009765625,0.4110107421875,386.3489990234375,392.81988525390625,384.0199890136719,16198511
TSLA,2026-05-05T19:03:29.136751,391.6050109863281,-3.579986572265625,395.18499755859375,402.0899963378906,389.0,39582140
NVDA,2026-05-05T19:03:29.377153,196.52999877929688,-2.7700042724609375,199.3000030517578,200.24000549316406,196.36000061035156,79747396
ETH-USD,2026-05-05T19:03:29.617747,2371.81005859375,25.135986328125,2346.674072265625,2395.674560546875,2346.674072265625,16484749312
^NSEI,2026-05-05T19:03:36.813014,24032.80078125,-19.798828125,24052.599609375,24081.69921875,23882.05078125,0
^BSESN,2026-05-05T19:03:36.966850,77017.7890625,-85.9296875,77103.71875,77151.328125,76515.03125,0
BTC-USD,2026-05-05T19:03:37.165594,81485.7890625,1661.5703125,79824.21875,81650.203125,79824.21875,37262860288
RELIANCE.NS,2026-05-05T19:03:37.384800,1463.5999755859375,3.5999755859375,1460.0,1473.4000244140625,1450.0,23541837
TCS.NS,2026-05-05T19:03:37.670548,2427.300048828125,-2.699951171875,2430.0,2460.39990234375,2412.199951171875,3385505
HDFCBANK.NS,2026-05-05T19:03:37.890127,772.2999877929688,-2.10003662109375,774.4000244140625,776.9000244140625,763.7000122070312,38885326
INFY.NS,2026-05-05T19:03:38.082453,1178.0999755859375,8.5999755859375,1169.5,1185.199951171875,1160.0999755859375,8163102
AAPL,2026-05-05T19:03:38.295483,283.9800109863281,7.08001708984375,276.8999938964844,284.57000732421875,276.5010070800781,29112862
MSFT,2026-05-05T19:03:38.523245,411.1099853515625,-4.21002197265625,415.32000732421875,416.7799072265625,408.79998779296875,16761516
GOOGL,2026-05-05T19:03:38.717271,386.75,0.4010009765625,386.3489990234375,392.81988525390625,384.0199890136719,16202761
TSLA,2026-05-05T19:03:38.993085,391.6400146484375,-3.54498291015625,395.18499755859375,402.0899963378906,389.0,39588954
NVDA,2026-05-05T19:03:39.217932,196.49000549316406,-2.80999755859375,199.3000030517578,200.24000549316406,196.36000061035156,79768542
ETH-USD,2026-05-05T19:03:39.400400,2371.449951171875,24.77587890625,2346.674072265625,2395.674560546875,2346.674072265625,16462456832
^NSEI,2026-05-05T19:03:46.410477,24032.80078125,-19.798828125,24052.599609375,24081.69921875,23882.05078125,0
^BSESN,2026-05-05T19:03:46.701109,77017.7890625,-85.9296875,77103.71875,77151.328125,76515.03125,0
BTC-USD,2026-05-05T19:03:46.912804,81485.7890625,1661.5703125,79824.21875,81650.203125,79824.21875,37262860288
RELIANCE.NS,2026-05-05T19:03:47.194699,1463.5999755859375,3.5999755859375,1460.0,1473.4000244140625,1450.0,23541837
TCS.NS,2026-05-05T19:03:47.398091,2427.300048828125,-2.699951171875,2430.0,2460.39990234375,2412.199951171875,3385505
HDFCBANK.NS,2026-05-05T19:03:47.620896,772.2999877929688,-2.10003662109375,774.4000244140625,776.9000244140625,763.7000122070312,38885326
INFY.NS,2026-05-05T19:03:47.809505,1178.0999755859375,8.5999755859375,1169.5,1185.199951171875,1160.0999755859375,8163102
AAPL,2026-05-05T19:03:48.033927,283.9750061035156,7.07501220703125,276.8999938964844,284.57000732421875,276.5010070800781,29116569
MSFT,2026-05-05T19:03:48.244485,411.1199951171875,-4.20001220703125,415.32000732421875,416.7799072265625,408.79998779296875,16766313
GOOGL,2026-05-05T19:03:48.436068,386.6700134277344,0.321014404296875,386.3489990234375,392.81988525390625,384.0199890136719,16205274
TSLA,2026-05-05T19:03:48.591822,391.6199951171875,-3.56500244140625,395.18499755859375,402.0899963378906,389.0,39593425
NVDA,2026-05-05T19:03:48.770864,196.4199981689453,-2.8800048828125,199.3000030517578,200.24000549316406,196.36000061035156,79807179
ETH-USD,2026-05-05T19:03:48.926090,2371.610107421875,24.93603515625,2346.674072265625,2395.674560546875,2346.674072265625,16462456832
^NSEI,2026-05-05T19:03:55.880525,24032.80078125,-19.798828125,24052.599609375,24081.69921875,23882.05078125,0
^BSESN,2026-05-05T19:03:56.137218,77017.7890625,-85.9296875,77103.71875,77151.328125,76515.03125,0
BTC-USD,2026-05-05T19:03:56.325394,81487.5078125,1663.2890625,79824.21875,81650.203125,79824.21875,37262860288
RELIANCE.NS,2026-05-05T19:03:56.623661,1463.5999755859375,3.5999755859375,1460.0,1473.4000244140625,1450.0,23541837
TCS.NS,2026-05-05T19:03:56.902183,2427.300048828125,-2.699951171875,2430.0,2460.39990234375,2412.199951171875,3385505
HDFCBANK.NS,2026-05-05T19:03:57.112693,772.2999877929688,-2.10003662109375,774.4000244140625,776.9000244140625,763.7000122070312,38885326
INFY.NS,2026-05-05T19:03:57.276752,1178.0999755859375,8.5999755859375,1169.5,1185.199951171875,1160.0999755859375,8163102
AAPL,2026-05-05T19:03:57.526595,283.9949951171875,7.095001220703125,276.8999938964844,284.57000732421875,276.5010070800781,29124635
MSFT,2026-05-05T19:03:57.754136,411.1940002441406,-4.126007080078125,415.32000732421875,416.7799072265625,408.79998779296875,16768296
GOOGL,2026-05-05T19:03:57.962883,386.6099853515625,0.260986328125,386.3489990234375,392.81988525390625,384.0199890136719,16208382
TSLA,2026-05-05T19:03:58.198428,391.54010009765625,-3.6448974609375,395.18499755859375,402.0899963378906,389.0,39597292
NVDA,2026-05-05T19:03:58.358382,196.4550018310547,-2.845001220703125,199.3000030517578,200.24000549316406,196.36000061035156,79938060
ETH-USD,2026-05-05T19:03:58.516768,2371.60009765625,24.926025390625,2346.674072265625,2395.674560546875,2346.674072265625,16462456832
^NSEI,2026-05-05T19:04:05.581025,24032.80078125,-19.798828125,24052.599609375,24081.69921875,23882.05078125,0
^BSESN,2026-05-05T19:04:05.753988,77017.7890625,-85.9296875,77103.71875,77151.328125,76515.03125,0
BTC-USD,2026-05-05T19:04:05.882191,81487.5,1663.28125,79824.21875,81650.203125,79824.21875,37262860288
RELIANCE.NS,2026-05-05T19:04:06.148745,1463.5999755859375,3.5999755859375,1460.0,1473.4000244140625,1450.0,23541837
TCS.NS,2026-05-05T19:04:06.387983,2427.300048828125,-2.699951171875,2430.0,2460.39990234375,2412.199951171875,3385505
HDFCBANK.NS,2026-05-05T19:04:06.586631,772.2999877929688,-2.10003662109375,774.4000244140625,776.9000244140625,763.7000122070312,38885326
INFY.NS,2026-05-05T19:04:06.887071,1178.0999755859375,8.5999755859375,1169.5,1185.199951171875,1160.0999755859375,8163102
AAPL,2026-05-05T19:04:07.241144,283.9800109863281,7.08001708984375,276.8999938964844,284.57000732421875,276.5010070800781,29131486
MSFT,2026-05-05T19:04:07.487572,411.239990234375,-4.08001708984375,415.32000732421875,416.7799072265625,408.79998779296875,16777388
GOOGL,2026-05-05T19:04:07.677956,386.6099853515625,0.260986328125,386.3489990234375,392.81988525390625,384.0199890136719,16209719
TSLA,2026-05-05T19:04:07.921669,391.614990234375,-3.57000732421875,395.18499755859375,402.0899963378906,389.0,39599627
NVDA,2026-05-05T19:04:08.084174,196.4499969482422,-2.850006103515625,199.3000030517578,200.24000549316406,196.36000061035156,79985097
ETH-USD,2026-05-05T19:04:08.229612,2371.919921875,25.245849609375,2346.674072265625,2395.674560546875,2346.674072265625,16462456832
^NSEI,2026-05-05T19:04:15.280023,24032.80078125,-19.798828125,24052.599609375,24081.69921875,23882.05078125,0
^BSESN,2026-05-05T19:04:15.432844,77017.7890625,-85.9296875,77103.71875,77151.328125,76515.03125,0
BTC-USD,2026-05-05T19:04:15.632928,81487.5078125,1663.2890625,79824.21875,81650.203125,79824.21875,37262860288
RELIANCE.NS,2026-05-05T19:04:15.895432,1463.5999755859375,3.5999755859375,1460.0,1473.4000244140625,1450.0,23541837
TCS.NS,2026-05-05T19:04:16.147821,2427.300048828125,-2.699951171875,2430.0,2460.39990234375,2412.199951171875,3385505
HDFCBANK.NS,2026-05-05T19:04:16.384883,772.2999877929688,-2.10003662109375,774.4000244140625,776.9000244140625,763.7000122070312,38885326
INFY.NS,2026-05-05T19:04:16.672314,1178.0999755859375,8.5999755859375,1169.5,1185.199951171875,1160.0999755859375,8163102
AAPL,2026-05-05T19:04:16.885051,284.06500244140625,7.165008544921875,276.8999938964844,284.57000732421875,276.5010070800781,29138271
MSFT,2026-05-05T19:04:17.102210,411.29998779296875,-4.02001953125,415.32000732421875,416.7799072265625,408.79998779296875,16784365
GOOGL,2026-05-05T19:04:17.296795,386.6600036621094,0.311004638671875,386.3489990234375,392.81988525390625,384.0199890136719,16214099
TSLA,2026-05-05T19:04:17.495635,391.5000915527344,-3.684906005859375,395.18499755859375,402.0899963378906,389.0,39605464
NVDA,2026-05-05T19:04:17.683346,196.39999389648438,-2.9000091552734375,199.3000030517578,200.24000549316406,196.36000061035156,80007798
ETH-USD,2026-05-05T19:04:17.820281,2371.75,25.075927734375,2346.674072265625,2395.674560546875,2346.674072265625,16462456832
^NSEI,2026-05-05T19:04:24.890297,24032.80078125,-19.798828125,24052.599609375,24081.69921875,23882.05078125,0
^BSESN,2026-05-05T19:04:25.089290,77017.7890625,-85.9296875,77103.71875,77151.328125,76515.03125,0
BTC-USD,2026-05-05T19:04:25.219479,81487.5078125,1663.2890625,79824.21875,81650.203125,79824.21875,37262860288
RELIANCE.NS,2026-05-05T19:04:25.351172,1463.5999755859375,3.5999755859375,1460.0,1473.4000244140625,1450.0,23541837
TCS.NS,2026-05-05T19:04:25.704002,2427.300048828125,-2.699951171875,2430.0,2460.39990234375,2412.199951171875,3385505
HDFCBANK.NS,2026-05-05T19:04:25.914583,772.2999877929688,-2.10003662109375,774.4000244140625,776.9000244140625,763.7000122070312,38885326
INFY.NS,2026-05-05T19:04:26.242380,1178.0999755859375,8.5999755859375,1169.5,1185.199951171875,1160.0999755859375,8163102
AAPL,2026-05-05T19:04:26.458859,284.1000061035156,7.20001220703125,276.8999938964844,284.57000732421875,276.5010070800781,29149755
MSFT,2026-05-05T19:04:26.637087,411.32501220703125,-3.9949951171875,415.32000732421875,416.7799072265625,408.79998779296875,16789574
GOOGL,2026-05-05T19:04:26.803377,386.6050109863281,0.256011962890625,386.3489990234375,392.81988525390625,384.0199890136719,16216464
TSLA,2026-05-05T19:04:26.973657,391.57958984375,-3.60540771484375,395.18499755859375,402.0899963378906,389.0,39611316
NVDA,2026-05-05T19:04:27.200510,196.3800048828125,-2.9199981689453125,199.3000030517578,200.24000549316406,196.36000061035156,80024033
ETH-USD,2026-05-05T19:04:27.385210,2371.989990234375,25.31591796875,2346.674072265625,2395.674560546875,2346.674072265625,16462456832
^NSEI,2026-05-05T19:04:34.394980,24032.80078125,-19.798828125,24052.599609375,24081.69921875,23882.05078125,0
^BSESN,2026-05-05T19:04:34.590803,77017.7890625,-85.9296875,77103.71875,77151.328125,76515.03125,0
BTC-USD,2026-05-05T19:04:34.752914,81497.9921875,1673.7734375,79824.21875,81650.203125,79824.21875,37262860288
RELIANCE.NS,2026-05-05T19:04:35.007400,1463.5999755859375,3.5999755859375,1460.0,1473.4000244140625,1450.0,23541837
TCS.NS,2026-05-05T19:04:35.253690,2427.300048828125,-2.699951171875,2430.0,2460.39990234375,2412.199951171875,3385505
HDFCBANK.NS,2026-05-05T19:04:35.443654,772.2999877929688,-2.10003662109375,774.4000244140625,776.9000244140625,763.7000122070312,38885326
INFY.NS,2026-05-05T19:04:35.670522,1178.0999755859375,8.5999755859375,1169.5,1185.199951171875,1160.0999755859375,8163102
AAPL,2026-05-05T19:04:35.964570,284.1300048828125,7.230010986328125,276.8999938964844,284.57000732421875,276.5010070800781,29158658
MSFT,2026-05-05T19:04:36.224981,411.260009765625,-4.05999755859375,415.32000732421875,416.7799072265625,408.79998779296875,16798199
GOOGL,2026-05-05T19:04:36.488399,386.5400085449219,0.191009521484375,386.3489990234375,392.81988525390625,384.0199890136719,16221982
TSLA,2026-05-05T19:04:36.675497,391.5,-3.68499755859375,395.18499755859375,402.0899963378906,389.0,39613941
NVDA,2026-05-05T19:04:36.865565,196.4199981689453,-2.8800048828125,199.3000030517578,200.24000549316406,196.33340454101562,80107904
ETH-USD,2026-05-05T19:04:37.022787,2372.469970703125,25.7958984375,2346.674072265625,2395.674560546875,2346.674072265625,16462456832
^NSEI,2026-05-05T19:04:44.323983,24032.80078125,-19.798828125,24052.599609375,24081.69921875,23882.05078125,0
^BSESN,2026-05-05T19:04:44.567021,77017.7890625,-85.9296875,77103.71875,77151.328125,76515.03125,0
BTC-USD,2026-05-05T19:04:44.691089,81490.0,1665.78125,79824.21875,81650.203125,79824.21875,37262860288
RELIANCE.NS,2026-05-05T19:04:44.982016,1463.5999755859375,3.5999755859375,1460.0,1473.4000244140625,1450.0,23541837
TCS.NS,2026-05-05T19:04:45.206633,2427.300048828125,-2.699951171875,2430.0,2460.39990234375,2412.199951171875,3385505
HDFCBANK.NS,2026-05-05T19:04:45.464075,772.2999877929688,-2.10003662109375,774.4000244140625,776.9000244140625,763.7000122070312,38885326
INFY.NS,2026-05-05T19:04:45.765782,1178.0999755859375,8.5999755859375,1169.5,1185.199951171875,1160.0999755859375,8163102
AAPL,2026-05-05T19:04:46.089557,284.19000244140625,7.290008544921875,276.8999938964844,284.57000732421875,276.5010070800781,29170115
MSFT,2026-05-05T19:04:46.409165,411.2850036621094,-4.035003662109375,415.32000732421875,416.7799072265625,408.79998779296875,16802892
GOOGL,2026-05-05T19:04:46.636140,386.4801025390625,0.131103515625,386.3489990234375,392.81988525390625,384.0199890136719,16223874
TSLA,2026-05-05T19:04:46.933564,391.57000732421875,-3.614990234375,395.18499755859375,402.0899963378906,389.0,39625801
NVDA,2026-05-05T19:04:47.189411,196.43499755859375,-2.8650054931640625,199.3000030517578,200.24000549316406,196.33340454101562,80149712
ETH-USD,2026-05-05T19:04:47.431349,2372.0400390625,25.365966796875,2346.674072265625,2395.674560546875,2346.674072265625,16462456832
^NSEI,2026-05-05T19:04:54.497001,24032.80078125,-19.798828125,24052.599609375,24081.69921875,23882.05078125,0
^BSESN,2026-05-05T19:04:54.806149,77017.7890625,-85.9296875,77103.71875,77151.328125,76515.03125,0
BTC-USD,2026-05-05T19:04:54.920761,81482.7578125,1658.5390625,79824.21875,81650.203125,79824.21875,37262860288
RELIANCE.NS,2026-05-05T19:04:55.152332,1463.5999755859375,3.5999755859375,1460.0,1473.4000244140625,1450.0,23541837
TCS.NS,2026-05-05T19:04:55.345378,2427.300048828125,-2.699951171875,2430.0,2460.39990234375,2412.199951171875,3385505
HDFCBANK.NS,2026-05-05T19:04:55.580567,772.2999877929688,-2.10003662109375,774.4000244140625,776.9000244140625,763.7000122070312,38885326
INFY.NS,2026-05-05T19:04:55.801311,1178.0999755859375,8.5999755859375,1169.5,1185.199951171875,1160.0999755859375,8163102
AAPL,2026-05-05T19:04:56.104255,284.135009765625,7.235015869140625,276.8999938964844,284.57000732421875,276.5010070800781,29184379
MSFT,2026-05-05T19:04:56.325302,411.2799987792969,-4.040008544921875,415.32000732421875,416.7799072265625,408.79998779296875,16811511
GOOGL,2026-05-05T19:04:56.504398,386.5,0.1510009765625,386.3489990234375,392.81988525390625,384.0199890136719,16225142
TSLA,2026-05-05T19:04:56.710301,391.7940979003906,-3.390899658203125,395.18499755859375,402.0899963378906,389.0,39640362
NVDA,2026-05-05T19:04:56.938135,196.47900390625,-2.8209991455078125,199.3000030517578,200.24000549316406,196.33340454101562,80182606
ETH-USD,2026-05-05T19:04:57.169085,2371.93994140625,25.265869140625,2346.674072265625,2395.674560546875,2346.674072265625,16462456832
^NSEI,2026-05-06T06:32:40.037223,24090.30078125,-80.69921875,24171.0,24250.849609375,24069.44921875,0
^BSESN,2026-05-06T06:32:40.234960,77179.8203125,-244.5390625,77424.359375,77675.0078125,77055.3515625,0
BTC-USD,2026-05-06T06:32:40.433904,81376.953125,476.1796875,80900.7734375,81637.875,80803.703125,39371005952
RELIANCE.NS,2026-05-06T06:32:40.681192,1446.300048828125,-16.699951171875,1463.0,1473.300048828125,1444.0,4327713
TCS.NS,2026-05-06T06:32:40.916018,2425.89990234375,-16.0,2441.89990234375,2471.0,2418.5,1502842
HDFCBANK.NS,2026-05-06T06:32:41.166303,775.6500244140625,0.5,775.1500244140625,779.9000244140625,774.25,11734248
INFY.NS,2026-05-06T06:32:41.416339,1174.5,-12.5,1187.0,1191.5,1172.199951171875,3142648
AAPL,2026-05-06T06:32:41.693989,284.17999267578125,7.25,276.92999267578125,284.57000732421875,276.5,49101300
MSFT,2026-05-06T06:32:41.919026,411.3800048828125,-3.94000244140625,415.32000732421875,416.7799987792969,408.79998779296875,25561500
GOOGL,2026-05-06T06:32:42.094022,388.42999267578125,2.199981689453125,386.2300109863281,392.82000732421875,384.0199890136719,23694500
TSLA,2026-05-06T06:32:42.265524,389.3699951171875,-5.82000732421875,395.19000244140625,402.1199951171875,389.0,47443000
NVDA,2026-05-06T06:32:42.480976,196.5,-2.8000030517578125,199.3000030517578,200.24000549316406,196.02999877929688,111816100
ETH-USD,2026-05-06T06:32:42.693379,2365.72998046875,5.0751953125,2360.65478515625,2377.801513671875,2355.900390625,17117467648
^NSEI,2026-05-06T06:32:51.005953,24085.30078125,-85.69921875,24171.0,24250.849609375,24069.44921875,0
^BSESN,2026-05-06T06:32:51.132360,77173.078125,-251.28125,77424.359375,77675.0078125,77055.3515625,0
BTC-USD,2026-05-06T06:32:51.325579,81386.9921875,486.21875,80900.7734375,81637.875,80803.703125,39371005952
RELIANCE.NS,2026-05-06T06:32:51.493617,1445.9000244140625,-17.0999755859375,1463.0,1473.300048828125,1444.0,4334890
TCS.NS,2026-05-06T06:32:51.662774,2425.800048828125,-16.099853515625,2441.89990234375,2471.0,2418.5,1503118
HDFCBANK.NS,2026-05-06T06:32:51.819536,775.5499877929688,0.39996337890625,775.1500244140625,779.9000244140625,774.25,11739483
INFY.NS,2026-05-06T06:32:51.985384,1174.0,-13.0,1187.0,1191.5,1172.199951171875,3143607
AAPL,2026-05-06T06:32:52.172321,284.17999267578125,7.25,276.92999267578125,284.57000732421875,276.5,49101300
MSFT,2026-05-06T06:32:52.356513,411.3800048828125,-3.94000244140625,415.32000732421875,416.7799987792969,408.79998779296875,25561500
GOOGL,2026-05-06T06:32:52.493612,388.42999267578125,2.199981689453125,386.2300109863281,392.82000732421875,384.0199890136719,23694500
TSLA,2026-05-06T06:32:52.629060,389.3699951171875,-5.82000732421875,395.19000244140625,402.1199951171875,389.0,47443000
NVDA,2026-05-06T06:32:52.780289,196.5,-2.8000030517578125,199.3000030517578,200.24000549316406,196.02999877929688,111816100
ETH-USD,2026-05-06T06:32:52.919768,2366.169921875,5.51513671875,2360.65478515625,2377.801513671875,2355.900390625,17117467648
^NSEI,2026-05-06T06:33:00.810896,24087.400390625,-83.599609375,24171.0,24250.849609375,24069.44921875,0
^BSESN,2026-05-06T06:33:00.937414,77162.609375,-261.75,77424.359375,77675.0078125,77055.3515625,0
BTC-USD,2026-05-06T06:33:01.048625,81388.8203125,488.046875,80900.7734375,81637.875,80803.703125,39371005952
RELIANCE.NS,2026-05-06T06:33:01.220839,1445.5,-17.5,1463.0,1473.300048828125,1444.0,4337200
TCS.NS,2026-05-06T06:33:01.371421,2426.0,-15.89990234375,2441.89990234375,2471.0,2418.5,1504487
HDFCBANK.NS,2026-05-06T06:33:01.536575,775.4500122070312,0.29998779296875,775.1500244140625,779.9000244140625,774.25,11742667
INFY.NS,2026-05-06T06:33:01.708452,1174.199951171875,-12.800048828125,1187.0,1191.5,1172.199951171875,3144295
AAPL,2026-05-06T06:33:01.923293,284.17999267578125,7.25,276.92999267578125,284.57000732421875,276.5,49101300
MSFT,2026-05-06T06:33:02.094917,411.3800048828125,-3.94000244140625,415.32000732421875,416.7799987792969,408.79998779296875,25561500
GOOGL,2026-05-06T06:33:02.233815,388.42999267578125,2.199981689453125,386.2300109863281,392.82000732421875,384.0199890136719,23694500
TSLA,2026-05-06T06:33:02.372132,389.3699951171875,-5.82000732421875,395.19000244140625,402.1199951171875,389.0,47443000
NVDA,2026-05-06T06:33:02.522905,196.5,-2.8000030517578125,199.3000030517578,200.24000549316406,196.02999877929688,111816100
ETH-USD,2026-05-06T06:33:02.656765,2366.320068359375,5.665283203125,2360.65478515625,2377.801513671875,2355.900390625,17117467648
^NSEI,2026-05-06T06:33:10.556790,24086.30078125,-84.69921875,24171.0,24250.849609375,24069.44921875,0
^BSESN,2026-05-06T06:33:10.693011,77166.9921875,-257.3671875,77424.359375,77675.0078125,77055.3515625,0
BTC-USD,2026-05-06T06:33:10.835450,81393.421875,492.6484375,80900.7734375,81637.875,80803.703125,39371005952
RELIANCE.NS,2026-05-06T06:33:11.016693,1445.5,-17.5,1463.0,1473.300048828125,1444.0,4339838
TCS.NS,2026-05-06T06:33:11.237912,2426.0,-15.89990234375,2441.89990234375,2471.0,2418.5,1504552
HDFCBANK.NS,2026-05-06T06:33:11.436448,775.75,0.5999755859375,775.1500244140625,779.9000244140625,774.25,11746209
INFY.NS,2026-05-06T06:33:11.642311,1174.199951171875,-12.800048828125,1187.0,1191.5,1172.199951171875,3144977
AAPL,2026-05-06T06:33:11.819900,284.17999267578125,7.25,276.92999267578125,284.57000732421875,276.5,49101300
MSFT,2026-05-06T06:33:11.993488,411.3800048828125,-3.94000244140625,415.32000732421875,416.7799987792969,408.79998779296875,25561500
GOOGL,2026-05-06T06:33:12.160992,388.42999267578125,2.199981689453125,386.2300109863281,392.82000732421875,384.0199890136719,23694500
TSLA,2026-05-06T06:33:12.314410,389.3699951171875,-5.82000732421875,395.19000244140625,402.1199951171875,389.0,47443000
NVDA,2026-05-06T06:33:12.468011,196.5,-2.8000030517578125,199.3000030517578,200.24000549316406,196.02999877929688,111816100
ETH-USD,2026-05-06T06:33:12.604321,2366.7900390625,6.13525390625,2360.65478515625,2377.801513671875,2355.900390625,17117467648
^NSEI,2026-05-06T06:33:20.462299,24087.94921875,-83.05078125,24171.0,24250.849609375,24069.44921875,0
^BSESN,2026-05-06T06:33:20.590068,77167.640625,-256.71875,77424.359375,77675.0078125,77055.3515625,0
BTC-USD,2026-05-06T06:33:20.726317,81391.859375,491.0859375,80900.7734375,81637.875,80803.703125,39283359744
RELIANCE.NS,2026-05-06T06:33:20.926722,1445.9000244140625,-17.0999755859375,1463.0,1473.300048828125,1444.0,4340338
TCS.NS,2026-05-06T06:33:21.125763,2425.800048828125,-16.099853515625,2441.89990234375,2471.0,2418.5,1504690
HDFCBANK.NS,2026-05-06T06:33:21.283169,775.75,0.5999755859375,775.1500244140625,779.9000244140625,774.25,11747498
INFY.NS,2026-05-06T06:33:21.464829,1174.0,-13.0,1187.0,1191.5,1172.199951171875,3145919
AAPL,2026-05-06T06:33:21.647448,284.17999267578125,7.25,276.92999267578125,284.57000732421875,276.5,49101300
MSFT,2026-05-06T06:33:21.814030,411.3800048828125,-3.94000244140625,415.32000732421875,416.7799987792969,408.79998779296875,25561500
GOOGL,2026-05-06T06:33:21.958351,388.42999267578125,2.199981689453125,386.2300109863281,392.82000732421875,384.0199890136719,23694500
TSLA,2026-05-06T06:33:22.090984,389.3699951171875,-5.82000732421875,395.19000244140625,402.1199951171875,389.0,47443000
NVDA,2026-05-06T06:33:22.241582,196.5,-2.8000030517578125,199.3000030517578,200.24000549316406,196.02999877929688,111816100
ETH-USD,2026-05-06T06:33:22.399000,2366.110107421875,5.455322265625,2360.65478515625,2377.801513671875,2355.900390625,17005200384
^NSEI,2026-05-06T06:33:29.187986,24088.900390625,-82.099609375,24171.0,24250.849609375,24069.44921875,0
^BSESN,2026-05-06T06:33:29.328931,77159.9609375,-264.3984375,77424.359375,77675.0078125,77055.3515625,0
BTC-USD,2026-05-06T06:33:29.442443,81386.0390625,485.265625,80900.7734375,81637.875,80803.703125,39283359744
RELIANCE.NS,2026-05-06T06:33:29.611148,1445.5999755859375,-17.4000244140625,1463.0,1473.300048828125,1444.0,4341408
TCS.NS,2026-05-06T06:33:29.774457,2425.800048828125,-16.099853515625,2441.89990234375,2471.0,2418.5,1504850
HDFCBANK.NS,2026-05-06T06:33:29.935532,775.7000122070312,0.54998779296875,775.1500244140625,779.9000244140625,774.25,11749382
INFY.NS,2026-05-06T06:33:30.109784,1174.0,-13.0,1187.0,1191.5,1172.199951171875,3149185
AAPL,2026-05-06T06:33:30.289504,284.17999267578125,7.25,276.92999267578125,284.57000732421875,276.5,49101300
MSFT,2026-05-06T06:33:30.450625,411.3800048828125,-3.94000244140625,415.32000732421875,416.7799987792969,408.79998779296875,25561500
GOOGL,2026-05-06T06:33:30.587580,388.42999267578125,2.199981689453125,386.2300109863281,392.82000732421875,384.0199890136719,23694500
TSLA,2026-05-06T06:33:30.749098,389.3699951171875,-5.82000732421875,395.19000244140625,402.1199951171875,389.0,47443000
NVDA,2026-05-06T06:33:30.906904,196.5,-2.8000030517578125,199.3000030517578,200.24000549316406,196.02999877929688,111816100
ETH-USD,2026-05-06T06:33:31.039315,2366.0,5.34521484375,2360.65478515625,2377.801513671875,2355.900390625,17005200384
^NSEI,2026-05-06T06:33:37.927819,24088.69921875,-82.30078125,24171.0,24250.849609375,24069.44921875,0
^BSESN,2026-05-06T06:33:39.099655,77164.078125,-260.28125,77424.359375,77675.0078125,77055.3515625,0
BTC-USD,2026-05-06T06:33:39.230359,81386.0390625,485.265625,80900.7734375,81637.875,80803.703125,39283359744
RELIANCE.NS,2026-05-06T06:33:39.396878,1445.9000244140625,-17.0999755859375,1463.0,1473.300048828125,1444.0,4342138
TCS.NS,2026-05-06T06:33:39.568605,2425.800048828125,-16.099853515625,2441.89990234375,2471.0,2418.5,1505077
HDFCBANK.NS,2026-05-06T06:33:39.790540,775.9500122070312,0.79998779296875,775.1500244140625,779.9000244140625,774.25,11750961
INFY.NS,2026-05-06T06:33:39.956029,1174.0,-13.0,1187.0,1191.5,1172.199951171875,3150566
AAPL,2026-05-06T06:33:40.137942,284.17999267578125,7.25,276.92999267578125,284.57000732421875,276.5,49101300
MSFT,2026-05-06T06:33:40.323016,411.3800048828125,-3.94000244140625,415.32000732421875,416.7799987792969,408.79998779296875,25561500
GOOGL,2026-05-06T06:33:40.601330,388.42999267578125,2.199981689453125,386.2300109863281,392.82000732421875,384.0199890136719,23694500
TSLA,2026-05-06T06:33:40.735867,389.3699951171875,-5.82000732421875,395.19000244140625,402.1199951171875,389.0,47443000
NVDA,2026-05-06T06:33:40.967815,196.5,-2.8000030517578125,199.3000030517578,200.24000549316406,196.02999877929688,111816100
ETH-USD,2026-05-06T06:33:41.114368,2366.050048828125,5.395263671875,2360.65478515625,2377.801513671875,2355.900390625,17005200384
^NSEI,2026-05-06T06:33:48.931055,24086.599609375,-84.400390625,24171.0,24250.849609375,24069.44921875,0
^BSESN,2026-05-06T06:33:49.085140,77172.796875,-251.5625,77424.359375,77675.0078125,77055.3515625,0
BTC-USD,2026-05-06T06:33:49.203203,81386.0390625,485.265625,80900.7734375,81637.875,80803.703125,39283359744
RELIANCE.NS,2026-05-06T06:33:49.374710,1446.0,-17.0,1463.0,1473.300048828125,1444.0,4342866
TCS.NS,2026-05-06T06:33:49.530069,2426.0,-15.89990234375,2441.89990234375,2471.0,2418.5,1505288
HDFCBANK.NS,2026-05-06T06:33:49.695978,775.8499755859375,0.699951171875,775.1500244140625,779.9000244140625,774.25,11752219
INFY.NS,2026-05-06T06:33:49.864209,1173.699951171875,-13.300048828125,1187.0,1191.5,1172.199951171875,3151391
AAPL,2026-05-06T06:33:50.054273,284.17999267578125,7.25,276.92999267578125,284.57000732421875,276.5,49101300
MSFT,2026-05-06T06:33:50.206757,411.3800048828125,-3.94000244140625,415.32000732421875,416.7799987792969,408.79998779296875,25561500
GOOGL,2026-05-06T06:33:50.341705,388.42999267578125,2.199981689453125,386.2300109863281,392.82000732421875,384.0199890136719,23694500
TSLA,2026-05-06T06:33:50.476229,389.3699951171875,-5.82000732421875,395.19000244140625,402.1199951171875,389.0,47443000
NVDA,2026-05-06T06:33:50.628820,196.5,-2.8000030517578125,199.3000030517578,200.24000549316406,196.02999877929688,111816100
ETH-USD,2026-05-06T06:33:50.768200,2365.9599609375,5.30517578125,2360.65478515625,2377.801513671875,2355.900390625,17005200384
^NSEI,2026-05-06T06:33:57.594078,24088.400390625,-82.599609375,24171.0,24250.849609375,24069.44921875,0
^BSESN,2026-05-06T06:33:57.762409,77169.40625,-254.953125,77424.359375,77675.0078125,77055.3515625,0
BTC-USD,2026-05-06T06:33:57.888887,81386.0390625,485.265625,80900.7734375,81637.875,80803.703125,39283359744
RELIANCE.NS,2026-05-06T06:33:58.103698,1445.699951171875,-17.300048828125,1463.0,1473.300048828125,1444.0,4343528
TCS.NS,2026-05-06T06:33:58.274815,2425.60009765625,-16.2998046875,2441.89990234375,2471.0,2418.5,1505311
HDFCBANK.NS,2026-05-06T06:33:58.465420,776.0,0.8499755859375,775.1500244140625,779.9000244140625,774.25,11758918
INFY.NS,2026-05-06T06:33:58.653086,1174.0,-13.0,1187.0,1191.5,1172.199951171875,3151626
AAPL,2026-05-06T06:33:58.816953,284.17999267578125,7.25,276.92999267578125,284.57000732421875,276.5,49101300
MSFT,2026-05-06T06:33:58.992570,411.3800048828125,-3.94000244140625,415.32000732421875,416.7799987792969,408.79998779296875,25561500
GOOGL,2026-05-06T06:33:59.125084,388.42999267578125,2.199981689453125,386.2300109863281,392.82000732421875,384.0199890136719,23694500
TSLA,2026-05-06T06:33:59.267052,389.3699951171875,-5.82000732421875,395.19000244140625,402.1199951171875,389.0,47443000
NVDA,2026-05-06T06:33:59.434148,196.5,-2.8000030517578125,199.3000030517578,200.24000549316406,196.02999877929688,111816100
ETH-USD,2026-05-06T06:33:59.655916,2366.090087890625,5.435302734375,2360.65478515625,2377.801513671875,2355.900390625,17005200384
^NSEI,2026-05-06T06:34:07.500275,24087.75,-83.25,24171.0,24250.849609375,24069.44921875,0
^BSESN,2026-05-06T06:34:07.633798,77171.328125,-253.03125,77424.359375,77675.0078125,77055.3515625,0
BTC-USD,2026-05-06T06:34:07.753110,81358.53125,457.7578125,80900.7734375,81637.875,80803.703125,39283359744
RELIANCE.NS,2026-05-06T06:34:07.929424,1446.0,-17.0,1463.0,1473.300048828125,1444.0,4344356
TCS.NS,2026-05-06T06:34:08.310163,2425.699951171875,-16.199951171875,2441.89990234375,2471.0,2418.5,1507705
HDFCBANK.NS,2026-05-06T06:34:08.487903,775.9500122070312,0.79998779296875,775.1500244140625,779.9000244140625,774.25,11763076
INFY.NS,2026-05-06T06:34:08.644705,1173.800048828125,-13.199951171875,1187.0,1191.5,1172.199951171875,3153511
AAPL,2026-05-06T06:34:08.822425,284.17999267578125,7.25,276.92999267578125,284.57000732421875,276.5,49101300
MSFT,2026-05-06T06:34:08.991309,411.3800048828125,-3.94000244140625,415.32000732421875,416.7799987792969,408.79998779296875,25561500
GOOGL,2026-05-06T06:34:09.130140,388.42999267578125,2.199981689453125,386.2300109863281,392.82000732421875,384.0199890136719,23694500
TSLA,2026-05-06T06:34:09.257546,389.3699951171875,-5.82000732421875,395.19000244140625,402.1199951171875,389.0,47443000
NVDA,2026-05-06T06:34:09.410681,196.5,-2.8000030517578125,199.3000030517578,200.24000549316406,196.02999877929688,111816100
ETH-USD,2026-05-06T06:34:09.568498,2365.360107421875,4.705322265625,2360.65478515625,2377.801513671875,2355.900390625,17005200384
^NSEI,2026-05-06T09:15:54.682489,24325.69921875,154.69921875,24171.0,24337.80078125,23997.900390625,0
^BSESN,2026-05-06T09:15:54.945600,77901.9765625,477.6171875,77424.359375,77926.4609375,76773.25,0
BTC-USD,2026-05-06T09:15:55.172793,81836.5390625,935.765625,80900.7734375,81935.484375,80803.703125,40641531904
RELIANCE.NS,2026-05-06T09:15:55.497579,1444.4000244140625,-18.5999755859375,1463.0,1473.300048828125,1427.5,9781980
TCS.NS,2026-05-06T09:15:55.821292,2430.0,-11.89990234375,2441.89990234375,2471.0,2406.5,2597796
HDFCBANK.NS,2026-05-06T09:15:56.125346,794.8499755859375,19.699951171875,775.1500244140625,795.8499755859375,773.5,25405728
INFY.NS,2026-05-06T09:15:56.346936,1170.0999755859375,-16.9000244140625,1187.0,1191.5,1164.0999755859375,7258234
AAPL,2026-05-06T09:15:56.605898,284.17999267578125,7.25,276.92999267578125,284.57000732421875,276.5,49101300
MSFT,2026-05-06T09:15:56.862917,411.3800048828125,-3.94000244140625,415.32000732421875,416.7799987792969,408.79998779296875,25561500
GOOGL,2026-05-06T09:15:57.045264,388.42999267578125,2.199981689453125,386.2300109863281,392.82000732421875,384.0199890136719,23694500
TSLA,2026-05-06T09:15:57.201274,389.3699951171875,-5.82000732421875,395.19000244140625,402.1199951171875,389.0,47443000
NVDA,2026-05-06T09:15:57.391332,196.5,-2.8000030517578125,199.3000030517578,200.24000549316406,196.02999877929688,111816100
ETH-USD,2026-05-06T09:15:57.599475,2392.43994140625,31.78515625,2360.65478515625,2395.08447265625,2355.900390625,17606289408
^NSEI,2026-05-06T09:16:04.853874,24329.69921875,158.69921875,24171.0,24337.80078125,23997.900390625,0
^BSESN,2026-05-06T09:16:05.060208,77898.6796875,474.3203125,77424.359375,77926.4609375,76773.25,0
BTC-USD,2026-05-06T09:16:05.173318,81836.5390625,935.765625,80900.7734375,81935.484375,80803.703125,40641531904
RELIANCE.NS,2026-05-06T09:16:05.335626,1444.4000244140625,-18.5999755859375,1463.0,1473.300048828125,1427.5,9784633
TCS.NS,2026-05-06T09:16:05.657165,2430.39990234375,-11.5,2441.89990234375,2471.0,2406.5,2598450
HDFCBANK.NS,2026-05-06T09:16:05.892727,794.7999877929688,19.64996337890625,775.1500244140625,795.8499755859375,773.5,25434784
INFY.NS,2026-05-06T09:16:06.095269,1169.5999755859375,-17.4000244140625,1187.0,1191.5,1164.0999755859375,7260615
AAPL,2026-05-06T09:16:06.271782,284.17999267578125,7.25,276.92999267578125,284.57000732421875,276.5,49101300
MSFT,2026-05-06T09:16:06.447660,411.3800048828125,-3.94000244140625,415.32000732421875,416.7799987792969,408.79998779296875,25561500
GOOGL,2026-05-06T09:16:06.648384,388.42999267578125,2.199981689453125,386.2300109863281,392.82000732421875,384.0199890136719,23694500
TSLA,2026-05-06T09:16:06.797369,389.3699951171875,-5.82000732421875,395.19000244140625,402.1199951171875,389.0,47443000
NVDA,2026-05-06T09:16:06.939895,196.5,-2.8000030517578125,199.3000030517578,200.24000549316406,196.02999877929688,111816100
ETH-USD,2026-05-06T09:16:07.106159,2393.52001953125,32.865234375,2360.65478515625,2395.195068359375,2355.900390625,17540126720
^NSEI,2026-05-06T09:16:14.032704,24329.69921875,158.69921875,24171.0,24337.80078125,23997.900390625,0
^BSESN,2026-05-06T09:16:14.159943,77890.640625,466.28125,77424.359375,77926.4609375,76773.25,0
BTC-USD,2026-05-06T09:16:14.351616,81853.9296875,953.15625,80900.7734375,81935.484375,80803.703125,40501923840
RELIANCE.NS,2026-05-06T09:16:14.551997,1444.300048828125,-18.699951171875,1463.0,1473.300048828125,1427.5,9789042
TCS.NS,2026-05-06T09:16:14.762785,2429.699951171875,-12.199951171875,2441.89990234375,2471.0,2406.5,2599871
HDFCBANK.NS,2026-05-06T09:16:14.990901,794.5999755859375,19.449951171875,775.1500244140625,795.8499755859375,773.5,25452141
INFY.NS,2026-05-06T09:16:15.177463,1170.199951171875,-16.800048828125,1187.0,1191.5,1164.0999755859375,7261253
AAPL,2026-05-06T09:16:15.399878,284.17999267578125,7.25,276.92999267578125,284.57000732421875,276.5,49101300
MSFT,2026-05-06T09:16:15.587705,411.3800048828125,-3.94000244140625,415.32000732421875,416.7799987792969,408.79998779296875,25561500
GOOGL,2026-05-06T09:16:15.774339,388.42999267578125,2.199981689453125,386.2300109863281,392.82000732421875,384.0199890136719,23694500
TSLA,2026-05-06T09:16:15.913736,389.3699951171875,-5.82000732421875,395.19000244140625,402.1199951171875,389.0,47443000
NVDA,2026-05-06T09:16:16.100319,196.5,-2.8000030517578125,199.3000030517578,200.24000549316406,196.02999877929688,111816100
ETH-USD,2026-05-06T09:16:16.345399,2393.7900390625,33.13525390625,2360.65478515625,2395.195068359375,2355.900390625,17540126720
^NSEI,2026-05-06T09:16:23.309773,24333.25,162.25,24171.0,24337.80078125,23997.900390625,0
^BSESN,2026-05-06T09:16:23.480549,77875.2890625,450.9296875,77424.359375,77926.4609375,76773.25,0
BTC-USD,2026-05-06T09:16:23.635711,81840.453125,939.6796875,80900.7734375,81935.484375,80803.703125,40501923840
RELIANCE.NS,2026-05-06T09:16:23.803094,1444.9000244140625,-18.0999755859375,1463.0,1473.300048828125,1427.5,9793014
TCS.NS,2026-05-06T09:16:24.043930,2430.800048828125,-11.099853515625,2441.89990234375,2471.0,2406.5,2600148
HDFCBANK.NS,2026-05-06T09:16:24.217485,794.5999755859375,19.449951171875,775.1500244140625,795.8499755859375,773.5,25470065
INFY.NS,2026-05-06T09:16:24.404636,1170.199951171875,-16.800048828125,1187.0,1191.5,1164.0999755859375,7265752
AAPL,2026-05-06T09:16:24.658210,284.17999267578125,7.25,276.92999267578125,284.57000732421875,276.5,49101300
MSFT,2026-05-06T09:16:24.819113,411.3800048828125,-3.94000244140625,415.32000732421875,416.7799987792969,408.79998779296875,25561500
GOOGL,2026-05-06T09:16:25.010197,388.42999267578125,2.199981689453125,386.2300109863281,392.82000732421875,384.0199890136719,23694500
TSLA,2026-05-06T09:16:25.157170,389.3699951171875,-5.82000732421875,395.19000244140625,402.1199951171875,389.0,47443000
NVDA,2026-05-06T09:16:25.353253,196.5,-2.8000030517578125,199.3000030517578,200.24000549316406,196.02999877929688,111816100
ETH-USD,2026-05-06T09:16:25.480927,2393.0400390625,32.38525390625,2360.65478515625,2395.195068359375,2355.900390625,17540126720
^NSEI,2026-05-06T09:16:32.467488,24334.5,163.5,24171.0,24337.80078125,23997.900390625,0
^BSESN,2026-05-06T09:16:32.587477,77879.7578125,455.3984375,77424.359375,77926.4609375,76773.25,0
BTC-USD,2026-05-06T09:16:32.752658,81843.0078125,942.234375,80900.7734375,81935.484375,80803.703125,40501923840
RELIANCE.NS,2026-05-06T09:16:33.001908,1444.9000244140625,-18.0999755859375,1463.0,1473.300048828125,1427.5,9796622
TCS.NS,2026-05-06T09:16:33.157641,2430.800048828125,-11.099853515625,2441.89990234375,2471.0,2406.5,2600959
HDFCBANK.NS,2026-05-06T09:16:33.322259,794.75,19.5999755859375,775.1500244140625,795.8499755859375,773.5,25497167
INFY.NS,2026-05-06T09:16:33.480363,1170.300048828125,-16.699951171875,1187.0,1191.5,1164.0999755859375,7269054
AAPL,2026-05-06T09:16:33.658385,284.17999267578125,7.25,276.92999267578125,284.57000732421875,276.5,49101300
MSFT,2026-05-06T09:16:33.836750,411.3800048828125,-3.94000244140625,415.32000732421875,416.7799987792969,408.79998779296875,25561500
GOOGL,2026-05-06T09:16:33.978152,388.42999267578125,2.199981689453125,386.2300109863281,392.82000732421875,384.0199890136719,23694500
TSLA,2026-05-06T09:16:34.115698,389.3699951171875,-5.82000732421875,395.19000244140625,402.1199951171875,389.0,47443000
NVDA,2026-05-06T09:16:34.257013,196.5,-2.8000030517578125,199.3000030517578,200.24000549316406,196.02999877929688,111816100
ETH-USD,2026-05-06T09:16:34.397889,2393.0,32.34521484375,2360.65478515625,2395.195068359375,2355.900390625,17540126720
^NSEI,2026-05-06T09:16:41.221057,24336.099609375,165.099609375,24171.0,24337.80078125,23997.900390625,0
^BSESN,2026-05-06T09:16:41.350932,77886.890625,462.53125,77424.359375,77926.4609375,76773.25,0
BTC-USD,2026-05-06T09:16:41.491457,81836.2421875,935.46875,80900.7734375,81935.484375,80803.703125,40501923840
RELIANCE.NS,2026-05-06T09:16:41.659600,1445.0,-18.0,1463.0,1473.300048828125,1427.5,9801001
TCS.NS,2026-05-06T09:16:41.849063,2431.0,-10.89990234375,2441.89990234375,2471.0,2406.5,2602175
HDFCBANK.NS,2026-05-06T09:16:42.033698,794.9000244140625,19.75,775.1500244140625,795.8499755859375,773.5,25524125
INFY.NS,2026-05-06T09:16:42.256802,1170.300048828125,-16.699951171875,1187.0,1191.5,1164.0999755859375,7269592
AAPL,2026-05-06T09:16:42.453906,284.17999267578125,7.25,276.92999267578125,284.57000732421875,276.5,49101300
MSFT,2026-05-06T09:16:42.666607,411.3800048828125,-3.94000244140625,415.32000732421875,416.7799987792969,408.79998779296875,25561500
GOOGL,2026-05-06T09:16:42.818492,388.42999267578125,2.199981689453125,386.2300109863281,392.82000732421875,384.0199890136719,23694500
TSLA,2026-05-06T09:16:43.010444,389.3699951171875,-5.82000732421875,395.19000244140625,402.1199951171875,389.0,47443000
NVDA,2026-05-06T09:16:43.153992,196.5,-2.8000030517578125,199.3000030517578,200.24000549316406,196.02999877929688,111816100
ETH-USD,2026-05-06T09:16:43.319531,2393.0400390625,32.38525390625,2360.65478515625,2395.195068359375,2355.900390625,17540126720
^NSEI,2026-05-06T09:16:50.220169,24333.150390625,162.150390625,24171.0,24337.80078125,23997.900390625,0
^BSESN,2026-05-06T09:16:50.457708,77872.9765625,448.6171875,77424.359375,77926.4609375,76773.25,0
BTC-USD,2026-05-06T09:16:50.596975,81838.1328125,937.359375,80900.7734375,81935.484375,80803.703125,40501923840
RELIANCE.NS,2026-05-06T09:16:50.782058,1444.5999755859375,-18.4000244140625,1463.0,1473.300048828125,1427.5,9802072
TCS.NS,2026-05-06T09:16:50.999920,2431.0,-10.89990234375,2441.89990234375,2471.0,2406.5,2602637
HDFCBANK.NS,2026-05-06T09:16:51.189407,794.75,19.5999755859375,775.1500244140625,795.8499755859375,773.5,25539206
INFY.NS,2026-05-06T09:16:51.446977,1170.5,-16.5,1187.0,1191.5,1164.0999755859375,7272687
AAPL,2026-05-06T09:16:51.797567,284.17999267578125,7.25,276.92999267578125,284.57000732421875,276.5,49101300
MSFT,2026-05-06T09:16:51.979871,411.3800048828125,-3.94000244140625,415.32000732421875,416.7799987792969,408.79998779296875,25561500
GOOGL,2026-05-06T09:16:52.179447,388.42999267578125,2.199981689453125,386.2300109863281,392.82000732421875,384.0199890136719,23694500
TSLA,2026-05-06T09:16:52.389137,389.3699951171875,-5.82000732421875,395.19000244140625,402.1199951171875,389.0,47443000
NVDA,2026-05-06T09:16:52.584721,196.5,-2.8000030517578125,199.3000030517578,200.24000549316406,196.02999877929688,111816100
ETH-USD,2026-05-06T09:16:52.803689,2392.97998046875,32.3251953125,2360.65478515625,2395.195068359375,2355.900390625,17540126720
^NSEI,2026-05-06T09:16:59.700793,24331.849609375,160.849609375,24171.0,24337.80078125,23997.900390625,0
^BSESN,2026-05-06T09:16:59.908211,77887.59375,463.234375,77424.359375,77926.4609375,76773.25,0
BTC-USD,2026-05-06T09:17:00.131114,81853.8515625,953.078125,80900.7734375,81935.484375,80803.703125,40501923840
RELIANCE.NS,2026-05-06T09:17:00.290233,1444.300048828125,-18.699951171875,1463.0,1473.300048828125,1427.5,9806488
TCS.NS,2026-05-06T09:17:00.479170,2431.0,-10.89990234375,2441.89990234375,2471.0,2406.5,2603294
HDFCBANK.NS,2026-05-06T09:17:00.664201,794.7999877929688,19.64996337890625,775.1500244140625,795.8499755859375,773.5,25558928
INFY.NS,2026-05-06T09:17:00.976534,1170.199951171875,-16.800048828125,1187.0,1191.5,1164.0999755859375,7275116
AAPL,2026-05-06T09:17:01.152330,284.17999267578125,7.25,276.92999267578125,284.57000732421875,276.5,49101300
MSFT,2026-05-06T09:17:01.311626,411.3800048828125,-3.94000244140625,415.32000732421875,416.7799987792969,408.79998779296875,25561500
GOOGL,2026-05-06T09:17:01.547466,388.42999267578125,2.199981689453125,386.2300109863281,392.82000732421875,384.0199890136719,23694500
TSLA,2026-05-06T09:17:01.696909,389.3699951171875,-5.82000732421875,395.19000244140625,402.1199951171875,389.0,47443000
NVDA,2026-05-06T09:17:01.846429,196.5,-2.8000030517578125,199.3000030517578,200.24000549316406,196.02999877929688,111816100
ETH-USD,2026-05-06T09:17:02.040979,2393.280029296875,32.625244140625,2360.65478515625,2395.195068359375,2355.900390625,17540126720
^NSEI,2026-05-06T09:17:08.912548,24329.44921875,158.44921875,24171.0,24337.80078125,23997.900390625,0
^BSESN,2026-05-06T09:17:09.066970,77892.5625,468.203125,77424.359375,77926.4609375,76773.25,0
BTC-USD,2026-05-06T09:17:09.206053,81844.7890625,944.015625,80900.7734375,81935.484375,80803.703125,40501923840
RELIANCE.NS,2026-05-06T09:17:09.380020,1444.300048828125,-18.699951171875,1463.0,1473.300048828125,1427.5,9807642
TCS.NS,2026-05-06T09:17:09.541666,2430.60009765625,-11.2998046875,2441.89990234375,2471.0,2406.5,2603587
HDFCBANK.NS,2026-05-06T09:17:09.710201,794.7999877929688,19.64996337890625,775.1500244140625,795.8499755859375,773.5,25604924
INFY.NS,2026-05-06T09:17:09.971940,1170.0,-17.0,1187.0,1191.5,1164.0999755859375,7281033
AAPL,2026-05-06T09:17:10.197961,284.17999267578125,7.25,276.92999267578125,284.57000732421875,276.5,49101300
MSFT,2026-05-06T09:17:10.373716,411.3800048828125,-3.94000244140625,415.32000732421875,416.7799987792969,408.79998779296875,25561500
GOOGL,2026-05-06T09:17:10.501568,388.42999267578125,2.199981689453125,386.2300109863281,392.82000732421875,384.0199890136719,23694500
TSLA,2026-05-06T09:17:10.635484,389.3699951171875,-5.82000732421875,395.19000244140625,402.1199951171875,389.0,47443000
NVDA,2026-05-06T09:17:10.793427,196.5,-2.8000030517578125,199.3000030517578,200.24000549316406,196.02999877929688,111816100
ETH-USD,2026-05-06T09:17:10.953807,2393.27001953125,32.615234375,2360.65478515625,2395.195068359375,2355.900390625,17540126720
^NSEI,2026-05-06T09:17:17.893767,24334.19921875,163.19921875,24171.0,24337.80078125,23997.900390625,0
^BSESN,2026-05-06T09:17:18.014558,77900.53125,476.171875,77424.359375,77926.4609375,76773.25,0
BTC-USD,2026-05-06T09:17:18.141447,81851.6171875,950.84375,80900.7734375,81935.484375,80803.703125,40496439296
RELIANCE.NS,2026-05-06T09:17:18.314792,1444.300048828125,-18.699951171875,1463.0,1473.300048828125,1427.5,9811552
TCS.NS,2026-05-06T09:17:18.467578,2429.5,-12.39990234375,2441.89990234375,2471.0,2406.5,2604368
HDFCBANK.NS,2026-05-06T09:17:18.640357,795.0,19.8499755859375,775.1500244140625,795.8499755859375,773.5,25617544
INFY.NS,2026-05-06T09:17:18.813984,1169.9000244140625,-17.0999755859375,1187.0,1191.5,1164.0999755859375,7286399
AAPL,2026-05-06T09:17:19.114288,284.17999267578125,7.25,276.92999267578125,284.57000732421875,276.5,49101300
MSFT,2026-05-06T09:17:19.301643,411.3800048828125,-3.94000244140625,415.32000732421875,416.7799987792969,408.79998779296875,25561500
GOOGL,2026-05-06T09:17:19.449149,388.42999267578125,2.199981689453125,386.2300109863281,392.82000732421875,384.0199890136719,23694500
TSLA,2026-05-06T09:17:19.625406,389.3699951171875,-5.82000732421875,395.19000244140625,402.1199951171875,389.0,47443000
NVDA,2026-05-06T09:17:19.780893,196.5,-2.8000030517578125,199.3000030517578,200.24000549316406,196.02999877929688,111816100
ETH-USD,2026-05-06T09:17:19.909100,2393.5400390625,32.88525390625,2360.65478515625,2393.2490234375,2355.900390625,17543708672
^NSEI,2026-05-06T12:12:01.263630,24330.94921875,159.94921875,24171.0,24356.5,23997.900390625,0
^BSESN,2026-05-06T12:12:01.716348,77958.5234375,534.1640625,77424.359375,78022.78125,76773.25,0
BTC-USD,2026-05-06T12:12:02.140784,82324.4296875,1423.65625,80900.7734375,82749.0625,80803.703125,44039774208
RELIANCE.NS,2026-05-06T12:12:02.639483,1437.9000244140625,-25.0999755859375,1463.0,1473.300048828125,1427.5,14216093
TCS.NS,2026-05-06T12:12:03.070151,2435.39990234375,-6.5,2441.89990234375,2471.0,2406.5,3147119
HDFCBANK.NS,2026-05-06T12:12:03.488696,796.5499877929688,21.39996337890625,775.1500244140625,798.9500122070312,773.5,35523133
INFY.NS,2026-05-06T12:12:03.939235,1167.199951171875,-19.800048828125,1187.0,1191.5,1164.0999755859375,9853421
AAPL,2026-05-06T12:12:04.620784,284.17999267578125,7.25,276.92999267578125,284.57000732421875,276.5,49101300
MSFT,2026-05-06T12:12:05.087533,411.3800048828125,-3.94000244140625,415.32000732421875,416.7799987792969,408.79998779296875,25561500
GOOGL,2026-05-06T12:12:05.486444,388.42999267578125,2.199981689453125,386.2300109863281,392.82000732421875,384.0199890136719,23694500
TSLA,2026-05-06T12:12:05.855594,389.3699951171875,-5.82000732421875,395.19000244140625,402.1199951171875,389.0,47443000
NVDA,2026-05-06T12:12:06.303829,196.5,-2.8000030517578125,199.3000030517578,200.24000549316406,196.02999877929688,111816100
ETH-USD,2026-05-06T12:12:06.726147,2409.840087890625,49.185302734375,2360.65478515625,2419.62060546875,2355.900390625,20544743424
^NSEI,2026-05-06T12:12:14.375310,24330.94921875,159.94921875,24171.0,24356.5,23997.900390625,0
^BSESN,2026-05-06T12:12:14.635588,77958.5234375,534.1640625,77424.359375,78022.78125,76773.25,0
BTC-USD,2026-05-06T12:12:14.862733,82316.703125,1415.9296875,80900.7734375,82749.0625,80803.703125,44039774208
RELIANCE.NS,2026-05-06T12:12:15.305093,1437.9000244140625,-25.0999755859375,1463.0,1473.300048828125,1427.5,14216093
TCS.NS,2026-05-06T12:12:15.546410,2435.39990234375,-6.5,2441.89990234375,2471.0,2406.5,3147119
HDFCBANK.NS,2026-05-06T12:12:15.844555,796.5499877929688,21.39996337890625,775.1500244140625,798.9500122070312,773.5,35523133
INFY.NS,2026-05-06T12:12:16.106650,1167.199951171875,-19.800048828125,1187.0,1191.5,1164.0999755859375,9853421
AAPL,2026-05-06T12:12:16.361480,284.17999267578125,7.25,276.92999267578125,284.57000732421875,276.5,49101300
MSFT,2026-05-06T12:12:16.676559,411.3800048828125,-3.94000244140625,415.32000732421875,416.7799987792969,408.79998779296875,25561500
GOOGL,2026-05-06T12:12:16.960713,388.42999267578125,2.199981689453125,386.2300109863281,392.82000732421875,384.0199890136719,23694500
TSLA,2026-05-06T12:12:17.259479,389.3699951171875,-5.82000732421875,395.19000244140625,402.1199951171875,389.0,47443000
NVDA,2026-05-06T12:12:17.547438,196.5,-2.8000030517578125,199.3000030517578,200.24000549316406,196.02999877929688,111816100
ETH-USD,2026-05-06T12:12:17.809478,2409.47998046875,48.8251953125,2360.65478515625,2419.62060546875,2355.900390625,20560451584
^NSEI,2026-05-06T12:12:25.281037,24330.94921875,159.94921875,24171.0,24356.5,23997.900390625,0
^BSESN,2026-05-06T12:12:25.502781,77958.5234375,534.1640625,77424.359375,78022.78125,76773.25,0
BTC-USD,2026-05-06T12:12:25.807678,82312.2265625,1411.453125,80900.7734375,82749.0625,80803.703125,44118052864
RELIANCE.NS,2026-05-06T12:12:26.166641,1437.9000244140625,-25.0999755859375,1463.0,1473.300048828125,1427.5,14216093
TCS.NS,2026-05-06T12:12:26.465830,2435.39990234375,-6.5,2441.89990234375,2471.0,2406.5,3147119
HDFCBANK.NS,2026-05-06T12:12:26.903336,796.5499877929688,21.39996337890625,775.1500244140625,798.9500122070312,773.5,35523133
INFY.NS,2026-05-06T12:12:27.198055,1167.199951171875,-19.800048828125,1187.0,1191.5,1164.0999755859375,9853421
AAPL,2026-05-06T12:12:27.478462,284.17999267578125,7.25,276.92999267578125,284.57000732421875,276.5,49101300
MSFT,2026-05-06T12:12:27.757228,411.3800048828125,-3.94000244140625,415.32000732421875,416.7799987792969,408.79998779296875,25561500
GOOGL,2026-05-06T12:12:28.077368,388.42999267578125,2.199981689453125,386.2300109863281,392.82000732421875,384.0199890136719,23694500
TSLA,2026-05-06T12:12:28.339980,389.3699951171875,-5.82000732421875,395.19000244140625,402.1199951171875,389.0,47443000
NVDA,2026-05-06T12:12:28.625885,196.5,-2.8000030517578125,199.3000030517578,200.24000549316406,196.02999877929688,111816100
ETH-USD,2026-05-06T12:12:28.939092,2409.47998046875,48.8251953125,2360.65478515625,2419.62060546875,2355.900390625,20560451584
^NSEI,2026-05-06T12:12:36.389150,24330.94921875,159.94921875,24171.0,24356.5,23997.900390625,0
^BSESN,2026-05-06T12:12:36.740405,77958.5234375,534.1640625,77424.359375,78022.78125,76773.25,0
BTC-USD,2026-05-06T12:12:37.030547,82308.3671875,1407.59375,80900.7734375,82749.0625,80803.703125,44118052864
RELIANCE.NS,2026-05-06T12:12:37.404967,1437.9000244140625,-25.0999755859375,1463.0,1473.300048828125,1427.5,14216093
TCS.NS,2026-05-06T12:12:37.769997,2435.39990234375,-6.5,2441.89990234375,2471.0,2406.5,3147119
HDFCBANK.NS,2026-05-06T12:12:38.083649,796.5499877929688,21.39996337890625,775.1500244140625,798.9500122070312,773.5,35523133
INFY.NS,2026-05-06T12:12:38.392679,1167.199951171875,-19.800048828125,1187.0,1191.5,1164.0999755859375,9853421
AAPL,2026-05-06T12:12:38.689048,284.17999267578125,7.25,276.92999267578125,284.57000732421875,276.5,49101300
MSFT,2026-05-06T12:12:38.979990,411.3800048828125,-3.94000244140625,415.32000732421875,416.7799987792969,408.79998779296875,25561500
GOOGL,2026-05-06T12:12:39.364765,388.42999267578125,2.199981689453125,386.2300109863281,392.82000732421875,384.0199890136719,23694500
TSLA,2026-05-06T12:12:39.656228,389.3699951171875,-5.82000732421875,395.19000244140625,402.1199951171875,389.0,47443000
NVDA,2026-05-06T12:12:39.948736,196.5,-2.8000030517578125,199.3000030517578,200.24000549316406,196.02999877929688,111816100
ETH-USD,2026-05-06T12:12:40.243444,2408.830078125,48.17529296875,2360.65478515625,2419.62060546875,2355.900390625,20560451584
^NSEI,2026-05-06T12:12:47.871583,24330.94921875,159.94921875,24171.0,24356.5,23997.900390625,0
^BSESN,2026-05-06T12:12:48.213988,77958.5234375,534.1640625,77424.359375,78022.78125,76773.25,0
BTC-USD,2026-05-06T12:12:48.447096,82322.03125,1421.2578125,80900.7734375,82749.0625,80803.703125,44118052864
RELIANCE.NS,2026-05-06T12:12:48.861607,1437.9000244140625,-25.0999755859375,1463.0,1473.300048828125,1427.5,14216093
TCS.NS,2026-05-06T12:12:49.179607,2435.39990234375,-6.5,2441.89990234375,2471.0,2406.5,3147119
HDFCBANK.NS,2026-05-06T12:12:49.497690,796.5499877929688,21.39996337890625,775.1500244140625,798.9500122070312,773.5,35523133
INFY.NS,2026-05-06T12:12:49.864766,1167.199951171875,-19.800048828125,1187.0,1191.5,1164.0999755859375,9853421
AAPL,2026-05-06T12:12:50.331194,284.17999267578125,7.25,276.92999267578125,284.57000732421875,276.5,49101300
MSFT,2026-05-06T12:12:50.769722,411.3800048828125,-3.94000244140625,415.32000732421875,416.7799987792969,408.79998779296875,25561500
GOOGL,2026-05-06T12:12:51.095046,388.42999267578125,2.199981689453125,386.2300109863281,392.82000732421875,384.0199890136719,23694500
TSLA,2026-05-06T12:12:51.392288,389.3699951171875,-5.82000732421875,395.19000244140625,402.1199951171875,389.0,47443000
NVDA,2026-05-06T12:12:51.748228,196.5,-2.8000030517578125,199.3000030517578,200.24000549316406,196.02999877929688,111816100
ETH-USD,2026-05-06T12:12:52.004102,2408.179931640625,47.525146484375,2360.65478515625,2419.62060546875,2355.900390625,20560451584
^NSEI,2026-05-06T12:12:59.847601,24330.94921875,159.94921875,24171.0,24356.5,23997.900390625,0
^BSESN,2026-05-06T12:13:00.147267,77958.5234375,534.1640625,77424.359375,78022.78125,76773.25,0
BTC-USD,2026-05-06T12:13:00.415767,82312.703125,1411.9296875,80900.7734375,82749.0625,80803.703125,44118052864
RELIANCE.NS,2026-05-06T12:13:00.714074,1437.9000244140625,-25.0999755859375,1463.0,1473.300048828125,1427.5,14216093
TCS.NS,2026-05-06T12:13:01.037128,2435.39990234375,-6.5,2441.89990234375,2471.0,2406.5,3147119
HDFCBANK.NS,2026-05-06T12:13:01.349753,796.5499877929688,21.39996337890625,775.1500244140625,798.9500122070312,773.5,35523133
INFY.NS,2026-05-06T12:13:01.638849,1167.199951171875,-19.800048828125,1187.0,1191.5,1164.0999755859375,9853421
AAPL,2026-05-06T12:13:02.025956,284.17999267578125,7.25,276.92999267578125,284.57000732421875,276.5,49101300
MSFT,2026-05-06T12:13:02.360524,411.3800048828125,-3.94000244140625,415.32000732421875,416.7799987792969,408.79998779296875,25561500
GOOGL,2026-05-06T12:13:02.614350,388.42999267578125,2.199981689453125,386.2300109863281,392.82000732421875,384.0199890136719,23694500
TSLA,2026-05-06T12:13:02.929125,389.3699951171875,-5.82000732421875,395.19000244140625,402.1199951171875,389.0,47443000
NVDA,2026-05-06T12:13:03.218969,196.5,-2.8000030517578125,199.3000030517578,200.24000549316406,196.02999877929688,111816100
ETH-USD,2026-05-06T12:13:03.466197,2408.550048828125,47.895263671875,2360.65478515625,2419.62060546875,2355.900390625,20560451584
^NSEI,2026-05-06T12:13:15.234448,24330.94921875,159.94921875,24171.0,24356.5,23997.900390625,0
^BSESN,2026-05-06T12:13:15.549081,77958.5234375,534.1640625,77424.359375,78022.78125,76773.25,0
BTC-USD,2026-05-06T12:13:15.730525,82344.8828125,1444.109375,80900.7734375,82749.0625,80803.703125,44118052864
RELIANCE.NS,2026-05-06T12:13:16.096632,1437.9000244140625,-25.0999755859375,1463.0,1473.300048828125,1427.5,14216093
TCS.NS,2026-05-06T12:13:16.422041,2435.39990234375,-6.5,2441.89990234375,2471.0,2406.5,3147119
HDFCBANK.NS,2026-05-06T12:13:16.701366,796.5499877929688,21.39996337890625,775.1500244140625,798.9500122070312,773.5,35523133
INFY.NS,2026-05-06T12:13:16.985731,1167.199951171875,-19.800048828125,1187.0,1191.5,1164.0999755859375,9853421
AAPL,2026-05-06T12:13:17.361622,284.17999267578125,7.25,276.92999267578125,284.57000732421875,276.5,49101300
MSFT,2026-05-06T12:13:17.673890,411.3800048828125,-3.94000244140625,415.32000732421875,416.7799987792969,408.79998779296875,25561500
GOOGL,2026-05-06T12:13:17.952134,388.42999267578125,2.199981689453125,386.2300109863281,392.82000732421875,384.0199890136719,23694500
TSLA,2026-05-06T12:13:18.161542,389.3699951171875,-5.82000732421875,395.19000244140625,402.1199951171875,389.0,47443000
NVDA,2026-05-06T12:13:18.408317,196.5,-2.8000030517578125,199.3000030517578,200.24000549316406,196.02999877929688,111816100
ETH-USD,2026-05-06T12:13:18.641138,2409.47998046875,48.8251953125,2360.65478515625,2419.62060546875,2355.900390625,20560451584
^NSEI,2026-05-06T12:13:26.440185,24330.94921875,159.94921875,24171.0,24356.5,23997.900390625,0
^BSESN,2026-05-06T12:13:26.890260,77958.5234375,534.1640625,77424.359375,78022.78125,76773.25,0
BTC-USD,2026-05-06T12:13:27.158661,82333.7265625,1432.953125,80900.7734375,82749.0625,80803.703125,44120449024
RELIANCE.NS,2026-05-06T12:13:27.498178,1437.9000244140625,-25.0999755859375,1463.0,1473.300048828125,1427.5,14216093
TCS.NS,2026-05-06T12:13:27.808623,2435.39990234375,-6.5,2441.89990234375,2471.0,2406.5,3147119
HDFCBANK.NS,2026-05-06T12:13:28.090432,796.5499877929688,21.39996337890625,775.1500244140625,798.9500122070312,773.5,35523133
INFY.NS,2026-05-06T12:13:28.390192,1167.199951171875,-19.800048828125,1187.0,1191.5,1164.0999755859375,9853421
AAPL,2026-05-06T12:13:28.750127,284.17999267578125,7.25,276.92999267578125,284.57000732421875,276.5,49101300
MSFT,2026-05-06T12:13:29.105086,411.3800048828125,-3.94000244140625,415.32000732421875,416.7799987792969,408.79998779296875,25561500
GOOGL,2026-05-06T12:13:29.372443,388.42999267578125,2.199981689453125,386.2300109863281,392.82000732421875,384.0199890136719,23694500
TSLA,2026-05-06T12:13:29.673564,389.3699951171875,-5.82000732421875,395.19000244140625,402.1199951171875,389.0,47443000
NVDA,2026-05-06T12:13:30.000393,196.5,-2.8000030517578125,199.3000030517578,200.24000549316406,196.02999877929688,111816100
ETH-USD,2026-05-06T12:13:30.254511,2409.1298828125,48.47509765625,2360.65478515625,2419.62060546875,2355.900390625,20562151424
